series_id,industry_code,industry_name,supersector_code,seasonal_code,datatype_code,metric,year,period,period_name,value,footnote_codes,ingested_at
CES0000000001,00000000,Total nonfarm,00,S,01,all_employees_thousands,2026,M07,July,158858.0,P,2026-08-25 14:48:41.372731
CES0000000001,00000000,Total nonfarm,00,S,01,all_employees_thousands,2026,M06,June,158881.0,P,2026-08-25 14:48:41.372731
CES0000000001,00000000,Total nonfarm,00,S,01,all_employees_thousands,2026,M05,May,158861.0,,2026-08-25 14:48:41.372731
CES0000000001,00000000,Total nonfarm,00,S,01,all_employees_thousands,2026,M04,April,158798.0,,2026-08-25 14:48:41.372731
CES0000000001,00000000,Total nonfarm,00,S,01,all_employees_thousands,2026,M03,March,158650.0,,2026-08-25 14:48:41.372731
CES0000000001,00000000,Total nonfarm,00,S,01,all_employees_thousands,2026,M02,February,158436.0,,2026-08-25 14:48:41.372731
CES0000000001,00000000,Total nonfarm,00,S,01,all_employees_thousands,2026,M01,January,158592.0,,2026-08-25 14:48:41.372731
CES0000000001,00000000,Total nonfarm,00,S,01,all_employees_thousands,2025,M12,December,158432.0,,2026-08-25 14:48:41.372731
CES0000000001,00000000,Total nonfarm,00,S,01,all_employees_thousands,2025,M11,November,158449.0,,2026-08-25 14:48:41.372731
CES0000000001,00000000,Total nonfarm,00,S,01,all_employees_thousands,2025,M10,October,158408.0,,2026-08-25 14:48:41.372731
CES0000000001,00000000,Total nonfarm,00,S,01,all_employees_thousands,2025,M09,September,158548.0,,2026-08-25 14:48:41.372731
CES0000000001,00000000,Total nonfarm,00,S,01,all_employees_thousands,2025,M08,August,158472.0,,2026-08-25 14:48:41.372731
CES0000000001,00000000,Total nonfarm,00,S,01,all_employees_thousands,2025,M07,July,158542.0,,2026-08-25 14:48:41.372731
CES0000000001,00000000,Total nonfarm,00,S,01,all_employees_thousands,2025,M06,June,158478.0,,2026-08-25 14:48:41.372731
CES0000000001,00000000,Total nonfarm,00,S,01,all_employees_thousands,2025,M05,May,158498.0,,2026-08-25 14:48:41.372731
CES0000000001,00000000,Total nonfarm,00,S,01,all_employees_thousands,2025,M04,April,158485.0,,2026-08-25 14:48:41.372731
CES0000000001,00000000,Total nonfarm,00,S,01,all_employees_thousands,2025,M03,March,158377.0,,2026-08-25 14:48:41.372731
CES0000000001,00000000,Total nonfarm,00,S,01,all_employees_thousands,2025,M02,February,158310.0,,2026-08-25 14:48:41.372731
CES0000000001,00000000,Total nonfarm,00,S,01,all_employees_thousands,2025,M01,January,158268.0,,2026-08-25 14:48:41.372731
CES0000000001,00000000,Total nonfarm,00,S,01,all_employees_thousands,2024,M12,December,158316.0,,2026-08-25 14:48:41.372731
CES0000000001,00000000,Total nonfarm,00,S,01,all_employees_thousands,2024,M11,November,158079.0,,2026-08-25 14:48:41.372731
CES0000000001,00000000,Total nonfarm,00,S,01,all_employees_thousands,2024,M10,October,157945.0,,2026-08-25 14:48:41.372731
CES0000000001,00000000,Total nonfarm,00,S,01,all_employees_thousands,2024,M09,September,157912.0,,2026-08-25 14:48:41.372731
CES0000000001,00000000,Total nonfarm,00,S,01,all_employees_thousands,2024,M08,August,157757.0,,2026-08-25 14:48:41.372731
CES0000000001,00000000,Total nonfarm,00,S,01,all_employees_thousands,2024,M07,July,157748.0,,2026-08-25 14:48:41.372731
CES0000000001,00000000,Total nonfarm,00,S,01,all_employees_thousands,2024,M06,June,157695.0,,2026-08-25 14:48:41.372731
CES0000000001,00000000,Total nonfarm,00,S,01,all_employees_thousands,2024,M05,May,157608.0,,2026-08-25 14:48:41.372731
CES0000000001,00000000,Total nonfarm,00,S,01,all_employees_thousands,2024,M04,April,157530.0,,2026-08-25 14:48:41.372731
CES0000000001,00000000,Total nonfarm,00,S,01,all_employees_thousands,2024,M03,March,157466.0,,2026-08-25 14:48:41.372731
CES0000000001,00000000,Total nonfarm,00,S,01,all_employees_thousands,2024,M02,February,157238.0,,2026-08-25 14:48:41.372731
CES0000000001,00000000,Total nonfarm,00,S,01,all_employees_thousands,2024,M01,January,157032.0,,2026-08-25 14:48:41.372731
CES0000000001,00000000,Total nonfarm,00,S,01,all_employees_thousands,2023,M12,December,156857.0,,2026-08-25 14:48:41.372731
CES0000000001,00000000,Total nonfarm,00,S,01,all_employees_thousands,2023,M11,November,156703.0,,2026-08-25 14:48:41.372731
CES0000000001,00000000,Total nonfarm,00,S,01,all_employees_thousands,2023,M10,October,156576.0,,2026-08-25 14:48:41.372731
CES0000000001,00000000,Total nonfarm,00,S,01,all_employees_thousands,2023,M09,September,156417.0,,2026-08-25 14:48:41.372731
CES0000000001,00000000,Total nonfarm,00,S,01,all_employees_thousands,2023,M08,August,156261.0,,2026-08-25 14:48:41.372731
CES0000000001,00000000,Total nonfarm,00,S,01,all_employees_thousands,2023,M07,July,156043.0,,2026-08-25 14:48:41.372731
CES0000000001,00000000,Total nonfarm,00,S,01,all_employees_thousands,2023,M06,June,155880.0,,2026-08-25 14:48:41.372731
CES0000000001,00000000,Total nonfarm,00,S,01,all_employees_thousands,2023,M05,May,155655.0,,2026-08-25 14:48:41.372731
CES0000000001,00000000,Total nonfarm,00,S,01,all_employees_thousands,2023,M04,April,155375.0,,2026-08-25 14:48:41.372731
CES0000000001,00000000,Total nonfarm,00,S,01,all_employees_thousands,2023,M03,March,155134.0,,2026-08-25 14:48:41.372731
CES0000000001,00000000,Total nonfarm,00,S,01,all_employees_thousands,2023,M02,February,155066.0,,2026-08-25 14:48:41.372731
CES0000000001,00000000,Total nonfarm,00,S,01,all_employees_thousands,2023,M01,January,154776.0,,2026-08-25 14:48:41.372731
CES0000000001,00000000,Total nonfarm,00,S,01,all_employees_thousands,2022,M12,December,154342.0,,2026-08-25 14:48:41.372731
CES0000000001,00000000,Total nonfarm,00,S,01,all_employees_thousands,2022,M11,November,154242.0,,2026-08-25 14:48:41.372731
CES0000000001,00000000,Total nonfarm,00,S,01,all_employees_thousands,2022,M10,October,153939.0,,2026-08-25 14:48:41.372731
CES0000000001,00000000,Total nonfarm,00,S,01,all_employees_thousands,2022,M09,September,153582.0,,2026-08-25 14:48:41.372731
CES0000000001,00000000,Total nonfarm,00,S,01,all_employees_thousands,2022,M08,August,153362.0,,2026-08-25 14:48:41.372731
CES0000000001,00000000,Total nonfarm,00,S,01,all_employees_thousands,2022,M07,July,153072.0,,2026-08-25 14:48:41.372731
CES0000000001,00000000,Total nonfarm,00,S,01,all_employees_thousands,2022,M06,June,152358.0,,2026-08-25 14:48:41.372731
CES0000000001,00000000,Total nonfarm,00,S,01,all_employees_thousands,2022,M05,May,151924.0,,2026-08-25 14:48:41.372731
CES0000000001,00000000,Total nonfarm,00,S,01,all_employees_thousands,2022,M04,April,151623.0,,2026-08-25 14:48:41.372731
CES0000000001,00000000,Total nonfarm,00,S,01,all_employees_thousands,2022,M03,March,151315.0,,2026-08-25 14:48:41.372731
CES0000000001,00000000,Total nonfarm,00,S,01,all_employees_thousands,2022,M02,February,150825.0,,2026-08-25 14:48:41.372731
CES0000000001,00000000,Total nonfarm,00,S,01,all_employees_thousands,2022,M01,January,150006.0,,2026-08-25 14:48:41.372731
CES0000000001,00000000,Total nonfarm,00,S,01,all_employees_thousands,2021,M12,December,149816.0,,2026-08-25 14:48:41.372731
CES0000000001,00000000,Total nonfarm,00,S,01,all_employees_thousands,2021,M11,November,149230.0,,2026-08-25 14:48:41.372731
CES0000000001,00000000,Total nonfarm,00,S,01,all_employees_thousands,2021,M10,October,148572.0,,2026-08-25 14:48:41.372731
CES0000000001,00000000,Total nonfarm,00,S,01,all_employees_thousands,2021,M09,September,147771.0,,2026-08-25 14:48:41.372731
CES0000000001,00000000,Total nonfarm,00,S,01,all_employees_thousands,2021,M08,August,147314.0,,2026-08-25 14:48:41.372731
CES0000000001,00000000,Total nonfarm,00,S,01,all_employees_thousands,2021,M07,July,146762.0,,2026-08-25 14:48:41.372731
CES0000000001,00000000,Total nonfarm,00,S,01,all_employees_thousands,2021,M06,June,145820.0,,2026-08-25 14:48:41.372731
CES0000000001,00000000,Total nonfarm,00,S,01,all_employees_thousands,2021,M05,May,145065.0,,2026-08-25 14:48:41.372731
CES0000000001,00000000,Total nonfarm,00,S,01,all_employees_thousands,2021,M04,April,144587.0,,2026-08-25 14:48:41.372731
CES0000000001,00000000,Total nonfarm,00,S,01,all_employees_thousands,2021,M03,March,144232.0,,2026-08-25 14:48:41.372731
CES0000000001,00000000,Total nonfarm,00,S,01,all_employees_thousands,2021,M02,February,143380.0,,2026-08-25 14:48:41.372731
CES0000000001,00000000,Total nonfarm,00,S,01,all_employees_thousands,2021,M01,January,142863.0,,2026-08-25 14:48:41.372731
CES0500000001,05000000,Total private,05,S,01,all_employees_thousands,2026,M07,July,135588.0,P,2026-08-25 14:48:41.372731
CES0500000001,05000000,Total private,05,S,01,all_employees_thousands,2026,M06,June,135558.0,P,2026-08-25 14:48:41.372731
CES0500000001,05000000,Total private,05,S,01,all_employees_thousands,2026,M05,May,135528.0,,2026-08-25 14:48:41.372731
CES0500000001,05000000,Total private,05,S,01,all_employees_thousands,2026,M04,April,135467.0,,2026-08-25 14:48:41.372731
CES0500000001,05000000,Total private,05,S,01,all_employees_thousands,2026,M03,March,135317.0,,2026-08-25 14:48:41.372731
CES0500000001,05000000,Total private,05,S,01,all_employees_thousands,2026,M02,February,135115.0,,2026-08-25 14:48:41.372731
CES0500000001,05000000,Total private,05,S,01,all_employees_thousands,2026,M01,January,135263.0,,2026-08-25 14:48:41.372731
CES0500000001,05000000,Total private,05,S,01,all_employees_thousands,2025,M12,December,135083.0,,2026-08-25 14:48:41.372731
CES0500000001,05000000,Total private,05,S,01,all_employees_thousands,2025,M11,November,135090.0,,2026-08-25 14:48:41.372731
CES0500000001,05000000,Total private,05,S,01,all_employees_thousands,2025,M10,October,135018.0,,2026-08-25 14:48:41.372731
CES0500000001,05000000,Total private,05,S,01,all_employees_thousands,2025,M09,September,135005.0,,2026-08-25 14:48:41.372731
CES0500000001,05000000,Total private,05,S,01,all_employees_thousands,2025,M08,August,134937.0,,2026-08-25 14:48:41.372731
CES0500000001,05000000,Total private,05,S,01,all_employees_thousands,2025,M07,July,134957.0,,2026-08-25 14:48:41.372731
CES0500000001,05000000,Total private,05,S,01,all_employees_thousands,2025,M06,June,134892.0,,2026-08-25 14:48:41.372731
CES0500000001,05000000,Total private,05,S,01,all_employees_thousands,2025,M05,May,134937.0,,2026-08-25 14:48:41.372731
CES0500000001,05000000,Total private,05,S,01,all_employees_thousands,2025,M04,April,134917.0,,2026-08-25 14:48:41.372731
CES0500000001,05000000,Total private,05,S,01,all_employees_thousands,2025,M03,March,134818.0,,2026-08-25 14:48:41.372731
CES0500000001,05000000,Total private,05,S,01,all_employees_thousands,2025,M02,February,134751.0,,2026-08-25 14:48:41.372731
CES0500000001,05000000,Total private,05,S,01,all_employees_thousands,2025,M01,January,134711.0,,2026-08-25 14:48:41.372731
CES0500000001,05000000,Total private,05,S,01,all_employees_thousands,2024,M12,December,134787.0,,2026-08-25 14:48:41.372731
CES0500000001,05000000,Total private,05,S,01,all_employees_thousands,2024,M11,November,134575.0,,2026-08-25 14:48:41.372731
CES0500000001,05000000,Total private,05,S,01,all_employees_thousands,2024,M10,October,134459.0,,2026-08-25 14:48:41.372731
CES0500000001,05000000,Total private,05,S,01,all_employees_thousands,2024,M09,September,134463.0,,2026-08-25 14:48:41.372731
CES0500000001,05000000,Total private,05,S,01,all_employees_thousands,2024,M08,August,134321.0,,2026-08-25 14:48:41.372731
CES0500000001,05000000,Total private,05,S,01,all_employees_thousands,2024,M07,July,134348.0,,2026-08-25 14:48:41.372731
CES0500000001,05000000,Total private,05,S,01,all_employees_thousands,2024,M06,June,134356.0,,2026-08-25 14:48:41.372731
CES0500000001,05000000,Total private,05,S,01,all_employees_thousands,2024,M05,May,134278.0,,2026-08-25 14:48:41.372731
CES0500000001,05000000,Total private,05,S,01,all_employees_thousands,2024,M04,April,134233.0,,2026-08-25 14:48:41.372731
CES0500000001,05000000,Total private,05,S,01,all_employees_thousands,2024,M03,March,134170.0,,2026-08-25 14:48:41.372731
CES0500000001,05000000,Total private,05,S,01,all_employees_thousands,2024,M02,February,134027.0,,2026-08-25 14:48:41.372731
CES0500000001,05000000,Total private,05,S,01,all_employees_thousands,2024,M01,January,133892.0,,2026-08-25 14:48:41.372731
CES0500000001,05000000,Total private,05,S,01,all_employees_thousands,2023,M12,December,133766.0,,2026-08-25 14:48:41.372731
CES0500000001,05000000,Total private,05,S,01,all_employees_thousands,2023,M11,November,133667.0,,2026-08-25 14:48:41.372731
CES0500000001,05000000,Total private,05,S,01,all_employees_thousands,2023,M10,October,133583.0,,2026-08-25 14:48:41.372731
CES0500000001,05000000,Total private,05,S,01,all_employees_thousands,2023,M09,September,133469.0,,2026-08-25 14:48:41.372731
CES0500000001,05000000,Total private,05,S,01,all_employees_thousands,2023,M08,August,133354.0,,2026-08-25 14:48:41.372731
CES0500000001,05000000,Total private,05,S,01,all_employees_thousands,2023,M07,July,133206.0,,2026-08-25 14:48:41.372731
CES0500000001,05000000,Total private,05,S,01,all_employees_thousands,2023,M06,June,133088.0,,2026-08-25 14:48:41.372731
CES0500000001,05000000,Total private,05,S,01,all_employees_thousands,2023,M05,May,132933.0,,2026-08-25 14:48:41.372731
CES0500000001,05000000,Total private,05,S,01,all_employees_thousands,2023,M04,April,132733.0,,2026-08-25 14:48:41.372731
CES0500000001,05000000,Total private,05,S,01,all_employees_thousands,2023,M03,March,132554.0,,2026-08-25 14:48:41.372731
CES0500000001,05000000,Total private,05,S,01,all_employees_thousands,2023,M02,February,132528.0,,2026-08-25 14:48:41.372731
CES0500000001,05000000,Total private,05,S,01,all_employees_thousands,2023,M01,January,132292.0,,2026-08-25 14:48:41.372731
CES0500000001,05000000,Total private,05,S,01,all_employees_thousands,2022,M12,December,131977.0,,2026-08-25 14:48:41.372731
CES0500000001,05000000,Total private,05,S,01,all_employees_thousands,2022,M11,November,131863.0,,2026-08-25 14:48:41.372731
CES0500000001,05000000,Total private,05,S,01,all_employees_thousands,2022,M10,October,131646.0,,2026-08-25 14:48:41.372731
CES0500000001,05000000,Total private,05,S,01,all_employees_thousands,2022,M09,September,131285.0,,2026-08-25 14:48:41.372731
CES0500000001,05000000,Total private,05,S,01,all_employees_thousands,2022,M08,August,131056.0,,2026-08-25 14:48:41.372731
CES0500000001,05000000,Total private,05,S,01,all_employees_thousands,2022,M07,July,130766.0,,2026-08-25 14:48:41.372731
CES0500000001,05000000,Total private,05,S,01,all_employees_thousands,2022,M06,June,130216.0,,2026-08-25 14:48:41.372731
CES0500000001,05000000,Total private,05,S,01,all_employees_thousands,2022,M05,May,129799.0,,2026-08-25 14:48:41.372731
CES0500000001,05000000,Total private,05,S,01,all_employees_thousands,2022,M04,April,129554.0,,2026-08-25 14:48:41.372731
CES0500000001,05000000,Total private,05,S,01,all_employees_thousands,2022,M03,March,129282.0,,2026-08-25 14:48:41.372731
CES0500000001,05000000,Total private,05,S,01,all_employees_thousands,2022,M02,February,128793.0,,2026-08-25 14:48:41.372731
CES0500000001,05000000,Total private,05,S,01,all_employees_thousands,2022,M01,January,127957.0,,2026-08-25 14:48:41.372731
CES0500000001,05000000,Total private,05,S,01,all_employees_thousands,2021,M12,December,127754.0,,2026-08-25 14:48:41.372731
CES0500000001,05000000,Total private,05,S,01,all_employees_thousands,2021,M11,November,127184.0,,2026-08-25 14:48:41.372731
CES0500000001,05000000,Total private,05,S,01,all_employees_thousands,2021,M10,October,126545.0,,2026-08-25 14:48:41.372731
CES0500000001,05000000,Total private,05,S,01,all_employees_thousands,2021,M09,September,125669.0,,2026-08-25 14:48:41.372731
CES0500000001,05000000,Total private,05,S,01,all_employees_thousands,2021,M08,August,125178.0,,2026-08-25 14:48:41.372731
CES0500000001,05000000,Total private,05,S,01,all_employees_thousands,2021,M07,July,124723.0,,2026-08-25 14:48:41.372731
CES0500000001,05000000,Total private,05,S,01,all_employees_thousands,2021,M06,June,123789.0,,2026-08-25 14:48:41.372731
CES0500000001,05000000,Total private,05,S,01,all_employees_thousands,2021,M05,May,123136.0,,2026-08-25 14:48:41.372731
CES0500000001,05000000,Total private,05,S,01,all_employees_thousands,2021,M04,April,122694.0,,2026-08-25 14:48:41.372731
CES0500000001,05000000,Total private,05,S,01,all_employees_thousands,2021,M03,March,122388.0,,2026-08-25 14:48:41.372731
CES0500000001,05000000,Total private,05,S,01,all_employees_thousands,2021,M02,February,121626.0,,2026-08-25 14:48:41.372731
CES0500000001,05000000,Total private,05,S,01,all_employees_thousands,2021,M01,January,121122.0,,2026-08-25 14:48:41.372731
CES0500000002,05000000,Total private,05,S,02,avg_weekly_hours,2026,M07,July,34.3,P,2026-08-25 14:48:41.372731
CES0500000002,05000000,Total private,05,S,02,avg_weekly_hours,2026,M06,June,34.3,P,2026-08-25 14:48:41.372731
CES0500000002,05000000,Total private,05,S,02,avg_weekly_hours,2026,M05,May,34.3,,2026-08-25 14:48:41.372731
CES0500000002,05000000,Total private,05,S,02,avg_weekly_hours,2026,M04,April,34.3,,2026-08-25 14:48:41.372731
CES0500000002,05000000,Total private,05,S,02,avg_weekly_hours,2026,M03,March,34.2,,2026-08-25 14:48:41.372731
CES0500000002,05000000,Total private,05,S,02,avg_weekly_hours,2026,M02,February,34.3,,2026-08-25 14:48:41.372731
CES0500000002,05000000,Total private,05,S,02,avg_weekly_hours,2026,M01,January,34.3,,2026-08-25 14:48:41.372731
CES0500000002,05000000,Total private,05,S,02,avg_weekly_hours,2025,M12,December,34.2,,2026-08-25 14:48:41.372731
CES0500000002,05000000,Total private,05,S,02,avg_weekly_hours,2025,M11,November,34.3,,2026-08-25 14:48:41.372731
CES0500000002,05000000,Total private,05,S,02,avg_weekly_hours,2025,M10,October,34.2,,2026-08-25 14:48:41.372731
CES0500000002,05000000,Total private,05,S,02,avg_weekly_hours,2025,M09,September,34.2,,2026-08-25 14:48:41.372731
CES0500000002,05000000,Total private,05,S,02,avg_weekly_hours,2025,M08,August,34.2,,2026-08-25 14:48:41.372731
CES0500000002,05000000,Total private,05,S,02,avg_weekly_hours,2025,M07,July,34.2,,2026-08-25 14:48:41.372731
CES0500000002,05000000,Total private,05,S,02,avg_weekly_hours,2025,M06,June,34.2,,2026-08-25 14:48:41.372731
CES0500000002,05000000,Total private,05,S,02,avg_weekly_hours,2025,M05,May,34.2,,2026-08-25 14:48:41.372731
CES0500000002,05000000,Total private,05,S,02,avg_weekly_hours,2025,M04,April,34.3,,2026-08-25 14:48:41.372731
CES0500000002,05000000,Total private,05,S,02,avg_weekly_hours,2025,M03,March,34.2,,2026-08-25 14:48:41.372731
CES0500000002,05000000,Total private,05,S,02,avg_weekly_hours,2025,M02,February,34.2,,2026-08-25 14:48:41.372731
CES0500000002,05000000,Total private,05,S,02,avg_weekly_hours,2025,M01,January,34.1,,2026-08-25 14:48:41.372731
CES0500000002,05000000,Total private,05,S,02,avg_weekly_hours,2024,M12,December,34.3,,2026-08-25 14:48:41.372731
CES0500000002,05000000,Total private,05,S,02,avg_weekly_hours,2024,M11,November,34.3,,2026-08-25 14:48:41.372731
CES0500000002,05000000,Total private,05,S,02,avg_weekly_hours,2024,M10,October,34.2,,2026-08-25 14:48:41.372731
CES0500000002,05000000,Total private,05,S,02,avg_weekly_hours,2024,M09,September,34.3,,2026-08-25 14:48:41.372731
CES0500000002,05000000,Total private,05,S,02,avg_weekly_hours,2024,M08,August,34.3,,2026-08-25 14:48:41.372731
CES0500000002,05000000,Total private,05,S,02,avg_weekly_hours,2024,M07,July,34.2,,2026-08-25 14:48:41.372731
CES0500000002,05000000,Total private,05,S,02,avg_weekly_hours,2024,M06,June,34.3,,2026-08-25 14:48:41.372731
CES0500000002,05000000,Total private,05,S,02,avg_weekly_hours,2024,M05,May,34.3,,2026-08-25 14:48:41.372731
CES0500000002,05000000,Total private,05,S,02,avg_weekly_hours,2024,M04,April,34.2,,2026-08-25 14:48:41.372731
CES0500000002,05000000,Total private,05,S,02,avg_weekly_hours,2024,M03,March,34.4,,2026-08-25 14:48:41.372731
CES0500000002,05000000,Total private,05,S,02,avg_weekly_hours,2024,M02,February,34.4,,2026-08-25 14:48:41.372731
CES0500000002,05000000,Total private,05,S,02,avg_weekly_hours,2024,M01,January,34.2,,2026-08-25 14:48:41.372731
CES0500000002,05000000,Total private,05,S,02,avg_weekly_hours,2023,M12,December,34.4,,2026-08-25 14:48:41.372731
CES0500000002,05000000,Total private,05,S,02,avg_weekly_hours,2023,M11,November,34.4,,2026-08-25 14:48:41.372731
CES0500000002,05000000,Total private,05,S,02,avg_weekly_hours,2023,M10,October,34.3,,2026-08-25 14:48:41.372731
CES0500000002,05000000,Total private,05,S,02,avg_weekly_hours,2023,M09,September,34.4,,2026-08-25 14:48:41.372731
CES0500000002,05000000,Total private,05,S,02,avg_weekly_hours,2023,M08,August,34.4,,2026-08-25 14:48:41.372731
CES0500000002,05000000,Total private,05,S,02,avg_weekly_hours,2023,M07,July,34.3,,2026-08-25 14:48:41.372731
CES0500000002,05000000,Total private,05,S,02,avg_weekly_hours,2023,M06,June,34.4,,2026-08-25 14:48:41.372731
CES0500000002,05000000,Total private,05,S,02,avg_weekly_hours,2023,M05,May,34.4,,2026-08-25 14:48:41.372731
CES0500000002,05000000,Total private,05,S,02,avg_weekly_hours,2023,M04,April,34.4,,2026-08-25 14:48:41.372731
CES0500000002,05000000,Total private,05,S,02,avg_weekly_hours,2023,M03,March,34.4,,2026-08-25 14:48:41.372731
CES0500000002,05000000,Total private,05,S,02,avg_weekly_hours,2023,M02,February,34.5,,2026-08-25 14:48:41.372731
CES0500000002,05000000,Total private,05,S,02,avg_weekly_hours,2023,M01,January,34.6,,2026-08-25 14:48:41.372731
CES0500000002,05000000,Total private,05,S,02,avg_weekly_hours,2022,M12,December,34.4,,2026-08-25 14:48:41.372731
CES0500000002,05000000,Total private,05,S,02,avg_weekly_hours,2022,M11,November,34.5,,2026-08-25 14:48:41.372731
CES0500000002,05000000,Total private,05,S,02,avg_weekly_hours,2022,M10,October,34.6,,2026-08-25 14:48:41.372731
CES0500000002,05000000,Total private,05,S,02,avg_weekly_hours,2022,M09,September,34.6,,2026-08-25 14:48:41.372731
CES0500000002,05000000,Total private,05,S,02,avg_weekly_hours,2022,M08,August,34.5,,2026-08-25 14:48:41.372731
CES0500000002,05000000,Total private,05,S,02,avg_weekly_hours,2022,M07,July,34.6,,2026-08-25 14:48:41.372731
CES0500000002,05000000,Total private,05,S,02,avg_weekly_hours,2022,M06,June,34.6,,2026-08-25 14:48:41.372731
CES0500000002,05000000,Total private,05,S,02,avg_weekly_hours,2022,M05,May,34.6,,2026-08-25 14:48:41.372731
CES0500000002,05000000,Total private,05,S,02,avg_weekly_hours,2022,M04,April,34.6,,2026-08-25 14:48:41.372731
CES0500000002,05000000,Total private,05,S,02,avg_weekly_hours,2022,M03,March,34.7,,2026-08-25 14:48:41.372731
CES0500000002,05000000,Total private,05,S,02,avg_weekly_hours,2022,M02,February,34.7,,2026-08-25 14:48:41.372731
CES0500000002,05000000,Total private,05,S,02,avg_weekly_hours,2022,M01,January,34.5,,2026-08-25 14:48:41.372731
CES0500000002,05000000,Total private,05,S,02,avg_weekly_hours,2021,M12,December,34.9,,2026-08-25 14:48:41.372731
CES0500000002,05000000,Total private,05,S,02,avg_weekly_hours,2021,M11,November,34.8,,2026-08-25 14:48:41.372731
CES0500000002,05000000,Total private,05,S,02,avg_weekly_hours,2021,M10,October,34.7,,2026-08-25 14:48:41.372731
CES0500000002,05000000,Total private,05,S,02,avg_weekly_hours,2021,M09,September,34.8,,2026-08-25 14:48:41.372731
CES0500000002,05000000,Total private,05,S,02,avg_weekly_hours,2021,M08,August,34.8,,2026-08-25 14:48:41.372731
CES0500000002,05000000,Total private,05,S,02,avg_weekly_hours,2021,M07,July,34.8,,2026-08-25 14:48:41.372731
CES0500000002,05000000,Total private,05,S,02,avg_weekly_hours,2021,M06,June,34.8,,2026-08-25 14:48:41.372731
CES0500000002,05000000,Total private,05,S,02,avg_weekly_hours,2021,M05,May,34.9,,2026-08-25 14:48:41.372731
CES0500000002,05000000,Total private,05,S,02,avg_weekly_hours,2021,M04,April,34.9,,2026-08-25 14:48:41.372731
CES0500000002,05000000,Total private,05,S,02,avg_weekly_hours,2021,M03,March,34.9,,2026-08-25 14:48:41.372731
CES0500000002,05000000,Total private,05,S,02,avg_weekly_hours,2021,M02,February,34.6,,2026-08-25 14:48:41.372731
CES0500000002,05000000,Total private,05,S,02,avg_weekly_hours,2021,M01,January,35.0,,2026-08-25 14:48:41.372731
CES0500000003,05000000,Total private,05,S,03,avg_hourly_earnings,2026,M07,July,37.62,P,2026-08-25 14:48:41.372731
CES0500000003,05000000,Total private,05,S,03,avg_hourly_earnings,2026,M06,June,37.6,P,2026-08-25 14:48:41.372731
CES0500000003,05000000,Total private,05,S,03,avg_hourly_earnings,2026,M05,May,37.49,,2026-08-25 14:48:41.372731
CES0500000003,05000000,Total private,05,S,03,avg_hourly_earnings,2026,M04,April,37.41,,2026-08-25 14:48:41.372731
CES0500000003,05000000,Total private,05,S,03,avg_hourly_earnings,2026,M03,March,37.35,,2026-08-25 14:48:41.372731
CES0500000003,05000000,Total private,05,S,03,avg_hourly_earnings,2026,M02,February,37.27,,2026-08-25 14:48:41.372731
CES0500000003,05000000,Total private,05,S,03,avg_hourly_earnings,2026,M01,January,37.15,,2026-08-25 14:48:41.372731
CES0500000003,05000000,Total private,05,S,03,avg_hourly_earnings,2025,M12,December,37.02,,2026-08-25 14:48:41.372731
CES0500000003,05000000,Total private,05,S,03,avg_hourly_earnings,2025,M11,November,37.0,,2026-08-25 14:48:41.372731
CES0500000003,05000000,Total private,05,S,03,avg_hourly_earnings,2025,M10,October,36.85,,2026-08-25 14:48:41.372731
CES0500000003,05000000,Total private,05,S,03,avg_hourly_earnings,2025,M09,September,36.7,,2026-08-25 14:48:41.372731
CES0500000003,05000000,Total private,05,S,03,avg_hourly_earnings,2025,M08,August,36.62,,2026-08-25 14:48:41.372731
CES0500000003,05000000,Total private,05,S,03,avg_hourly_earnings,2025,M07,July,36.47,,2026-08-25 14:48:41.372731
CES0500000003,05000000,Total private,05,S,03,avg_hourly_earnings,2025,M06,June,36.36,,2026-08-25 14:48:41.372731
CES0500000003,05000000,Total private,05,S,03,avg_hourly_earnings,2025,M05,May,36.28,,2026-08-25 14:48:41.372731
CES0500000003,05000000,Total private,05,S,03,avg_hourly_earnings,2025,M04,April,36.12,,2026-08-25 14:48:41.372731
CES0500000003,05000000,Total private,05,S,03,avg_hourly_earnings,2025,M03,March,36.11,,2026-08-25 14:48:41.372731
CES0500000003,05000000,Total private,05,S,03,avg_hourly_earnings,2025,M02,February,35.94,,2026-08-25 14:48:41.372731
CES0500000003,05000000,Total private,05,S,03,avg_hourly_earnings,2025,M01,January,35.84,,2026-08-25 14:48:41.372731
CES0500000003,05000000,Total private,05,S,03,avg_hourly_earnings,2024,M12,December,35.69,,2026-08-25 14:48:41.372731
CES0500000003,05000000,Total private,05,S,03,avg_hourly_earnings,2024,M11,November,35.6,,2026-08-25 14:48:41.372731
CES0500000003,05000000,Total private,05,S,03,avg_hourly_earnings,2024,M10,October,35.46,,2026-08-25 14:48:41.372731
CES0500000003,05000000,Total private,05,S,03,avg_hourly_earnings,2024,M09,September,35.34,,2026-08-25 14:48:41.372731
CES0500000003,05000000,Total private,05,S,03,avg_hourly_earnings,2024,M08,August,35.22,,2026-08-25 14:48:41.372731
CES0500000003,05000000,Total private,05,S,03,avg_hourly_earnings,2024,M07,July,35.08,,2026-08-25 14:48:41.372731
CES0500000003,05000000,Total private,05,S,03,avg_hourly_earnings,2024,M06,June,35.01,,2026-08-25 14:48:41.372731
CES0500000003,05000000,Total private,05,S,03,avg_hourly_earnings,2024,M05,May,34.89,,2026-08-25 14:48:41.372731
CES0500000003,05000000,Total private,05,S,03,avg_hourly_earnings,2024,M04,April,34.76,,2026-08-25 14:48:41.372731
CES0500000003,05000000,Total private,05,S,03,avg_hourly_earnings,2024,M03,March,34.65,,2026-08-25 14:48:41.372731
CES0500000003,05000000,Total private,05,S,03,avg_hourly_earnings,2024,M02,February,34.52,,2026-08-25 14:48:41.372731
CES0500000003,05000000,Total private,05,S,03,avg_hourly_earnings,2024,M01,January,34.47,,2026-08-25 14:48:41.372731
CES0500000003,05000000,Total private,05,S,03,avg_hourly_earnings,2023,M12,December,34.29,,2026-08-25 14:48:41.372731
CES0500000003,05000000,Total private,05,S,03,avg_hourly_earnings,2023,M11,November,34.17,,2026-08-25 14:48:41.372731
CES0500000003,05000000,Total private,05,S,03,avg_hourly_earnings,2023,M10,October,34.08,,2026-08-25 14:48:41.372731
CES0500000003,05000000,Total private,05,S,03,avg_hourly_earnings,2023,M09,September,34.01,,2026-08-25 14:48:41.372731
CES0500000003,05000000,Total private,05,S,03,avg_hourly_earnings,2023,M08,August,33.89,,2026-08-25 14:48:41.372731
CES0500000003,05000000,Total private,05,S,03,avg_hourly_earnings,2023,M07,July,33.85,,2026-08-25 14:48:41.372731
CES0500000003,05000000,Total private,05,S,03,avg_hourly_earnings,2023,M06,June,33.69,,2026-08-25 14:48:41.372731
CES0500000003,05000000,Total private,05,S,03,avg_hourly_earnings,2023,M05,May,33.5,,2026-08-25 14:48:41.372731
CES0500000003,05000000,Total private,05,S,03,avg_hourly_earnings,2023,M04,April,33.43,,2026-08-25 14:48:41.372731
CES0500000003,05000000,Total private,05,S,03,avg_hourly_earnings,2023,M03,March,33.27,,2026-08-25 14:48:41.372731
CES0500000003,05000000,Total private,05,S,03,avg_hourly_earnings,2023,M02,February,33.15,,2026-08-25 14:48:41.372731
CES0500000003,05000000,Total private,05,S,03,avg_hourly_earnings,2023,M01,January,33.02,,2026-08-25 14:48:41.372731
CES0500000003,05000000,Total private,05,S,03,avg_hourly_earnings,2022,M12,December,32.94,,2026-08-25 14:48:41.372731
CES0500000003,05000000,Total private,05,S,03,avg_hourly_earnings,2022,M11,November,32.82,,2026-08-25 14:48:41.372731
CES0500000003,05000000,Total private,05,S,03,avg_hourly_earnings,2022,M10,October,32.7,,2026-08-25 14:48:41.372731
CES0500000003,05000000,Total private,05,S,03,avg_hourly_earnings,2022,M09,September,32.57,,2026-08-25 14:48:41.372731
CES0500000003,05000000,Total private,05,S,03,avg_hourly_earnings,2022,M08,August,32.44,,2026-08-25 14:48:41.372731
CES0500000003,05000000,Total private,05,S,03,avg_hourly_earnings,2022,M07,July,32.34,,2026-08-25 14:48:41.372731
CES0500000003,05000000,Total private,05,S,03,avg_hourly_earnings,2022,M06,June,32.19,,2026-08-25 14:48:41.372731
CES0500000003,05000000,Total private,05,S,03,avg_hourly_earnings,2022,M05,May,32.1,,2026-08-25 14:48:41.372731
CES0500000003,05000000,Total private,05,S,03,avg_hourly_earnings,2022,M04,April,31.96,,2026-08-25 14:48:41.372731
CES0500000003,05000000,Total private,05,S,03,avg_hourly_earnings,2022,M03,March,31.8,,2026-08-25 14:48:41.372731
CES0500000003,05000000,Total private,05,S,03,avg_hourly_earnings,2022,M02,February,31.64,,2026-08-25 14:48:41.372731
CES0500000003,05000000,Total private,05,S,03,avg_hourly_earnings,2022,M01,January,31.6,,2026-08-25 14:48:41.372731
CES0500000003,05000000,Total private,05,S,03,avg_hourly_earnings,2021,M12,December,31.39,,2026-08-25 14:48:41.372731
CES0500000003,05000000,Total private,05,S,03,avg_hourly_earnings,2021,M11,November,31.23,,2026-08-25 14:48:41.372731
CES0500000003,05000000,Total private,05,S,03,avg_hourly_earnings,2021,M10,October,31.14,,2026-08-25 14:48:41.372731
CES0500000003,05000000,Total private,05,S,03,avg_hourly_earnings,2021,M09,September,30.98,,2026-08-25 14:48:41.372731
CES0500000003,05000000,Total private,05,S,03,avg_hourly_earnings,2021,M08,August,30.78,,2026-08-25 14:48:41.372731
CES0500000003,05000000,Total private,05,S,03,avg_hourly_earnings,2021,M07,July,30.66,,2026-08-25 14:48:41.372731
CES0500000003,05000000,Total private,05,S,03,avg_hourly_earnings,2021,M06,June,30.54,,2026-08-25 14:48:41.372731
CES0500000003,05000000,Total private,05,S,03,avg_hourly_earnings,2021,M05,May,30.41,,2026-08-25 14:48:41.372731
CES0500000003,05000000,Total private,05,S,03,avg_hourly_earnings,2021,M04,April,30.22,,2026-08-25 14:48:41.372731
CES0500000003,05000000,Total private,05,S,03,avg_hourly_earnings,2021,M03,March,30.03,,2026-08-25 14:48:41.372731
CES0500000003,05000000,Total private,05,S,03,avg_hourly_earnings,2021,M02,February,30.05,,2026-08-25 14:48:41.372731
CES0500000003,05000000,Total private,05,S,03,avg_hourly_earnings,2021,M01,January,29.93,,2026-08-25 14:48:41.372731
CES0500000011,05000000,Total private,05,S,11,avg_weekly_earnings,2026,M07,July,1290.37,P,2026-08-25 14:48:41.372731
CES0500000011,05000000,Total private,05,S,11,avg_weekly_earnings,2026,M06,June,1289.68,P,2026-08-25 14:48:41.372731
CES0500000011,05000000,Total private,05,S,11,avg_weekly_earnings,2026,M05,May,1285.91,,2026-08-25 14:48:41.372731
CES0500000011,05000000,Total private,05,S,11,avg_weekly_earnings,2026,M04,April,1283.16,,2026-08-25 14:48:41.372731
CES0500000011,05000000,Total private,05,S,11,avg_weekly_earnings,2026,M03,March,1277.37,,2026-08-25 14:48:41.372731
CES0500000011,05000000,Total private,05,S,11,avg_weekly_earnings,2026,M02,February,1278.36,,2026-08-25 14:48:41.372731
CES0500000011,05000000,Total private,05,S,11,avg_weekly_earnings,2026,M01,January,1274.25,,2026-08-25 14:48:41.372731
CES0500000011,05000000,Total private,05,S,11,avg_weekly_earnings,2025,M12,December,1266.08,,2026-08-25 14:48:41.372731
CES0500000011,05000000,Total private,05,S,11,avg_weekly_earnings,2025,M11,November,1269.1,,2026-08-25 14:48:41.372731
CES0500000011,05000000,Total private,05,S,11,avg_weekly_earnings,2025,M10,October,1260.27,,2026-08-25 14:48:41.372731
CES0500000011,05000000,Total private,05,S,11,avg_weekly_earnings,2025,M09,September,1255.14,,2026-08-25 14:48:41.372731
CES0500000011,05000000,Total private,05,S,11,avg_weekly_earnings,2025,M08,August,1252.4,,2026-08-25 14:48:41.372731
CES0500000011,05000000,Total private,05,S,11,avg_weekly_earnings,2025,M07,July,1247.27,,2026-08-25 14:48:41.372731
CES0500000011,05000000,Total private,05,S,11,avg_weekly_earnings,2025,M06,June,1243.51,,2026-08-25 14:48:41.372731
CES0500000011,05000000,Total private,05,S,11,avg_weekly_earnings,2025,M05,May,1240.78,,2026-08-25 14:48:41.372731
CES0500000011,05000000,Total private,05,S,11,avg_weekly_earnings,2025,M04,April,1238.92,,2026-08-25 14:48:41.372731
CES0500000011,05000000,Total private,05,S,11,avg_weekly_earnings,2025,M03,March,1234.96,,2026-08-25 14:48:41.372731
CES0500000011,05000000,Total private,05,S,11,avg_weekly_earnings,2025,M02,February,1229.15,,2026-08-25 14:48:41.372731
CES0500000011,05000000,Total private,05,S,11,avg_weekly_earnings,2025,M01,January,1222.14,,2026-08-25 14:48:41.372731
CES0500000011,05000000,Total private,05,S,11,avg_weekly_earnings,2024,M12,December,1224.17,,2026-08-25 14:48:41.372731
CES0500000011,05000000,Total private,05,S,11,avg_weekly_earnings,2024,M11,November,1221.08,,2026-08-25 14:48:41.372731
CES0500000011,05000000,Total private,05,S,11,avg_weekly_earnings,2024,M10,October,1212.73,,2026-08-25 14:48:41.372731
CES0500000011,05000000,Total private,05,S,11,avg_weekly_earnings,2024,M09,September,1212.16,,2026-08-25 14:48:41.372731
CES0500000011,05000000,Total private,05,S,11,avg_weekly_earnings,2024,M08,August,1208.05,,2026-08-25 14:48:41.372731
CES0500000011,05000000,Total private,05,S,11,avg_weekly_earnings,2024,M07,July,1199.74,,2026-08-25 14:48:41.372731
CES0500000011,05000000,Total private,05,S,11,avg_weekly_earnings,2024,M06,June,1200.84,,2026-08-25 14:48:41.372731
CES0500000011,05000000,Total private,05,S,11,avg_weekly_earnings,2024,M05,May,1196.73,,2026-08-25 14:48:41.372731
CES0500000011,05000000,Total private,05,S,11,avg_weekly_earnings,2024,M04,April,1188.79,,2026-08-25 14:48:41.372731
CES0500000011,05000000,Total private,05,S,11,avg_weekly_earnings,2024,M03,March,1191.96,,2026-08-25 14:48:41.372731
CES0500000011,05000000,Total private,05,S,11,avg_weekly_earnings,2024,M02,February,1187.49,,2026-08-25 14:48:41.372731
CES0500000011,05000000,Total private,05,S,11,avg_weekly_earnings,2024,M01,January,1178.87,,2026-08-25 14:48:41.372731
CES0500000011,05000000,Total private,05,S,11,avg_weekly_earnings,2023,M12,December,1179.58,,2026-08-25 14:48:41.372731
CES0500000011,05000000,Total private,05,S,11,avg_weekly_earnings,2023,M11,November,1175.45,,2026-08-25 14:48:41.372731
CES0500000011,05000000,Total private,05,S,11,avg_weekly_earnings,2023,M10,October,1168.94,,2026-08-25 14:48:41.372731
CES0500000011,05000000,Total private,05,S,11,avg_weekly_earnings,2023,M09,September,1169.94,,2026-08-25 14:48:41.372731
CES0500000011,05000000,Total private,05,S,11,avg_weekly_earnings,2023,M08,August,1165.82,,2026-08-25 14:48:41.372731
CES0500000011,05000000,Total private,05,S,11,avg_weekly_earnings,2023,M07,July,1161.06,,2026-08-25 14:48:41.372731
CES0500000011,05000000,Total private,05,S,11,avg_weekly_earnings,2023,M06,June,1158.94,,2026-08-25 14:48:41.372731
CES0500000011,05000000,Total private,05,S,11,avg_weekly_earnings,2023,M05,May,1152.4,,2026-08-25 14:48:41.372731
CES0500000011,05000000,Total private,05,S,11,avg_weekly_earnings,2023,M04,April,1149.99,,2026-08-25 14:48:41.372731
CES0500000011,05000000,Total private,05,S,11,avg_weekly_earnings,2023,M03,March,1144.49,,2026-08-25 14:48:41.372731
CES0500000011,05000000,Total private,05,S,11,avg_weekly_earnings,2023,M02,February,1143.68,,2026-08-25 14:48:41.372731
CES0500000011,05000000,Total private,05,S,11,avg_weekly_earnings,2023,M01,January,1142.49,,2026-08-25 14:48:41.372731
CES0500000011,05000000,Total private,05,S,11,avg_weekly_earnings,2022,M12,December,1133.14,,2026-08-25 14:48:41.372731
CES0500000011,05000000,Total private,05,S,11,avg_weekly_earnings,2022,M11,November,1132.29,,2026-08-25 14:48:41.372731
CES0500000011,05000000,Total private,05,S,11,avg_weekly_earnings,2022,M10,October,1131.42,,2026-08-25 14:48:41.372731
CES0500000011,05000000,Total private,05,S,11,avg_weekly_earnings,2022,M09,September,1126.92,,2026-08-25 14:48:41.372731
CES0500000011,05000000,Total private,05,S,11,avg_weekly_earnings,2022,M08,August,1119.18,,2026-08-25 14:48:41.372731
CES0500000011,05000000,Total private,05,S,11,avg_weekly_earnings,2022,M07,July,1118.96,,2026-08-25 14:48:41.372731
CES0500000011,05000000,Total private,05,S,11,avg_weekly_earnings,2022,M06,June,1113.77,,2026-08-25 14:48:41.372731
CES0500000011,05000000,Total private,05,S,11,avg_weekly_earnings,2022,M05,May,1110.66,,2026-08-25 14:48:41.372731
CES0500000011,05000000,Total private,05,S,11,avg_weekly_earnings,2022,M04,April,1105.82,,2026-08-25 14:48:41.372731
CES0500000011,05000000,Total private,05,S,11,avg_weekly_earnings,2022,M03,March,1103.46,,2026-08-25 14:48:41.372731
CES0500000011,05000000,Total private,05,S,11,avg_weekly_earnings,2022,M02,February,1097.91,,2026-08-25 14:48:41.372731
CES0500000011,05000000,Total private,05,S,11,avg_weekly_earnings,2022,M01,January,1090.2,,2026-08-25 14:48:41.372731
CES0500000011,05000000,Total private,05,S,11,avg_weekly_earnings,2021,M12,December,1095.51,,2026-08-25 14:48:41.372731
CES0500000011,05000000,Total private,05,S,11,avg_weekly_earnings,2021,M11,November,1086.8,,2026-08-25 14:48:41.372731
CES0500000011,05000000,Total private,05,S,11,avg_weekly_earnings,2021,M10,October,1080.56,,2026-08-25 14:48:41.372731
CES0500000011,05000000,Total private,05,S,11,avg_weekly_earnings,2021,M09,September,1078.1,,2026-08-25 14:48:41.372731
CES0500000011,05000000,Total private,05,S,11,avg_weekly_earnings,2021,M08,August,1071.14,,2026-08-25 14:48:41.372731
CES0500000011,05000000,Total private,05,S,11,avg_weekly_earnings,2021,M07,July,1066.97,,2026-08-25 14:48:41.372731
CES0500000011,05000000,Total private,05,S,11,avg_weekly_earnings,2021,M06,June,1062.79,,2026-08-25 14:48:41.372731
CES0500000011,05000000,Total private,05,S,11,avg_weekly_earnings,2021,M05,May,1061.31,,2026-08-25 14:48:41.372731
CES0500000011,05000000,Total private,05,S,11,avg_weekly_earnings,2021,M04,April,1054.68,,2026-08-25 14:48:41.372731
CES0500000011,05000000,Total private,05,S,11,avg_weekly_earnings,2021,M03,March,1048.05,,2026-08-25 14:48:41.372731
CES0500000011,05000000,Total private,05,S,11,avg_weekly_earnings,2021,M02,February,1039.73,,2026-08-25 14:48:41.372731
CES0500000011,05000000,Total private,05,S,11,avg_weekly_earnings,2021,M01,January,1047.55,,2026-08-25 14:48:41.372731
CES1000000001,10000000,Mining and logging,10,S,01,all_employees_thousands,2026,M07,July,607.0,P,2026-08-25 14:48:41.372731
CES1000000001,10000000,Mining and logging,10,S,01,all_employees_thousands,2026,M06,June,609.0,P,2026-08-25 14:48:41.372731
CES1000000001,10000000,Mining and logging,10,S,01,all_employees_thousands,2026,M05,May,611.0,,2026-08-25 14:48:41.372731
CES1000000001,10000000,Mining and logging,10,S,01,all_employees_thousands,2026,M04,April,608.0,,2026-08-25 14:48:41.372731
CES1000000001,10000000,Mining and logging,10,S,01,all_employees_thousands,2026,M03,March,604.0,,2026-08-25 14:48:41.372731
CES1000000001,10000000,Mining and logging,10,S,01,all_employees_thousands,2026,M02,February,601.0,,2026-08-25 14:48:41.372731
CES1000000001,10000000,Mining and logging,10,S,01,all_employees_thousands,2026,M01,January,602.0,,2026-08-25 14:48:41.372731
CES1000000001,10000000,Mining and logging,10,S,01,all_employees_thousands,2025,M12,December,604.0,,2026-08-25 14:48:41.372731
CES1000000001,10000000,Mining and logging,10,S,01,all_employees_thousands,2025,M11,November,605.0,,2026-08-25 14:48:41.372731
CES1000000001,10000000,Mining and logging,10,S,01,all_employees_thousands,2025,M10,October,606.0,,2026-08-25 14:48:41.372731
CES1000000001,10000000,Mining and logging,10,S,01,all_employees_thousands,2025,M09,September,605.0,,2026-08-25 14:48:41.372731
CES1000000001,10000000,Mining and logging,10,S,01,all_employees_thousands,2025,M08,August,607.0,,2026-08-25 14:48:41.372731
CES1000000001,10000000,Mining and logging,10,S,01,all_employees_thousands,2025,M07,July,610.0,,2026-08-25 14:48:41.372731
CES1000000001,10000000,Mining and logging,10,S,01,all_employees_thousands,2025,M06,June,616.0,,2026-08-25 14:48:41.372731
CES1000000001,10000000,Mining and logging,10,S,01,all_employees_thousands,2025,M05,May,618.0,,2026-08-25 14:48:41.372731
CES1000000001,10000000,Mining and logging,10,S,01,all_employees_thousands,2025,M04,April,622.0,,2026-08-25 14:48:41.372731
CES1000000001,10000000,Mining and logging,10,S,01,all_employees_thousands,2025,M03,March,620.0,,2026-08-25 14:48:41.372731
CES1000000001,10000000,Mining and logging,10,S,01,all_employees_thousands,2025,M02,February,622.0,,2026-08-25 14:48:41.372731
CES1000000001,10000000,Mining and logging,10,S,01,all_employees_thousands,2025,M01,January,622.0,,2026-08-25 14:48:41.372731
CES1000000001,10000000,Mining and logging,10,S,01,all_employees_thousands,2024,M12,December,622.0,,2026-08-25 14:48:41.372731
CES1000000001,10000000,Mining and logging,10,S,01,all_employees_thousands,2024,M11,November,624.0,,2026-08-25 14:48:41.372731
CES1000000001,10000000,Mining and logging,10,S,01,all_employees_thousands,2024,M10,October,622.0,,2026-08-25 14:48:41.372731
CES1000000001,10000000,Mining and logging,10,S,01,all_employees_thousands,2024,M09,September,622.0,,2026-08-25 14:48:41.372731
CES1000000001,10000000,Mining and logging,10,S,01,all_employees_thousands,2024,M08,August,620.0,,2026-08-25 14:48:41.372731
CES1000000001,10000000,Mining and logging,10,S,01,all_employees_thousands,2024,M07,July,622.0,,2026-08-25 14:48:41.372731
CES1000000001,10000000,Mining and logging,10,S,01,all_employees_thousands,2024,M06,June,620.0,,2026-08-25 14:48:41.372731
CES1000000001,10000000,Mining and logging,10,S,01,all_employees_thousands,2024,M05,May,624.0,,2026-08-25 14:48:41.372731
CES1000000001,10000000,Mining and logging,10,S,01,all_employees_thousands,2024,M04,April,628.0,,2026-08-25 14:48:41.372731
CES1000000001,10000000,Mining and logging,10,S,01,all_employees_thousands,2024,M03,March,636.0,,2026-08-25 14:48:41.372731
CES1000000001,10000000,Mining and logging,10,S,01,all_employees_thousands,2024,M02,February,633.0,,2026-08-25 14:48:41.372731
CES1000000001,10000000,Mining and logging,10,S,01,all_employees_thousands,2024,M01,January,633.0,,2026-08-25 14:48:41.372731
CES1000000001,10000000,Mining and logging,10,S,01,all_employees_thousands,2023,M12,December,638.0,,2026-08-25 14:48:41.372731
CES1000000001,10000000,Mining and logging,10,S,01,all_employees_thousands,2023,M11,November,636.0,,2026-08-25 14:48:41.372731
CES1000000001,10000000,Mining and logging,10,S,01,all_employees_thousands,2023,M10,October,639.0,,2026-08-25 14:48:41.372731
CES1000000001,10000000,Mining and logging,10,S,01,all_employees_thousands,2023,M09,September,641.0,,2026-08-25 14:48:41.372731
CES1000000001,10000000,Mining and logging,10,S,01,all_employees_thousands,2023,M08,August,641.0,,2026-08-25 14:48:41.372731
CES1000000001,10000000,Mining and logging,10,S,01,all_employees_thousands,2023,M07,July,642.0,,2026-08-25 14:48:41.372731
CES1000000001,10000000,Mining and logging,10,S,01,all_employees_thousands,2023,M06,June,640.0,,2026-08-25 14:48:41.372731
CES1000000001,10000000,Mining and logging,10,S,01,all_employees_thousands,2023,M05,May,642.0,,2026-08-25 14:48:41.372731
CES1000000001,10000000,Mining and logging,10,S,01,all_employees_thousands,2023,M04,April,637.0,,2026-08-25 14:48:41.372731
CES1000000001,10000000,Mining and logging,10,S,01,all_employees_thousands,2023,M03,March,634.0,,2026-08-25 14:48:41.372731
CES1000000001,10000000,Mining and logging,10,S,01,all_employees_thousands,2023,M02,February,633.0,,2026-08-25 14:48:41.372731
CES1000000001,10000000,Mining and logging,10,S,01,all_employees_thousands,2023,M01,January,634.0,,2026-08-25 14:48:41.372731
CES1000000001,10000000,Mining and logging,10,S,01,all_employees_thousands,2022,M12,December,627.0,,2026-08-25 14:48:41.372731
CES1000000001,10000000,Mining and logging,10,S,01,all_employees_thousands,2022,M11,November,624.0,,2026-08-25 14:48:41.372731
CES1000000001,10000000,Mining and logging,10,S,01,all_employees_thousands,2022,M10,October,618.0,,2026-08-25 14:48:41.372731
CES1000000001,10000000,Mining and logging,10,S,01,all_employees_thousands,2022,M09,September,614.0,,2026-08-25 14:48:41.372731
CES1000000001,10000000,Mining and logging,10,S,01,all_employees_thousands,2022,M08,August,612.0,,2026-08-25 14:48:41.372731
CES1000000001,10000000,Mining and logging,10,S,01,all_employees_thousands,2022,M07,July,614.0,,2026-08-25 14:48:41.372731
CES1000000001,10000000,Mining and logging,10,S,01,all_employees_thousands,2022,M06,June,608.0,,2026-08-25 14:48:41.372731
CES1000000001,10000000,Mining and logging,10,S,01,all_employees_thousands,2022,M05,May,600.0,,2026-08-25 14:48:41.372731
CES1000000001,10000000,Mining and logging,10,S,01,all_employees_thousands,2022,M04,April,596.0,,2026-08-25 14:48:41.372731
CES1000000001,10000000,Mining and logging,10,S,01,all_employees_thousands,2022,M03,March,589.0,,2026-08-25 14:48:41.372731
CES1000000001,10000000,Mining and logging,10,S,01,all_employees_thousands,2022,M02,February,581.0,,2026-08-25 14:48:41.372731
CES1000000001,10000000,Mining and logging,10,S,01,all_employees_thousands,2022,M01,January,578.0,,2026-08-25 14:48:41.372731
CES1000000001,10000000,Mining and logging,10,S,01,all_employees_thousands,2021,M12,December,577.0,,2026-08-25 14:48:41.372731
CES1000000001,10000000,Mining and logging,10,S,01,all_employees_thousands,2021,M11,November,572.0,,2026-08-25 14:48:41.372731
CES1000000001,10000000,Mining and logging,10,S,01,all_employees_thousands,2021,M10,October,569.0,,2026-08-25 14:48:41.372731
CES1000000001,10000000,Mining and logging,10,S,01,all_employees_thousands,2021,M09,September,566.0,,2026-08-25 14:48:41.372731
CES1000000001,10000000,Mining and logging,10,S,01,all_employees_thousands,2021,M08,August,565.0,,2026-08-25 14:48:41.372731
CES1000000001,10000000,Mining and logging,10,S,01,all_employees_thousands,2021,M07,July,561.0,,2026-08-25 14:48:41.372731
CES1000000001,10000000,Mining and logging,10,S,01,all_employees_thousands,2021,M06,June,559.0,,2026-08-25 14:48:41.372731
CES1000000001,10000000,Mining and logging,10,S,01,all_employees_thousands,2021,M05,May,557.0,,2026-08-25 14:48:41.372731
CES1000000001,10000000,Mining and logging,10,S,01,all_employees_thousands,2021,M04,April,555.0,,2026-08-25 14:48:41.372731
CES1000000001,10000000,Mining and logging,10,S,01,all_employees_thousands,2021,M03,March,553.0,,2026-08-25 14:48:41.372731
CES1000000001,10000000,Mining and logging,10,S,01,all_employees_thousands,2021,M02,February,539.0,,2026-08-25 14:48:41.372731
CES1000000001,10000000,Mining and logging,10,S,01,all_employees_thousands,2021,M01,January,549.0,,2026-08-25 14:48:41.372731
CES1000000002,10000000,Mining and logging,10,S,02,avg_weekly_hours,2026,M07,July,46.1,P,2026-08-25 14:48:41.372731
CES1000000002,10000000,Mining and logging,10,S,02,avg_weekly_hours,2026,M06,June,45.7,P,2026-08-25 14:48:41.372731
CES1000000002,10000000,Mining and logging,10,S,02,avg_weekly_hours,2026,M05,May,45.6,,2026-08-25 14:48:41.372731
CES1000000002,10000000,Mining and logging,10,S,02,avg_weekly_hours,2026,M04,April,45.6,,2026-08-25 14:48:41.372731
CES1000000002,10000000,Mining and logging,10,S,02,avg_weekly_hours,2026,M03,March,45.7,,2026-08-25 14:48:41.372731
CES1000000002,10000000,Mining and logging,10,S,02,avg_weekly_hours,2026,M02,February,45.7,,2026-08-25 14:48:41.372731
CES1000000002,10000000,Mining and logging,10,S,02,avg_weekly_hours,2026,M01,January,45.8,,2026-08-25 14:48:41.372731
CES1000000002,10000000,Mining and logging,10,S,02,avg_weekly_hours,2025,M12,December,45.2,,2026-08-25 14:48:41.372731
CES1000000002,10000000,Mining and logging,10,S,02,avg_weekly_hours,2025,M11,November,45.1,,2026-08-25 14:48:41.372731
CES1000000002,10000000,Mining and logging,10,S,02,avg_weekly_hours,2025,M10,October,45.2,,2026-08-25 14:48:41.372731
CES1000000002,10000000,Mining and logging,10,S,02,avg_weekly_hours,2025,M09,September,45.4,,2026-08-25 14:48:41.372731
CES1000000002,10000000,Mining and logging,10,S,02,avg_weekly_hours,2025,M08,August,45.4,,2026-08-25 14:48:41.372731
CES1000000002,10000000,Mining and logging,10,S,02,avg_weekly_hours,2025,M07,July,45.1,,2026-08-25 14:48:41.372731
CES1000000002,10000000,Mining and logging,10,S,02,avg_weekly_hours,2025,M06,June,44.3,,2026-08-25 14:48:41.372731
CES1000000002,10000000,Mining and logging,10,S,02,avg_weekly_hours,2025,M05,May,44.9,,2026-08-25 14:48:41.372731
CES1000000002,10000000,Mining and logging,10,S,02,avg_weekly_hours,2025,M04,April,45.0,,2026-08-25 14:48:41.372731
CES1000000002,10000000,Mining and logging,10,S,02,avg_weekly_hours,2025,M03,March,44.3,,2026-08-25 14:48:41.372731
CES1000000002,10000000,Mining and logging,10,S,02,avg_weekly_hours,2025,M02,February,43.9,,2026-08-25 14:48:41.372731
CES1000000002,10000000,Mining and logging,10,S,02,avg_weekly_hours,2025,M01,January,44.1,,2026-08-25 14:48:41.372731
CES1000000002,10000000,Mining and logging,10,S,02,avg_weekly_hours,2024,M12,December,44.3,,2026-08-25 14:48:41.372731
CES1000000002,10000000,Mining and logging,10,S,02,avg_weekly_hours,2024,M11,November,44.2,,2026-08-25 14:48:41.372731
CES1000000002,10000000,Mining and logging,10,S,02,avg_weekly_hours,2024,M10,October,44.6,,2026-08-25 14:48:41.372731
CES1000000002,10000000,Mining and logging,10,S,02,avg_weekly_hours,2024,M09,September,44.3,,2026-08-25 14:48:41.372731
CES1000000002,10000000,Mining and logging,10,S,02,avg_weekly_hours,2024,M08,August,44.4,,2026-08-25 14:48:41.372731
CES1000000002,10000000,Mining and logging,10,S,02,avg_weekly_hours,2024,M07,July,44.2,,2026-08-25 14:48:41.372731
CES1000000002,10000000,Mining and logging,10,S,02,avg_weekly_hours,2024,M06,June,44.6,,2026-08-25 14:48:41.372731
CES1000000002,10000000,Mining and logging,10,S,02,avg_weekly_hours,2024,M05,May,44.4,,2026-08-25 14:48:41.372731
CES1000000002,10000000,Mining and logging,10,S,02,avg_weekly_hours,2024,M04,April,44.3,,2026-08-25 14:48:41.372731
CES1000000002,10000000,Mining and logging,10,S,02,avg_weekly_hours,2024,M03,March,45.2,,2026-08-25 14:48:41.372731
CES1000000002,10000000,Mining and logging,10,S,02,avg_weekly_hours,2024,M02,February,45.1,,2026-08-25 14:48:41.372731
CES1000000002,10000000,Mining and logging,10,S,02,avg_weekly_hours,2024,M01,January,44.6,,2026-08-25 14:48:41.372731
CES1000000002,10000000,Mining and logging,10,S,02,avg_weekly_hours,2023,M12,December,45.6,,2026-08-25 14:48:41.372731
CES1000000002,10000000,Mining and logging,10,S,02,avg_weekly_hours,2023,M11,November,45.1,,2026-08-25 14:48:41.372731
CES1000000002,10000000,Mining and logging,10,S,02,avg_weekly_hours,2023,M10,October,44.6,,2026-08-25 14:48:41.372731
CES1000000002,10000000,Mining and logging,10,S,02,avg_weekly_hours,2023,M09,September,44.9,,2026-08-25 14:48:41.372731
CES1000000002,10000000,Mining and logging,10,S,02,avg_weekly_hours,2023,M08,August,45.1,,2026-08-25 14:48:41.372731
CES1000000002,10000000,Mining and logging,10,S,02,avg_weekly_hours,2023,M07,July,44.1,,2026-08-25 14:48:41.372731
CES1000000002,10000000,Mining and logging,10,S,02,avg_weekly_hours,2023,M06,June,45.5,,2026-08-25 14:48:41.372731
CES1000000002,10000000,Mining and logging,10,S,02,avg_weekly_hours,2023,M05,May,45.6,,2026-08-25 14:48:41.372731
CES1000000002,10000000,Mining and logging,10,S,02,avg_weekly_hours,2023,M04,April,45.5,,2026-08-25 14:48:41.372731
CES1000000002,10000000,Mining and logging,10,S,02,avg_weekly_hours,2023,M03,March,45.6,,2026-08-25 14:48:41.372731
CES1000000002,10000000,Mining and logging,10,S,02,avg_weekly_hours,2023,M02,February,45.8,,2026-08-25 14:48:41.372731
CES1000000002,10000000,Mining and logging,10,S,02,avg_weekly_hours,2023,M01,January,45.8,,2026-08-25 14:48:41.372731
CES1000000002,10000000,Mining and logging,10,S,02,avg_weekly_hours,2022,M12,December,45.7,,2026-08-25 14:48:41.372731
CES1000000002,10000000,Mining and logging,10,S,02,avg_weekly_hours,2022,M11,November,46.3,,2026-08-25 14:48:41.372731
CES1000000002,10000000,Mining and logging,10,S,02,avg_weekly_hours,2022,M10,October,46.4,,2026-08-25 14:48:41.372731
CES1000000002,10000000,Mining and logging,10,S,02,avg_weekly_hours,2022,M09,September,46.4,,2026-08-25 14:48:41.372731
CES1000000002,10000000,Mining and logging,10,S,02,avg_weekly_hours,2022,M08,August,46.2,,2026-08-25 14:48:41.372731
CES1000000002,10000000,Mining and logging,10,S,02,avg_weekly_hours,2022,M07,July,46.4,,2026-08-25 14:48:41.372731
CES1000000002,10000000,Mining and logging,10,S,02,avg_weekly_hours,2022,M06,June,46.3,,2026-08-25 14:48:41.372731
CES1000000002,10000000,Mining and logging,10,S,02,avg_weekly_hours,2022,M05,May,46.0,,2026-08-25 14:48:41.372731
CES1000000002,10000000,Mining and logging,10,S,02,avg_weekly_hours,2022,M04,April,45.6,,2026-08-25 14:48:41.372731
CES1000000002,10000000,Mining and logging,10,S,02,avg_weekly_hours,2022,M03,March,45.7,,2026-08-25 14:48:41.372731
CES1000000002,10000000,Mining and logging,10,S,02,avg_weekly_hours,2022,M02,February,45.3,,2026-08-25 14:48:41.372731
CES1000000002,10000000,Mining and logging,10,S,02,avg_weekly_hours,2022,M01,January,44.0,,2026-08-25 14:48:41.372731
CES1000000002,10000000,Mining and logging,10,S,02,avg_weekly_hours,2021,M12,December,45.3,,2026-08-25 14:48:41.372731
CES1000000002,10000000,Mining and logging,10,S,02,avg_weekly_hours,2021,M11,November,45.1,,2026-08-25 14:48:41.372731
CES1000000002,10000000,Mining and logging,10,S,02,avg_weekly_hours,2021,M10,October,44.8,,2026-08-25 14:48:41.372731
CES1000000002,10000000,Mining and logging,10,S,02,avg_weekly_hours,2021,M09,September,45.4,,2026-08-25 14:48:41.372731
CES1000000002,10000000,Mining and logging,10,S,02,avg_weekly_hours,2021,M08,August,45.0,,2026-08-25 14:48:41.372731
CES1000000002,10000000,Mining and logging,10,S,02,avg_weekly_hours,2021,M07,July,45.1,,2026-08-25 14:48:41.372731
CES1000000002,10000000,Mining and logging,10,S,02,avg_weekly_hours,2021,M06,June,45.1,,2026-08-25 14:48:41.372731
CES1000000002,10000000,Mining and logging,10,S,02,avg_weekly_hours,2021,M05,May,45.1,,2026-08-25 14:48:41.372731
CES1000000002,10000000,Mining and logging,10,S,02,avg_weekly_hours,2021,M04,April,45.3,,2026-08-25 14:48:41.372731
CES1000000002,10000000,Mining and logging,10,S,02,avg_weekly_hours,2021,M03,March,45.2,,2026-08-25 14:48:41.372731
CES1000000002,10000000,Mining and logging,10,S,02,avg_weekly_hours,2021,M02,February,44.6,,2026-08-25 14:48:41.372731
CES1000000002,10000000,Mining and logging,10,S,02,avg_weekly_hours,2021,M01,January,45.4,,2026-08-25 14:48:41.372731
CES1000000003,10000000,Mining and logging,10,S,03,avg_hourly_earnings,2026,M07,July,42.11,P,2026-08-25 14:48:41.372731
CES1000000003,10000000,Mining and logging,10,S,03,avg_hourly_earnings,2026,M06,June,42.01,P,2026-08-25 14:48:41.372731
CES1000000003,10000000,Mining and logging,10,S,03,avg_hourly_earnings,2026,M05,May,41.7,,2026-08-25 14:48:41.372731
CES1000000003,10000000,Mining and logging,10,S,03,avg_hourly_earnings,2026,M04,April,41.34,,2026-08-25 14:48:41.372731
CES1000000003,10000000,Mining and logging,10,S,03,avg_hourly_earnings,2026,M03,March,41.12,,2026-08-25 14:48:41.372731
CES1000000003,10000000,Mining and logging,10,S,03,avg_hourly_earnings,2026,M02,February,40.72,,2026-08-25 14:48:41.372731
CES1000000003,10000000,Mining and logging,10,S,03,avg_hourly_earnings,2026,M01,January,40.73,,2026-08-25 14:48:41.372731
CES1000000003,10000000,Mining and logging,10,S,03,avg_hourly_earnings,2025,M12,December,40.68,,2026-08-25 14:48:41.372731
CES1000000003,10000000,Mining and logging,10,S,03,avg_hourly_earnings,2025,M11,November,40.7,,2026-08-25 14:48:41.372731
CES1000000003,10000000,Mining and logging,10,S,03,avg_hourly_earnings,2025,M10,October,40.64,,2026-08-25 14:48:41.372731
CES1000000003,10000000,Mining and logging,10,S,03,avg_hourly_earnings,2025,M09,September,40.32,,2026-08-25 14:48:41.372731
CES1000000003,10000000,Mining and logging,10,S,03,avg_hourly_earnings,2025,M08,August,40.44,,2026-08-25 14:48:41.372731
CES1000000003,10000000,Mining and logging,10,S,03,avg_hourly_earnings,2025,M07,July,40.33,,2026-08-25 14:48:41.372731
CES1000000003,10000000,Mining and logging,10,S,03,avg_hourly_earnings,2025,M06,June,40.22,,2026-08-25 14:48:41.372731
CES1000000003,10000000,Mining and logging,10,S,03,avg_hourly_earnings,2025,M05,May,40.2,,2026-08-25 14:48:41.372731
CES1000000003,10000000,Mining and logging,10,S,03,avg_hourly_earnings,2025,M04,April,39.89,,2026-08-25 14:48:41.372731
CES1000000003,10000000,Mining and logging,10,S,03,avg_hourly_earnings,2025,M03,March,40.13,,2026-08-25 14:48:41.372731
CES1000000003,10000000,Mining and logging,10,S,03,avg_hourly_earnings,2025,M02,February,40.11,,2026-08-25 14:48:41.372731
CES1000000003,10000000,Mining and logging,10,S,03,avg_hourly_earnings,2025,M01,January,40.11,,2026-08-25 14:48:41.372731
CES1000000003,10000000,Mining and logging,10,S,03,avg_hourly_earnings,2024,M12,December,39.86,,2026-08-25 14:48:41.372731
CES1000000003,10000000,Mining and logging,10,S,03,avg_hourly_earnings,2024,M11,November,39.96,,2026-08-25 14:48:41.372731
CES1000000003,10000000,Mining and logging,10,S,03,avg_hourly_earnings,2024,M10,October,39.88,,2026-08-25 14:48:41.372731
CES1000000003,10000000,Mining and logging,10,S,03,avg_hourly_earnings,2024,M09,September,39.81,,2026-08-25 14:48:41.372731
CES1000000003,10000000,Mining and logging,10,S,03,avg_hourly_earnings,2024,M08,August,39.69,,2026-08-25 14:48:41.372731
CES1000000003,10000000,Mining and logging,10,S,03,avg_hourly_earnings,2024,M07,July,39.63,,2026-08-25 14:48:41.372731
CES1000000003,10000000,Mining and logging,10,S,03,avg_hourly_earnings,2024,M06,June,39.8,,2026-08-25 14:48:41.372731
CES1000000003,10000000,Mining and logging,10,S,03,avg_hourly_earnings,2024,M05,May,39.63,,2026-08-25 14:48:41.372731
CES1000000003,10000000,Mining and logging,10,S,03,avg_hourly_earnings,2024,M04,April,39.71,,2026-08-25 14:48:41.372731
CES1000000003,10000000,Mining and logging,10,S,03,avg_hourly_earnings,2024,M03,March,39.3,,2026-08-25 14:48:41.372731
CES1000000003,10000000,Mining and logging,10,S,03,avg_hourly_earnings,2024,M02,February,39.41,,2026-08-25 14:48:41.372731
CES1000000003,10000000,Mining and logging,10,S,03,avg_hourly_earnings,2024,M01,January,39.15,,2026-08-25 14:48:41.372731
CES1000000003,10000000,Mining and logging,10,S,03,avg_hourly_earnings,2023,M12,December,38.91,,2026-08-25 14:48:41.372731
CES1000000003,10000000,Mining and logging,10,S,03,avg_hourly_earnings,2023,M11,November,38.69,,2026-08-25 14:48:41.372731
CES1000000003,10000000,Mining and logging,10,S,03,avg_hourly_earnings,2023,M10,October,38.71,,2026-08-25 14:48:41.372731
CES1000000003,10000000,Mining and logging,10,S,03,avg_hourly_earnings,2023,M09,September,38.82,,2026-08-25 14:48:41.372731
CES1000000003,10000000,Mining and logging,10,S,03,avg_hourly_earnings,2023,M08,August,38.3,,2026-08-25 14:48:41.372731
CES1000000003,10000000,Mining and logging,10,S,03,avg_hourly_earnings,2023,M07,July,38.21,,2026-08-25 14:48:41.372731
CES1000000003,10000000,Mining and logging,10,S,03,avg_hourly_earnings,2023,M06,June,37.96,,2026-08-25 14:48:41.372731
CES1000000003,10000000,Mining and logging,10,S,03,avg_hourly_earnings,2023,M05,May,38.01,,2026-08-25 14:48:41.372731
CES1000000003,10000000,Mining and logging,10,S,03,avg_hourly_earnings,2023,M04,April,37.69,,2026-08-25 14:48:41.372731
CES1000000003,10000000,Mining and logging,10,S,03,avg_hourly_earnings,2023,M03,March,37.39,,2026-08-25 14:48:41.372731
CES1000000003,10000000,Mining and logging,10,S,03,avg_hourly_earnings,2023,M02,February,37.13,,2026-08-25 14:48:41.372731
CES1000000003,10000000,Mining and logging,10,S,03,avg_hourly_earnings,2023,M01,January,36.99,,2026-08-25 14:48:41.372731
CES1000000003,10000000,Mining and logging,10,S,03,avg_hourly_earnings,2022,M12,December,36.82,,2026-08-25 14:48:41.372731
CES1000000003,10000000,Mining and logging,10,S,03,avg_hourly_earnings,2022,M11,November,36.53,,2026-08-25 14:48:41.372731
CES1000000003,10000000,Mining and logging,10,S,03,avg_hourly_earnings,2022,M10,October,36.36,,2026-08-25 14:48:41.372731
CES1000000003,10000000,Mining and logging,10,S,03,avg_hourly_earnings,2022,M09,September,36.37,,2026-08-25 14:48:41.372731
CES1000000003,10000000,Mining and logging,10,S,03,avg_hourly_earnings,2022,M08,August,36.26,,2026-08-25 14:48:41.372731
CES1000000003,10000000,Mining and logging,10,S,03,avg_hourly_earnings,2022,M07,July,36.33,,2026-08-25 14:48:41.372731
CES1000000003,10000000,Mining and logging,10,S,03,avg_hourly_earnings,2022,M06,June,35.84,,2026-08-25 14:48:41.372731
CES1000000003,10000000,Mining and logging,10,S,03,avg_hourly_earnings,2022,M05,May,35.42,,2026-08-25 14:48:41.372731
CES1000000003,10000000,Mining and logging,10,S,03,avg_hourly_earnings,2022,M04,April,35.04,,2026-08-25 14:48:41.372731
CES1000000003,10000000,Mining and logging,10,S,03,avg_hourly_earnings,2022,M03,March,35.74,,2026-08-25 14:48:41.372731
CES1000000003,10000000,Mining and logging,10,S,03,avg_hourly_earnings,2022,M02,February,35.58,,2026-08-25 14:48:41.372731
CES1000000003,10000000,Mining and logging,10,S,03,avg_hourly_earnings,2022,M01,January,35.31,,2026-08-25 14:48:41.372731
CES1000000003,10000000,Mining and logging,10,S,03,avg_hourly_earnings,2021,M12,December,35.53,,2026-08-25 14:48:41.372731
CES1000000003,10000000,Mining and logging,10,S,03,avg_hourly_earnings,2021,M11,November,35.46,,2026-08-25 14:48:41.372731
CES1000000003,10000000,Mining and logging,10,S,03,avg_hourly_earnings,2021,M10,October,35.16,,2026-08-25 14:48:41.372731
CES1000000003,10000000,Mining and logging,10,S,03,avg_hourly_earnings,2021,M09,September,35.07,,2026-08-25 14:48:41.372731
CES1000000003,10000000,Mining and logging,10,S,03,avg_hourly_earnings,2021,M08,August,35.03,,2026-08-25 14:48:41.372731
CES1000000003,10000000,Mining and logging,10,S,03,avg_hourly_earnings,2021,M07,July,34.87,,2026-08-25 14:48:41.372731
CES1000000003,10000000,Mining and logging,10,S,03,avg_hourly_earnings,2021,M06,June,34.66,,2026-08-25 14:48:41.372731
CES1000000003,10000000,Mining and logging,10,S,03,avg_hourly_earnings,2021,M05,May,34.62,,2026-08-25 14:48:41.372731
CES1000000003,10000000,Mining and logging,10,S,03,avg_hourly_earnings,2021,M04,April,34.6,,2026-08-25 14:48:41.372731
CES1000000003,10000000,Mining and logging,10,S,03,avg_hourly_earnings,2021,M03,March,34.52,,2026-08-25 14:48:41.372731
CES1000000003,10000000,Mining and logging,10,S,03,avg_hourly_earnings,2021,M02,February,34.6,,2026-08-25 14:48:41.372731
CES1000000003,10000000,Mining and logging,10,S,03,avg_hourly_earnings,2021,M01,January,34.5,,2026-08-25 14:48:41.372731
CES1000000011,10000000,Mining and logging,10,S,11,avg_weekly_earnings,2026,M07,July,1941.27,P,2026-08-25 14:48:41.372731
CES1000000011,10000000,Mining and logging,10,S,11,avg_weekly_earnings,2026,M06,June,1919.86,P,2026-08-25 14:48:41.372731
CES1000000011,10000000,Mining and logging,10,S,11,avg_weekly_earnings,2026,M05,May,1901.52,,2026-08-25 14:48:41.372731
CES1000000011,10000000,Mining and logging,10,S,11,avg_weekly_earnings,2026,M04,April,1885.1,,2026-08-25 14:48:41.372731
CES1000000011,10000000,Mining and logging,10,S,11,avg_weekly_earnings,2026,M03,March,1879.18,,2026-08-25 14:48:41.372731
CES1000000011,10000000,Mining and logging,10,S,11,avg_weekly_earnings,2026,M02,February,1860.9,,2026-08-25 14:48:41.372731
CES1000000011,10000000,Mining and logging,10,S,11,avg_weekly_earnings,2026,M01,January,1865.43,,2026-08-25 14:48:41.372731
CES1000000011,10000000,Mining and logging,10,S,11,avg_weekly_earnings,2025,M12,December,1838.74,,2026-08-25 14:48:41.372731
CES1000000011,10000000,Mining and logging,10,S,11,avg_weekly_earnings,2025,M11,November,1835.57,,2026-08-25 14:48:41.372731
CES1000000011,10000000,Mining and logging,10,S,11,avg_weekly_earnings,2025,M10,October,1836.93,,2026-08-25 14:48:41.372731
CES1000000011,10000000,Mining and logging,10,S,11,avg_weekly_earnings,2025,M09,September,1830.53,,2026-08-25 14:48:41.372731
CES1000000011,10000000,Mining and logging,10,S,11,avg_weekly_earnings,2025,M08,August,1835.98,,2026-08-25 14:48:41.372731
CES1000000011,10000000,Mining and logging,10,S,11,avg_weekly_earnings,2025,M07,July,1818.88,,2026-08-25 14:48:41.372731
CES1000000011,10000000,Mining and logging,10,S,11,avg_weekly_earnings,2025,M06,June,1781.75,,2026-08-25 14:48:41.372731
CES1000000011,10000000,Mining and logging,10,S,11,avg_weekly_earnings,2025,M05,May,1804.98,,2026-08-25 14:48:41.372731
CES1000000011,10000000,Mining and logging,10,S,11,avg_weekly_earnings,2025,M04,April,1795.05,,2026-08-25 14:48:41.372731
CES1000000011,10000000,Mining and logging,10,S,11,avg_weekly_earnings,2025,M03,March,1777.76,,2026-08-25 14:48:41.372731
CES1000000011,10000000,Mining and logging,10,S,11,avg_weekly_earnings,2025,M02,February,1760.83,,2026-08-25 14:48:41.372731
CES1000000011,10000000,Mining and logging,10,S,11,avg_weekly_earnings,2025,M01,January,1768.85,,2026-08-25 14:48:41.372731
CES1000000011,10000000,Mining and logging,10,S,11,avg_weekly_earnings,2024,M12,December,1765.8,,2026-08-25 14:48:41.372731
CES1000000011,10000000,Mining and logging,10,S,11,avg_weekly_earnings,2024,M11,November,1766.23,,2026-08-25 14:48:41.372731
CES1000000011,10000000,Mining and logging,10,S,11,avg_weekly_earnings,2024,M10,October,1778.65,,2026-08-25 14:48:41.372731
CES1000000011,10000000,Mining and logging,10,S,11,avg_weekly_earnings,2024,M09,September,1763.58,,2026-08-25 14:48:41.372731
CES1000000011,10000000,Mining and logging,10,S,11,avg_weekly_earnings,2024,M08,August,1762.24,,2026-08-25 14:48:41.372731
CES1000000011,10000000,Mining and logging,10,S,11,avg_weekly_earnings,2024,M07,July,1751.65,,2026-08-25 14:48:41.372731
CES1000000011,10000000,Mining and logging,10,S,11,avg_weekly_earnings,2024,M06,June,1775.08,,2026-08-25 14:48:41.372731
CES1000000011,10000000,Mining and logging,10,S,11,avg_weekly_earnings,2024,M05,May,1759.57,,2026-08-25 14:48:41.372731
CES1000000011,10000000,Mining and logging,10,S,11,avg_weekly_earnings,2024,M04,April,1759.15,,2026-08-25 14:48:41.372731
CES1000000011,10000000,Mining and logging,10,S,11,avg_weekly_earnings,2024,M03,March,1776.36,,2026-08-25 14:48:41.372731
CES1000000011,10000000,Mining and logging,10,S,11,avg_weekly_earnings,2024,M02,February,1777.39,,2026-08-25 14:48:41.372731
CES1000000011,10000000,Mining and logging,10,S,11,avg_weekly_earnings,2024,M01,January,1746.09,,2026-08-25 14:48:41.372731
CES1000000011,10000000,Mining and logging,10,S,11,avg_weekly_earnings,2023,M12,December,1774.3,,2026-08-25 14:48:41.372731
CES1000000011,10000000,Mining and logging,10,S,11,avg_weekly_earnings,2023,M11,November,1744.92,,2026-08-25 14:48:41.372731
CES1000000011,10000000,Mining and logging,10,S,11,avg_weekly_earnings,2023,M10,October,1726.47,,2026-08-25 14:48:41.372731
CES1000000011,10000000,Mining and logging,10,S,11,avg_weekly_earnings,2023,M09,September,1743.02,,2026-08-25 14:48:41.372731
CES1000000011,10000000,Mining and logging,10,S,11,avg_weekly_earnings,2023,M08,August,1727.33,,2026-08-25 14:48:41.372731
CES1000000011,10000000,Mining and logging,10,S,11,avg_weekly_earnings,2023,M07,July,1685.06,,2026-08-25 14:48:41.372731
CES1000000011,10000000,Mining and logging,10,S,11,avg_weekly_earnings,2023,M06,June,1727.18,,2026-08-25 14:48:41.372731
CES1000000011,10000000,Mining and logging,10,S,11,avg_weekly_earnings,2023,M05,May,1733.26,,2026-08-25 14:48:41.372731
CES1000000011,10000000,Mining and logging,10,S,11,avg_weekly_earnings,2023,M04,April,1714.9,,2026-08-25 14:48:41.372731
CES1000000011,10000000,Mining and logging,10,S,11,avg_weekly_earnings,2023,M03,March,1704.98,,2026-08-25 14:48:41.372731
CES1000000011,10000000,Mining and logging,10,S,11,avg_weekly_earnings,2023,M02,February,1700.55,,2026-08-25 14:48:41.372731
CES1000000011,10000000,Mining and logging,10,S,11,avg_weekly_earnings,2023,M01,January,1694.14,,2026-08-25 14:48:41.372731
CES1000000011,10000000,Mining and logging,10,S,11,avg_weekly_earnings,2022,M12,December,1682.67,,2026-08-25 14:48:41.372731
CES1000000011,10000000,Mining and logging,10,S,11,avg_weekly_earnings,2022,M11,November,1691.34,,2026-08-25 14:48:41.372731
CES1000000011,10000000,Mining and logging,10,S,11,avg_weekly_earnings,2022,M10,October,1687.1,,2026-08-25 14:48:41.372731
CES1000000011,10000000,Mining and logging,10,S,11,avg_weekly_earnings,2022,M09,September,1687.57,,2026-08-25 14:48:41.372731
CES1000000011,10000000,Mining and logging,10,S,11,avg_weekly_earnings,2022,M08,August,1675.21,,2026-08-25 14:48:41.372731
CES1000000011,10000000,Mining and logging,10,S,11,avg_weekly_earnings,2022,M07,July,1685.71,,2026-08-25 14:48:41.372731
CES1000000011,10000000,Mining and logging,10,S,11,avg_weekly_earnings,2022,M06,June,1659.39,,2026-08-25 14:48:41.372731
CES1000000011,10000000,Mining and logging,10,S,11,avg_weekly_earnings,2022,M05,May,1629.32,,2026-08-25 14:48:41.372731
CES1000000011,10000000,Mining and logging,10,S,11,avg_weekly_earnings,2022,M04,April,1597.82,,2026-08-25 14:48:41.372731
CES1000000011,10000000,Mining and logging,10,S,11,avg_weekly_earnings,2022,M03,March,1633.32,,2026-08-25 14:48:41.372731
CES1000000011,10000000,Mining and logging,10,S,11,avg_weekly_earnings,2022,M02,February,1611.77,,2026-08-25 14:48:41.372731
CES1000000011,10000000,Mining and logging,10,S,11,avg_weekly_earnings,2022,M01,January,1553.64,,2026-08-25 14:48:41.372731
CES1000000011,10000000,Mining and logging,10,S,11,avg_weekly_earnings,2021,M12,December,1609.51,,2026-08-25 14:48:41.372731
CES1000000011,10000000,Mining and logging,10,S,11,avg_weekly_earnings,2021,M11,November,1599.25,,2026-08-25 14:48:41.372731
CES1000000011,10000000,Mining and logging,10,S,11,avg_weekly_earnings,2021,M10,October,1575.17,,2026-08-25 14:48:41.372731
CES1000000011,10000000,Mining and logging,10,S,11,avg_weekly_earnings,2021,M09,September,1592.18,,2026-08-25 14:48:41.372731
CES1000000011,10000000,Mining and logging,10,S,11,avg_weekly_earnings,2021,M08,August,1576.35,,2026-08-25 14:48:41.372731
CES1000000011,10000000,Mining and logging,10,S,11,avg_weekly_earnings,2021,M07,July,1572.64,,2026-08-25 14:48:41.372731
CES1000000011,10000000,Mining and logging,10,S,11,avg_weekly_earnings,2021,M06,June,1563.17,,2026-08-25 14:48:41.372731
CES1000000011,10000000,Mining and logging,10,S,11,avg_weekly_earnings,2021,M05,May,1561.36,,2026-08-25 14:48:41.372731
CES1000000011,10000000,Mining and logging,10,S,11,avg_weekly_earnings,2021,M04,April,1567.38,,2026-08-25 14:48:41.372731
CES1000000011,10000000,Mining and logging,10,S,11,avg_weekly_earnings,2021,M03,March,1560.3,,2026-08-25 14:48:41.372731
CES1000000011,10000000,Mining and logging,10,S,11,avg_weekly_earnings,2021,M02,February,1543.16,,2026-08-25 14:48:41.372731
CES1000000011,10000000,Mining and logging,10,S,11,avg_weekly_earnings,2021,M01,January,1566.3,,2026-08-25 14:48:41.372731
CES2000000001,20000000,Construction,20,S,01,all_employees_thousands,2026,M07,July,8343.0,P,2026-08-25 14:48:41.372731
CES2000000001,20000000,Construction,20,S,01,all_employees_thousands,2026,M06,June,8321.0,P,2026-08-25 14:48:41.372731
CES2000000001,20000000,Construction,20,S,01,all_employees_thousands,2026,M05,May,8316.0,,2026-08-25 14:48:41.372731
CES2000000001,20000000,Construction,20,S,01,all_employees_thousands,2026,M04,April,8314.0,,2026-08-25 14:48:41.372731
CES2000000001,20000000,Construction,20,S,01,all_employees_thousands,2026,M03,March,8311.0,,2026-08-25 14:48:41.372731
CES2000000001,20000000,Construction,20,S,01,all_employees_thousands,2026,M02,February,8296.0,,2026-08-25 14:48:41.372731
CES2000000001,20000000,Construction,20,S,01,all_employees_thousands,2026,M01,January,8317.0,,2026-08-25 14:48:41.372731
CES2000000001,20000000,Construction,20,S,01,all_employees_thousands,2025,M12,December,8272.0,,2026-08-25 14:48:41.372731
CES2000000001,20000000,Construction,20,S,01,all_employees_thousands,2025,M11,November,8279.0,,2026-08-25 14:48:41.372731
CES2000000001,20000000,Construction,20,S,01,all_employees_thousands,2025,M10,October,8243.0,,2026-08-25 14:48:41.372731
CES2000000001,20000000,Construction,20,S,01,all_employees_thousands,2025,M09,September,8255.0,,2026-08-25 14:48:41.372731
CES2000000001,20000000,Construction,20,S,01,all_employees_thousands,2025,M08,August,8239.0,,2026-08-25 14:48:41.372731
CES2000000001,20000000,Construction,20,S,01,all_employees_thousands,2025,M07,July,8261.0,,2026-08-25 14:48:41.372731
CES2000000001,20000000,Construction,20,S,01,all_employees_thousands,2025,M06,June,8267.0,,2026-08-25 14:48:41.372731
CES2000000001,20000000,Construction,20,S,01,all_employees_thousands,2025,M05,May,8269.0,,2026-08-25 14:48:41.372731
CES2000000001,20000000,Construction,20,S,01,all_employees_thousands,2025,M04,April,8271.0,,2026-08-25 14:48:41.372731
CES2000000001,20000000,Construction,20,S,01,all_employees_thousands,2025,M03,March,8273.0,,2026-08-25 14:48:41.372731
CES2000000001,20000000,Construction,20,S,01,all_employees_thousands,2025,M02,February,8267.0,,2026-08-25 14:48:41.372731
CES2000000001,20000000,Construction,20,S,01,all_employees_thousands,2025,M01,January,8264.0,,2026-08-25 14:48:41.372731
CES2000000001,20000000,Construction,20,S,01,all_employees_thousands,2024,M12,December,8276.0,,2026-08-25 14:48:41.372731
CES2000000001,20000000,Construction,20,S,01,all_employees_thousands,2024,M11,November,8267.0,,2026-08-25 14:48:41.372731
CES2000000001,20000000,Construction,20,S,01,all_employees_thousands,2024,M10,October,8262.0,,2026-08-25 14:48:41.372731
CES2000000001,20000000,Construction,20,S,01,all_employees_thousands,2024,M09,September,8254.0,,2026-08-25 14:48:41.372731
CES2000000001,20000000,Construction,20,S,01,all_employees_thousands,2024,M08,August,8236.0,,2026-08-25 14:48:41.372731
CES2000000001,20000000,Construction,20,S,01,all_employees_thousands,2024,M07,July,8208.0,,2026-08-25 14:48:41.372731
CES2000000001,20000000,Construction,20,S,01,all_employees_thousands,2024,M06,June,8196.0,,2026-08-25 14:48:41.372731
CES2000000001,20000000,Construction,20,S,01,all_employees_thousands,2024,M05,May,8176.0,,2026-08-25 14:48:41.372731
CES2000000001,20000000,Construction,20,S,01,all_employees_thousands,2024,M04,April,8170.0,,2026-08-25 14:48:41.372731
CES2000000001,20000000,Construction,20,S,01,all_employees_thousands,2024,M03,March,8164.0,,2026-08-25 14:48:41.372731
CES2000000001,20000000,Construction,20,S,01,all_employees_thousands,2024,M02,February,8132.0,,2026-08-25 14:48:41.372731
CES2000000001,20000000,Construction,20,S,01,all_employees_thousands,2024,M01,January,8123.0,,2026-08-25 14:48:41.372731
CES2000000001,20000000,Construction,20,S,01,all_employees_thousands,2023,M12,December,8100.0,,2026-08-25 14:48:41.372731
CES2000000001,20000000,Construction,20,S,01,all_employees_thousands,2023,M11,November,8088.0,,2026-08-25 14:48:41.372731
CES2000000001,20000000,Construction,20,S,01,all_employees_thousands,2023,M10,October,8080.0,,2026-08-25 14:48:41.372731
CES2000000001,20000000,Construction,20,S,01,all_employees_thousands,2023,M09,September,8053.0,,2026-08-25 14:48:41.372731
CES2000000001,20000000,Construction,20,S,01,all_employees_thousands,2023,M08,August,8042.0,,2026-08-25 14:48:41.372731
CES2000000001,20000000,Construction,20,S,01,all_employees_thousands,2023,M07,July,8016.0,,2026-08-25 14:48:41.372731
CES2000000001,20000000,Construction,20,S,01,all_employees_thousands,2023,M06,June,8006.0,,2026-08-25 14:48:41.372731
CES2000000001,20000000,Construction,20,S,01,all_employees_thousands,2023,M05,May,7965.0,,2026-08-25 14:48:41.372731
CES2000000001,20000000,Construction,20,S,01,all_employees_thousands,2023,M04,April,7955.0,,2026-08-25 14:48:41.372731
CES2000000001,20000000,Construction,20,S,01,all_employees_thousands,2023,M03,March,7926.0,,2026-08-25 14:48:41.372731
CES2000000001,20000000,Construction,20,S,01,all_employees_thousands,2023,M02,February,7943.0,,2026-08-25 14:48:41.372731
CES2000000001,20000000,Construction,20,S,01,all_employees_thousands,2023,M01,January,7932.0,,2026-08-25 14:48:41.372731
CES2000000001,20000000,Construction,20,S,01,all_employees_thousands,2022,M12,December,7885.0,,2026-08-25 14:48:41.372731
CES2000000001,20000000,Construction,20,S,01,all_employees_thousands,2022,M11,November,7863.0,,2026-08-25 14:48:41.372731
CES2000000001,20000000,Construction,20,S,01,all_employees_thousands,2022,M10,October,7847.0,,2026-08-25 14:48:41.372731
CES2000000001,20000000,Construction,20,S,01,all_employees_thousands,2022,M09,September,7832.0,,2026-08-25 14:48:41.372731
CES2000000001,20000000,Construction,20,S,01,all_employees_thousands,2022,M08,August,7801.0,,2026-08-25 14:48:41.372731
CES2000000001,20000000,Construction,20,S,01,all_employees_thousands,2022,M07,July,7792.0,,2026-08-25 14:48:41.372731
CES2000000001,20000000,Construction,20,S,01,all_employees_thousands,2022,M06,June,7761.0,,2026-08-25 14:48:41.372731
CES2000000001,20000000,Construction,20,S,01,all_employees_thousands,2022,M05,May,7738.0,,2026-08-25 14:48:41.372731
CES2000000001,20000000,Construction,20,S,01,all_employees_thousands,2022,M04,April,7698.0,,2026-08-25 14:48:41.372731
CES2000000001,20000000,Construction,20,S,01,all_employees_thousands,2022,M03,March,7692.0,,2026-08-25 14:48:41.372731
CES2000000001,20000000,Construction,20,S,01,all_employees_thousands,2022,M02,February,7651.0,,2026-08-25 14:48:41.372731
CES2000000001,20000000,Construction,20,S,01,all_employees_thousands,2022,M01,January,7595.0,,2026-08-25 14:48:41.372731
CES2000000001,20000000,Construction,20,S,01,all_employees_thousands,2021,M12,December,7595.0,,2026-08-25 14:48:41.372731
CES2000000001,20000000,Construction,20,S,01,all_employees_thousands,2021,M11,November,7562.0,,2026-08-25 14:48:41.372731
CES2000000001,20000000,Construction,20,S,01,all_employees_thousands,2021,M10,October,7518.0,,2026-08-25 14:48:41.372731
CES2000000001,20000000,Construction,20,S,01,all_employees_thousands,2021,M09,September,7484.0,,2026-08-25 14:48:41.372731
CES2000000001,20000000,Construction,20,S,01,all_employees_thousands,2021,M08,August,7432.0,,2026-08-25 14:48:41.372731
CES2000000001,20000000,Construction,20,S,01,all_employees_thousands,2021,M07,July,7425.0,,2026-08-25 14:48:41.372731
CES2000000001,20000000,Construction,20,S,01,all_employees_thousands,2021,M06,June,7393.0,,2026-08-25 14:48:41.372731
CES2000000001,20000000,Construction,20,S,01,all_employees_thousands,2021,M05,May,7391.0,,2026-08-25 14:48:41.372731
CES2000000001,20000000,Construction,20,S,01,all_employees_thousands,2021,M04,April,7400.0,,2026-08-25 14:48:41.372731
CES2000000001,20000000,Construction,20,S,01,all_employees_thousands,2021,M03,March,7399.0,,2026-08-25 14:48:41.372731
CES2000000001,20000000,Construction,20,S,01,all_employees_thousands,2021,M02,February,7278.0,,2026-08-25 14:48:41.372731
CES2000000001,20000000,Construction,20,S,01,all_employees_thousands,2021,M01,January,7362.0,,2026-08-25 14:48:41.372731
CES2000000002,20000000,Construction,20,S,02,avg_weekly_hours,2026,M07,July,39.5,P,2026-08-25 14:48:41.372731
CES2000000002,20000000,Construction,20,S,02,avg_weekly_hours,2026,M06,June,39.3,P,2026-08-25 14:48:41.372731
CES2000000002,20000000,Construction,20,S,02,avg_weekly_hours,2026,M05,May,39.3,,2026-08-25 14:48:41.372731
CES2000000002,20000000,Construction,20,S,02,avg_weekly_hours,2026,M04,April,39.3,,2026-08-25 14:48:41.372731
CES2000000002,20000000,Construction,20,S,02,avg_weekly_hours,2026,M03,March,39.2,,2026-08-25 14:48:41.372731
CES2000000002,20000000,Construction,20,S,02,avg_weekly_hours,2026,M02,February,39.6,,2026-08-25 14:48:41.372731
CES2000000002,20000000,Construction,20,S,02,avg_weekly_hours,2026,M01,January,39.5,,2026-08-25 14:48:41.372731
CES2000000002,20000000,Construction,20,S,02,avg_weekly_hours,2025,M12,December,38.9,,2026-08-25 14:48:41.372731
CES2000000002,20000000,Construction,20,S,02,avg_weekly_hours,2025,M11,November,39.2,,2026-08-25 14:48:41.372731
CES2000000002,20000000,Construction,20,S,02,avg_weekly_hours,2025,M10,October,38.9,,2026-08-25 14:48:41.372731
CES2000000002,20000000,Construction,20,S,02,avg_weekly_hours,2025,M09,September,39.0,,2026-08-25 14:48:41.372731
CES2000000002,20000000,Construction,20,S,02,avg_weekly_hours,2025,M08,August,38.9,,2026-08-25 14:48:41.372731
CES2000000002,20000000,Construction,20,S,02,avg_weekly_hours,2025,M07,July,39.0,,2026-08-25 14:48:41.372731
CES2000000002,20000000,Construction,20,S,02,avg_weekly_hours,2025,M06,June,38.9,,2026-08-25 14:48:41.372731
CES2000000002,20000000,Construction,20,S,02,avg_weekly_hours,2025,M05,May,39.0,,2026-08-25 14:48:41.372731
CES2000000002,20000000,Construction,20,S,02,avg_weekly_hours,2025,M04,April,39.0,,2026-08-25 14:48:41.372731
CES2000000002,20000000,Construction,20,S,02,avg_weekly_hours,2025,M03,March,39.3,,2026-08-25 14:48:41.372731
CES2000000002,20000000,Construction,20,S,02,avg_weekly_hours,2025,M02,February,38.7,,2026-08-25 14:48:41.372731
CES2000000002,20000000,Construction,20,S,02,avg_weekly_hours,2025,M01,January,38.8,,2026-08-25 14:48:41.372731
CES2000000002,20000000,Construction,20,S,02,avg_weekly_hours,2024,M12,December,38.8,,2026-08-25 14:48:41.372731
CES2000000002,20000000,Construction,20,S,02,avg_weekly_hours,2024,M11,November,38.8,,2026-08-25 14:48:41.372731
CES2000000002,20000000,Construction,20,S,02,avg_weekly_hours,2024,M10,October,39.0,,2026-08-25 14:48:41.372731
CES2000000002,20000000,Construction,20,S,02,avg_weekly_hours,2024,M09,September,39.1,,2026-08-25 14:48:41.372731
CES2000000002,20000000,Construction,20,S,02,avg_weekly_hours,2024,M08,August,38.9,,2026-08-25 14:48:41.372731
CES2000000002,20000000,Construction,20,S,02,avg_weekly_hours,2024,M07,July,38.8,,2026-08-25 14:48:41.372731
CES2000000002,20000000,Construction,20,S,02,avg_weekly_hours,2024,M06,June,39.3,,2026-08-25 14:48:41.372731
CES2000000002,20000000,Construction,20,S,02,avg_weekly_hours,2024,M05,May,39.0,,2026-08-25 14:48:41.372731
CES2000000002,20000000,Construction,20,S,02,avg_weekly_hours,2024,M04,April,38.6,,2026-08-25 14:48:41.372731
CES2000000002,20000000,Construction,20,S,02,avg_weekly_hours,2024,M03,March,39.3,,2026-08-25 14:48:41.372731
CES2000000002,20000000,Construction,20,S,02,avg_weekly_hours,2024,M02,February,39.0,,2026-08-25 14:48:41.372731
CES2000000002,20000000,Construction,20,S,02,avg_weekly_hours,2024,M01,January,38.7,,2026-08-25 14:48:41.372731
CES2000000002,20000000,Construction,20,S,02,avg_weekly_hours,2023,M12,December,39.1,,2026-08-25 14:48:41.372731
CES2000000002,20000000,Construction,20,S,02,avg_weekly_hours,2023,M11,November,39.3,,2026-08-25 14:48:41.372731
CES2000000002,20000000,Construction,20,S,02,avg_weekly_hours,2023,M10,October,39.1,,2026-08-25 14:48:41.372731
CES2000000002,20000000,Construction,20,S,02,avg_weekly_hours,2023,M09,September,39.0,,2026-08-25 14:48:41.372731
CES2000000002,20000000,Construction,20,S,02,avg_weekly_hours,2023,M08,August,39.1,,2026-08-25 14:48:41.372731
CES2000000002,20000000,Construction,20,S,02,avg_weekly_hours,2023,M07,July,39.0,,2026-08-25 14:48:41.372731
CES2000000002,20000000,Construction,20,S,02,avg_weekly_hours,2023,M06,June,39.0,,2026-08-25 14:48:41.372731
CES2000000002,20000000,Construction,20,S,02,avg_weekly_hours,2023,M05,May,38.9,,2026-08-25 14:48:41.372731
CES2000000002,20000000,Construction,20,S,02,avg_weekly_hours,2023,M04,April,38.9,,2026-08-25 14:48:41.372731
CES2000000002,20000000,Construction,20,S,02,avg_weekly_hours,2023,M03,March,38.8,,2026-08-25 14:48:41.372731
CES2000000002,20000000,Construction,20,S,02,avg_weekly_hours,2023,M02,February,39.0,,2026-08-25 14:48:41.372731
CES2000000002,20000000,Construction,20,S,02,avg_weekly_hours,2023,M01,January,39.6,,2026-08-25 14:48:41.372731
CES2000000002,20000000,Construction,20,S,02,avg_weekly_hours,2022,M12,December,38.7,,2026-08-25 14:48:41.372731
CES2000000002,20000000,Construction,20,S,02,avg_weekly_hours,2022,M11,November,38.5,,2026-08-25 14:48:41.372731
CES2000000002,20000000,Construction,20,S,02,avg_weekly_hours,2022,M10,October,38.8,,2026-08-25 14:48:41.372731
CES2000000002,20000000,Construction,20,S,02,avg_weekly_hours,2022,M09,September,38.7,,2026-08-25 14:48:41.372731
CES2000000002,20000000,Construction,20,S,02,avg_weekly_hours,2022,M08,August,38.7,,2026-08-25 14:48:41.372731
CES2000000002,20000000,Construction,20,S,02,avg_weekly_hours,2022,M07,July,38.8,,2026-08-25 14:48:41.372731
CES2000000002,20000000,Construction,20,S,02,avg_weekly_hours,2022,M06,June,38.8,,2026-08-25 14:48:41.372731
CES2000000002,20000000,Construction,20,S,02,avg_weekly_hours,2022,M05,May,39.0,,2026-08-25 14:48:41.372731
CES2000000002,20000000,Construction,20,S,02,avg_weekly_hours,2022,M04,April,38.9,,2026-08-25 14:48:41.372731
CES2000000002,20000000,Construction,20,S,02,avg_weekly_hours,2022,M03,March,38.6,,2026-08-25 14:48:41.372731
CES2000000002,20000000,Construction,20,S,02,avg_weekly_hours,2022,M02,February,39.3,,2026-08-25 14:48:41.372731
CES2000000002,20000000,Construction,20,S,02,avg_weekly_hours,2022,M01,January,38.8,,2026-08-25 14:48:41.372731
CES2000000002,20000000,Construction,20,S,02,avg_weekly_hours,2021,M12,December,39.3,,2026-08-25 14:48:41.372731
CES2000000002,20000000,Construction,20,S,02,avg_weekly_hours,2021,M11,November,39.1,,2026-08-25 14:48:41.372731
CES2000000002,20000000,Construction,20,S,02,avg_weekly_hours,2021,M10,October,38.6,,2026-08-25 14:48:41.372731
CES2000000002,20000000,Construction,20,S,02,avg_weekly_hours,2021,M09,September,39.6,,2026-08-25 14:48:41.372731
CES2000000002,20000000,Construction,20,S,02,avg_weekly_hours,2021,M08,August,38.9,,2026-08-25 14:48:41.372731
CES2000000002,20000000,Construction,20,S,02,avg_weekly_hours,2021,M07,July,38.9,,2026-08-25 14:48:41.372731
CES2000000002,20000000,Construction,20,S,02,avg_weekly_hours,2021,M06,June,38.7,,2026-08-25 14:48:41.372731
CES2000000002,20000000,Construction,20,S,02,avg_weekly_hours,2021,M05,May,39.0,,2026-08-25 14:48:41.372731
CES2000000002,20000000,Construction,20,S,02,avg_weekly_hours,2021,M04,April,39.1,,2026-08-25 14:48:41.372731
CES2000000002,20000000,Construction,20,S,02,avg_weekly_hours,2021,M03,March,39.4,,2026-08-25 14:48:41.372731
CES2000000002,20000000,Construction,20,S,02,avg_weekly_hours,2021,M02,February,38.2,,2026-08-25 14:48:41.372731
CES2000000002,20000000,Construction,20,S,02,avg_weekly_hours,2021,M01,January,39.3,,2026-08-25 14:48:41.372731
CES2000000003,20000000,Construction,20,S,03,avg_hourly_earnings,2026,M07,July,41.46,P,2026-08-25 14:48:41.372731
CES2000000003,20000000,Construction,20,S,03,avg_hourly_earnings,2026,M06,June,41.36,P,2026-08-25 14:48:41.372731
CES2000000003,20000000,Construction,20,S,03,avg_hourly_earnings,2026,M05,May,41.21,,2026-08-25 14:48:41.372731
CES2000000003,20000000,Construction,20,S,03,avg_hourly_earnings,2026,M04,April,41.01,,2026-08-25 14:48:41.372731
CES2000000003,20000000,Construction,20,S,03,avg_hourly_earnings,2026,M03,March,40.92,,2026-08-25 14:48:41.372731
CES2000000003,20000000,Construction,20,S,03,avg_hourly_earnings,2026,M02,February,40.7,,2026-08-25 14:48:41.372731
CES2000000003,20000000,Construction,20,S,03,avg_hourly_earnings,2026,M01,January,40.53,,2026-08-25 14:48:41.372731
CES2000000003,20000000,Construction,20,S,03,avg_hourly_earnings,2025,M12,December,40.44,,2026-08-25 14:48:41.372731
CES2000000003,20000000,Construction,20,S,03,avg_hourly_earnings,2025,M11,November,40.27,,2026-08-25 14:48:41.372731
CES2000000003,20000000,Construction,20,S,03,avg_hourly_earnings,2025,M10,October,40.14,,2026-08-25 14:48:41.372731
CES2000000003,20000000,Construction,20,S,03,avg_hourly_earnings,2025,M09,September,40.01,,2026-08-25 14:48:41.372731
CES2000000003,20000000,Construction,20,S,03,avg_hourly_earnings,2025,M08,August,39.98,,2026-08-25 14:48:41.372731
CES2000000003,20000000,Construction,20,S,03,avg_hourly_earnings,2025,M07,July,39.73,,2026-08-25 14:48:41.372731
CES2000000003,20000000,Construction,20,S,03,avg_hourly_earnings,2025,M06,June,39.64,,2026-08-25 14:48:41.372731
CES2000000003,20000000,Construction,20,S,03,avg_hourly_earnings,2025,M05,May,39.47,,2026-08-25 14:48:41.372731
CES2000000003,20000000,Construction,20,S,03,avg_hourly_earnings,2025,M04,April,39.33,,2026-08-25 14:48:41.372731
CES2000000003,20000000,Construction,20,S,03,avg_hourly_earnings,2025,M03,March,39.22,,2026-08-25 14:48:41.372731
CES2000000003,20000000,Construction,20,S,03,avg_hourly_earnings,2025,M02,February,39.14,,2026-08-25 14:48:41.372731
CES2000000003,20000000,Construction,20,S,03,avg_hourly_earnings,2025,M01,January,39.07,,2026-08-25 14:48:41.372731
CES2000000003,20000000,Construction,20,S,03,avg_hourly_earnings,2024,M12,December,38.94,,2026-08-25 14:48:41.372731
CES2000000003,20000000,Construction,20,S,03,avg_hourly_earnings,2024,M11,November,38.77,,2026-08-25 14:48:41.372731
CES2000000003,20000000,Construction,20,S,03,avg_hourly_earnings,2024,M10,October,38.69,,2026-08-25 14:48:41.372731
CES2000000003,20000000,Construction,20,S,03,avg_hourly_earnings,2024,M09,September,38.55,,2026-08-25 14:48:41.372731
CES2000000003,20000000,Construction,20,S,03,avg_hourly_earnings,2024,M08,August,38.34,,2026-08-25 14:48:41.372731
CES2000000003,20000000,Construction,20,S,03,avg_hourly_earnings,2024,M07,July,38.29,,2026-08-25 14:48:41.372731
CES2000000003,20000000,Construction,20,S,03,avg_hourly_earnings,2024,M06,June,38.1,,2026-08-25 14:48:41.372731
CES2000000003,20000000,Construction,20,S,03,avg_hourly_earnings,2024,M05,May,38.04,,2026-08-25 14:48:41.372731
CES2000000003,20000000,Construction,20,S,03,avg_hourly_earnings,2024,M04,April,37.99,,2026-08-25 14:48:41.372731
CES2000000003,20000000,Construction,20,S,03,avg_hourly_earnings,2024,M03,March,37.77,,2026-08-25 14:48:41.372731
CES2000000003,20000000,Construction,20,S,03,avg_hourly_earnings,2024,M02,February,37.54,,2026-08-25 14:48:41.372731
CES2000000003,20000000,Construction,20,S,03,avg_hourly_earnings,2024,M01,January,37.51,,2026-08-25 14:48:41.372731
CES2000000003,20000000,Construction,20,S,03,avg_hourly_earnings,2023,M12,December,37.27,,2026-08-25 14:48:41.372731
CES2000000003,20000000,Construction,20,S,03,avg_hourly_earnings,2023,M11,November,37.2,,2026-08-25 14:48:41.372731
CES2000000003,20000000,Construction,20,S,03,avg_hourly_earnings,2023,M10,October,37.02,,2026-08-25 14:48:41.372731
CES2000000003,20000000,Construction,20,S,03,avg_hourly_earnings,2023,M09,September,36.87,,2026-08-25 14:48:41.372731
CES2000000003,20000000,Construction,20,S,03,avg_hourly_earnings,2023,M08,August,36.8,,2026-08-25 14:48:41.372731
CES2000000003,20000000,Construction,20,S,03,avg_hourly_earnings,2023,M07,July,36.72,,2026-08-25 14:48:41.372731
CES2000000003,20000000,Construction,20,S,03,avg_hourly_earnings,2023,M06,June,36.35,,2026-08-25 14:48:41.372731
CES2000000003,20000000,Construction,20,S,03,avg_hourly_earnings,2023,M05,May,36.28,,2026-08-25 14:48:41.372731
CES2000000003,20000000,Construction,20,S,03,avg_hourly_earnings,2023,M04,April,36.13,,2026-08-25 14:48:41.372731
CES2000000003,20000000,Construction,20,S,03,avg_hourly_earnings,2023,M03,March,36.0,,2026-08-25 14:48:41.372731
CES2000000003,20000000,Construction,20,S,03,avg_hourly_earnings,2023,M02,February,35.88,,2026-08-25 14:48:41.372731
CES2000000003,20000000,Construction,20,S,03,avg_hourly_earnings,2023,M01,January,35.6,,2026-08-25 14:48:41.372731
CES2000000003,20000000,Construction,20,S,03,avg_hourly_earnings,2022,M12,December,35.65,,2026-08-25 14:48:41.372731
CES2000000003,20000000,Construction,20,S,03,avg_hourly_earnings,2022,M11,November,35.45,,2026-08-25 14:48:41.372731
CES2000000003,20000000,Construction,20,S,03,avg_hourly_earnings,2022,M10,October,35.27,,2026-08-25 14:48:41.372731
CES2000000003,20000000,Construction,20,S,03,avg_hourly_earnings,2022,M09,September,35.11,,2026-08-25 14:48:41.372731
CES2000000003,20000000,Construction,20,S,03,avg_hourly_earnings,2022,M08,August,34.93,,2026-08-25 14:48:41.372731
CES2000000003,20000000,Construction,20,S,03,avg_hourly_earnings,2022,M07,July,34.82,,2026-08-25 14:48:41.372731
CES2000000003,20000000,Construction,20,S,03,avg_hourly_earnings,2022,M06,June,34.71,,2026-08-25 14:48:41.372731
CES2000000003,20000000,Construction,20,S,03,avg_hourly_earnings,2022,M05,May,34.54,,2026-08-25 14:48:41.372731
CES2000000003,20000000,Construction,20,S,03,avg_hourly_earnings,2022,M04,April,34.32,,2026-08-25 14:48:41.372731
CES2000000003,20000000,Construction,20,S,03,avg_hourly_earnings,2022,M03,March,34.14,,2026-08-25 14:48:41.372731
CES2000000003,20000000,Construction,20,S,03,avg_hourly_earnings,2022,M02,February,33.96,,2026-08-25 14:48:41.372731
CES2000000003,20000000,Construction,20,S,03,avg_hourly_earnings,2022,M01,January,33.83,,2026-08-25 14:48:41.372731
CES2000000003,20000000,Construction,20,S,03,avg_hourly_earnings,2021,M12,December,33.63,,2026-08-25 14:48:41.372731
CES2000000003,20000000,Construction,20,S,03,avg_hourly_earnings,2021,M11,November,33.46,,2026-08-25 14:48:41.372731
CES2000000003,20000000,Construction,20,S,03,avg_hourly_earnings,2021,M10,October,33.39,,2026-08-25 14:48:41.372731
CES2000000003,20000000,Construction,20,S,03,avg_hourly_earnings,2021,M09,September,33.27,,2026-08-25 14:48:41.372731
CES2000000003,20000000,Construction,20,S,03,avg_hourly_earnings,2021,M08,August,33.08,,2026-08-25 14:48:41.372731
CES2000000003,20000000,Construction,20,S,03,avg_hourly_earnings,2021,M07,July,32.92,,2026-08-25 14:48:41.372731
CES2000000003,20000000,Construction,20,S,03,avg_hourly_earnings,2021,M06,June,32.82,,2026-08-25 14:48:41.372731
CES2000000003,20000000,Construction,20,S,03,avg_hourly_earnings,2021,M05,May,32.72,,2026-08-25 14:48:41.372731
CES2000000003,20000000,Construction,20,S,03,avg_hourly_earnings,2021,M04,April,32.55,,2026-08-25 14:48:41.372731
CES2000000003,20000000,Construction,20,S,03,avg_hourly_earnings,2021,M03,March,32.24,,2026-08-25 14:48:41.372731
CES2000000003,20000000,Construction,20,S,03,avg_hourly_earnings,2021,M02,February,32.28,,2026-08-25 14:48:41.372731
CES2000000003,20000000,Construction,20,S,03,avg_hourly_earnings,2021,M01,January,32.15,,2026-08-25 14:48:41.372731
CES2000000011,20000000,Construction,20,S,11,avg_weekly_earnings,2026,M07,July,1637.67,P,2026-08-25 14:48:41.372731
CES2000000011,20000000,Construction,20,S,11,avg_weekly_earnings,2026,M06,June,1625.45,P,2026-08-25 14:48:41.372731
CES2000000011,20000000,Construction,20,S,11,avg_weekly_earnings,2026,M05,May,1619.55,,2026-08-25 14:48:41.372731
CES2000000011,20000000,Construction,20,S,11,avg_weekly_earnings,2026,M04,April,1611.69,,2026-08-25 14:48:41.372731
CES2000000011,20000000,Construction,20,S,11,avg_weekly_earnings,2026,M03,March,1604.06,,2026-08-25 14:48:41.372731
CES2000000011,20000000,Construction,20,S,11,avg_weekly_earnings,2026,M02,February,1611.72,,2026-08-25 14:48:41.372731
CES2000000011,20000000,Construction,20,S,11,avg_weekly_earnings,2026,M01,January,1600.94,,2026-08-25 14:48:41.372731
CES2000000011,20000000,Construction,20,S,11,avg_weekly_earnings,2025,M12,December,1573.12,,2026-08-25 14:48:41.372731
CES2000000011,20000000,Construction,20,S,11,avg_weekly_earnings,2025,M11,November,1578.58,,2026-08-25 14:48:41.372731
CES2000000011,20000000,Construction,20,S,11,avg_weekly_earnings,2025,M10,October,1561.45,,2026-08-25 14:48:41.372731
CES2000000011,20000000,Construction,20,S,11,avg_weekly_earnings,2025,M09,September,1560.39,,2026-08-25 14:48:41.372731
CES2000000011,20000000,Construction,20,S,11,avg_weekly_earnings,2025,M08,August,1555.22,,2026-08-25 14:48:41.372731
CES2000000011,20000000,Construction,20,S,11,avg_weekly_earnings,2025,M07,July,1549.47,,2026-08-25 14:48:41.372731
CES2000000011,20000000,Construction,20,S,11,avg_weekly_earnings,2025,M06,June,1542.0,,2026-08-25 14:48:41.372731
CES2000000011,20000000,Construction,20,S,11,avg_weekly_earnings,2025,M05,May,1539.33,,2026-08-25 14:48:41.372731
CES2000000011,20000000,Construction,20,S,11,avg_weekly_earnings,2025,M04,April,1533.87,,2026-08-25 14:48:41.372731
CES2000000011,20000000,Construction,20,S,11,avg_weekly_earnings,2025,M03,March,1541.35,,2026-08-25 14:48:41.372731
CES2000000011,20000000,Construction,20,S,11,avg_weekly_earnings,2025,M02,February,1514.72,,2026-08-25 14:48:41.372731
CES2000000011,20000000,Construction,20,S,11,avg_weekly_earnings,2025,M01,January,1515.92,,2026-08-25 14:48:41.372731
CES2000000011,20000000,Construction,20,S,11,avg_weekly_earnings,2024,M12,December,1510.87,,2026-08-25 14:48:41.372731
CES2000000011,20000000,Construction,20,S,11,avg_weekly_earnings,2024,M11,November,1504.28,,2026-08-25 14:48:41.372731
CES2000000011,20000000,Construction,20,S,11,avg_weekly_earnings,2024,M10,October,1508.91,,2026-08-25 14:48:41.372731
CES2000000011,20000000,Construction,20,S,11,avg_weekly_earnings,2024,M09,September,1507.31,,2026-08-25 14:48:41.372731
CES2000000011,20000000,Construction,20,S,11,avg_weekly_earnings,2024,M08,August,1491.43,,2026-08-25 14:48:41.372731
CES2000000011,20000000,Construction,20,S,11,avg_weekly_earnings,2024,M07,July,1485.65,,2026-08-25 14:48:41.372731
CES2000000011,20000000,Construction,20,S,11,avg_weekly_earnings,2024,M06,June,1497.33,,2026-08-25 14:48:41.372731
CES2000000011,20000000,Construction,20,S,11,avg_weekly_earnings,2024,M05,May,1483.56,,2026-08-25 14:48:41.372731
CES2000000011,20000000,Construction,20,S,11,avg_weekly_earnings,2024,M04,April,1466.41,,2026-08-25 14:48:41.372731
CES2000000011,20000000,Construction,20,S,11,avg_weekly_earnings,2024,M03,March,1484.36,,2026-08-25 14:48:41.372731
CES2000000011,20000000,Construction,20,S,11,avg_weekly_earnings,2024,M02,February,1464.06,,2026-08-25 14:48:41.372731
CES2000000011,20000000,Construction,20,S,11,avg_weekly_earnings,2024,M01,January,1451.64,,2026-08-25 14:48:41.372731
CES2000000011,20000000,Construction,20,S,11,avg_weekly_earnings,2023,M12,December,1457.26,,2026-08-25 14:48:41.372731
CES2000000011,20000000,Construction,20,S,11,avg_weekly_earnings,2023,M11,November,1461.96,,2026-08-25 14:48:41.372731
CES2000000011,20000000,Construction,20,S,11,avg_weekly_earnings,2023,M10,October,1447.48,,2026-08-25 14:48:41.372731
CES2000000011,20000000,Construction,20,S,11,avg_weekly_earnings,2023,M09,September,1437.93,,2026-08-25 14:48:41.372731
CES2000000011,20000000,Construction,20,S,11,avg_weekly_earnings,2023,M08,August,1438.88,,2026-08-25 14:48:41.372731
CES2000000011,20000000,Construction,20,S,11,avg_weekly_earnings,2023,M07,July,1432.08,,2026-08-25 14:48:41.372731
CES2000000011,20000000,Construction,20,S,11,avg_weekly_earnings,2023,M06,June,1417.65,,2026-08-25 14:48:41.372731
CES2000000011,20000000,Construction,20,S,11,avg_weekly_earnings,2023,M05,May,1411.29,,2026-08-25 14:48:41.372731
CES2000000011,20000000,Construction,20,S,11,avg_weekly_earnings,2023,M04,April,1405.46,,2026-08-25 14:48:41.372731
CES2000000011,20000000,Construction,20,S,11,avg_weekly_earnings,2023,M03,March,1396.8,,2026-08-25 14:48:41.372731
CES2000000011,20000000,Construction,20,S,11,avg_weekly_earnings,2023,M02,February,1399.32,,2026-08-25 14:48:41.372731
CES2000000011,20000000,Construction,20,S,11,avg_weekly_earnings,2023,M01,January,1409.76,,2026-08-25 14:48:41.372731
CES2000000011,20000000,Construction,20,S,11,avg_weekly_earnings,2022,M12,December,1379.66,,2026-08-25 14:48:41.372731
CES2000000011,20000000,Construction,20,S,11,avg_weekly_earnings,2022,M11,November,1364.83,,2026-08-25 14:48:41.372731
CES2000000011,20000000,Construction,20,S,11,avg_weekly_earnings,2022,M10,October,1368.48,,2026-08-25 14:48:41.372731
CES2000000011,20000000,Construction,20,S,11,avg_weekly_earnings,2022,M09,September,1358.76,,2026-08-25 14:48:41.372731
CES2000000011,20000000,Construction,20,S,11,avg_weekly_earnings,2022,M08,August,1351.79,,2026-08-25 14:48:41.372731
CES2000000011,20000000,Construction,20,S,11,avg_weekly_earnings,2022,M07,July,1351.02,,2026-08-25 14:48:41.372731
CES2000000011,20000000,Construction,20,S,11,avg_weekly_earnings,2022,M06,June,1346.75,,2026-08-25 14:48:41.372731
CES2000000011,20000000,Construction,20,S,11,avg_weekly_earnings,2022,M05,May,1347.06,,2026-08-25 14:48:41.372731
CES2000000011,20000000,Construction,20,S,11,avg_weekly_earnings,2022,M04,April,1335.05,,2026-08-25 14:48:41.372731
CES2000000011,20000000,Construction,20,S,11,avg_weekly_earnings,2022,M03,March,1317.8,,2026-08-25 14:48:41.372731
CES2000000011,20000000,Construction,20,S,11,avg_weekly_earnings,2022,M02,February,1334.63,,2026-08-25 14:48:41.372731
CES2000000011,20000000,Construction,20,S,11,avg_weekly_earnings,2022,M01,January,1312.6,,2026-08-25 14:48:41.372731
CES2000000011,20000000,Construction,20,S,11,avg_weekly_earnings,2021,M12,December,1321.66,,2026-08-25 14:48:41.372731
CES2000000011,20000000,Construction,20,S,11,avg_weekly_earnings,2021,M11,November,1308.29,,2026-08-25 14:48:41.372731
CES2000000011,20000000,Construction,20,S,11,avg_weekly_earnings,2021,M10,October,1288.85,,2026-08-25 14:48:41.372731
CES2000000011,20000000,Construction,20,S,11,avg_weekly_earnings,2021,M09,September,1317.49,,2026-08-25 14:48:41.372731
CES2000000011,20000000,Construction,20,S,11,avg_weekly_earnings,2021,M08,August,1286.81,,2026-08-25 14:48:41.372731
CES2000000011,20000000,Construction,20,S,11,avg_weekly_earnings,2021,M07,July,1280.59,,2026-08-25 14:48:41.372731
CES2000000011,20000000,Construction,20,S,11,avg_weekly_earnings,2021,M06,June,1270.13,,2026-08-25 14:48:41.372731
CES2000000011,20000000,Construction,20,S,11,avg_weekly_earnings,2021,M05,May,1276.08,,2026-08-25 14:48:41.372731
CES2000000011,20000000,Construction,20,S,11,avg_weekly_earnings,2021,M04,April,1272.71,,2026-08-25 14:48:41.372731
CES2000000011,20000000,Construction,20,S,11,avg_weekly_earnings,2021,M03,March,1270.26,,2026-08-25 14:48:41.372731
CES2000000011,20000000,Construction,20,S,11,avg_weekly_earnings,2021,M02,February,1233.1,,2026-08-25 14:48:41.372731
CES2000000011,20000000,Construction,20,S,11,avg_weekly_earnings,2021,M01,January,1263.5,,2026-08-25 14:48:41.372731
CES3000000001,30000000,Manufacturing,30,S,01,all_employees_thousands,2026,M07,July,12611.0,P,2026-08-25 14:48:41.372731
CES3000000001,30000000,Manufacturing,30,S,01,all_employees_thousands,2026,M06,June,12606.0,P,2026-08-25 14:48:41.372731
CES3000000001,30000000,Manufacturing,30,S,01,all_employees_thousands,2026,M05,May,12595.0,,2026-08-25 14:48:41.372731
CES3000000001,30000000,Manufacturing,30,S,01,all_employees_thousands,2026,M04,April,12597.0,,2026-08-25 14:48:41.372731
CES3000000001,30000000,Manufacturing,30,S,01,all_employees_thousands,2026,M03,March,12598.0,,2026-08-25 14:48:41.372731
CES3000000001,30000000,Manufacturing,30,S,01,all_employees_thousands,2026,M02,February,12583.0,,2026-08-25 14:48:41.372731
CES3000000001,30000000,Manufacturing,30,S,01,all_employees_thousands,2026,M01,January,12582.0,,2026-08-25 14:48:41.372731
CES3000000001,30000000,Manufacturing,30,S,01,all_employees_thousands,2025,M12,December,12580.0,,2026-08-25 14:48:41.372731
CES3000000001,30000000,Manufacturing,30,S,01,all_employees_thousands,2025,M11,November,12593.0,,2026-08-25 14:48:41.372731
CES3000000001,30000000,Manufacturing,30,S,01,all_employees_thousands,2025,M10,October,12603.0,,2026-08-25 14:48:41.372731
CES3000000001,30000000,Manufacturing,30,S,01,all_employees_thousands,2025,M09,September,12612.0,,2026-08-25 14:48:41.372731
CES3000000001,30000000,Manufacturing,30,S,01,all_employees_thousands,2025,M08,August,12615.0,,2026-08-25 14:48:41.372731
CES3000000001,30000000,Manufacturing,30,S,01,all_employees_thousands,2025,M07,July,12625.0,,2026-08-25 14:48:41.372731
CES3000000001,30000000,Manufacturing,30,S,01,all_employees_thousands,2025,M06,June,12636.0,,2026-08-25 14:48:41.372731
CES3000000001,30000000,Manufacturing,30,S,01,all_employees_thousands,2025,M05,May,12651.0,,2026-08-25 14:48:41.372731
CES3000000001,30000000,Manufacturing,30,S,01,all_employees_thousands,2025,M04,April,12662.0,,2026-08-25 14:48:41.372731
CES3000000001,30000000,Manufacturing,30,S,01,all_employees_thousands,2025,M03,March,12666.0,,2026-08-25 14:48:41.372731
CES3000000001,30000000,Manufacturing,30,S,01,all_employees_thousands,2025,M02,February,12671.0,,2026-08-25 14:48:41.372731
CES3000000001,30000000,Manufacturing,30,S,01,all_employees_thousands,2025,M01,January,12673.0,,2026-08-25 14:48:41.372731
CES3000000001,30000000,Manufacturing,30,S,01,all_employees_thousands,2024,M12,December,12693.0,,2026-08-25 14:48:41.372731
CES3000000001,30000000,Manufacturing,30,S,01,all_employees_thousands,2024,M11,November,12711.0,,2026-08-25 14:48:41.372731
CES3000000001,30000000,Manufacturing,30,S,01,all_employees_thousands,2024,M10,October,12697.0,,2026-08-25 14:48:41.372731
CES3000000001,30000000,Manufacturing,30,S,01,all_employees_thousands,2024,M09,September,12758.0,,2026-08-25 14:48:41.372731
CES3000000001,30000000,Manufacturing,30,S,01,all_employees_thousands,2024,M08,August,12772.0,,2026-08-25 14:48:41.372731
CES3000000001,30000000,Manufacturing,30,S,01,all_employees_thousands,2024,M07,July,12806.0,,2026-08-25 14:48:41.372731
CES3000000001,30000000,Manufacturing,30,S,01,all_employees_thousands,2024,M06,June,12814.0,,2026-08-25 14:48:41.372731
CES3000000001,30000000,Manufacturing,30,S,01,all_employees_thousands,2024,M05,May,12825.0,,2026-08-25 14:48:41.372731
CES3000000001,30000000,Manufacturing,30,S,01,all_employees_thousands,2024,M04,April,12833.0,,2026-08-25 14:48:41.372731
CES3000000001,30000000,Manufacturing,30,S,01,all_employees_thousands,2024,M03,March,12836.0,,2026-08-25 14:48:41.372731
CES3000000001,30000000,Manufacturing,30,S,01,all_employees_thousands,2024,M02,February,12852.0,,2026-08-25 14:48:41.372731
CES3000000001,30000000,Manufacturing,30,S,01,all_employees_thousands,2024,M01,January,12875.0,,2026-08-25 14:48:41.372731
CES3000000001,30000000,Manufacturing,30,S,01,all_employees_thousands,2023,M12,December,12872.0,,2026-08-25 14:48:41.372731
CES3000000001,30000000,Manufacturing,30,S,01,all_employees_thousands,2023,M11,November,12859.0,,2026-08-25 14:48:41.372731
CES3000000001,30000000,Manufacturing,30,S,01,all_employees_thousands,2023,M10,October,12837.0,,2026-08-25 14:48:41.372731
CES3000000001,30000000,Manufacturing,30,S,01,all_employees_thousands,2023,M09,September,12872.0,,2026-08-25 14:48:41.372731
CES3000000001,30000000,Manufacturing,30,S,01,all_employees_thousands,2023,M08,August,12861.0,,2026-08-25 14:48:41.372731
CES3000000001,30000000,Manufacturing,30,S,01,all_employees_thousands,2023,M07,July,12862.0,,2026-08-25 14:48:41.372731
CES3000000001,30000000,Manufacturing,30,S,01,all_employees_thousands,2023,M06,June,12875.0,,2026-08-25 14:48:41.372731
CES3000000001,30000000,Manufacturing,30,S,01,all_employees_thousands,2023,M05,May,12869.0,,2026-08-25 14:48:41.372731
CES3000000001,30000000,Manufacturing,30,S,01,all_employees_thousands,2023,M04,April,12884.0,,2026-08-25 14:48:41.372731
CES3000000001,30000000,Manufacturing,30,S,01,all_employees_thousands,2023,M03,March,12888.0,,2026-08-25 14:48:41.372731
CES3000000001,30000000,Manufacturing,30,S,01,all_employees_thousands,2023,M02,February,12898.0,,2026-08-25 14:48:41.372731
CES3000000001,30000000,Manufacturing,30,S,01,all_employees_thousands,2023,M01,January,12903.0,,2026-08-25 14:48:41.372731
CES3000000001,30000000,Manufacturing,30,S,01,all_employees_thousands,2022,M12,December,12895.0,,2026-08-25 14:48:41.372731
CES3000000001,30000000,Manufacturing,30,S,01,all_employees_thousands,2022,M11,November,12896.0,,2026-08-25 14:48:41.372731
CES3000000001,30000000,Manufacturing,30,S,01,all_employees_thousands,2022,M10,October,12883.0,,2026-08-25 14:48:41.372731
CES3000000001,30000000,Manufacturing,30,S,01,all_employees_thousands,2022,M09,September,12849.0,,2026-08-25 14:48:41.372731
CES3000000001,30000000,Manufacturing,30,S,01,all_employees_thousands,2022,M08,August,12832.0,,2026-08-25 14:48:41.372731
CES3000000001,30000000,Manufacturing,30,S,01,all_employees_thousands,2022,M07,July,12800.0,,2026-08-25 14:48:41.372731
CES3000000001,30000000,Manufacturing,30,S,01,all_employees_thousands,2022,M06,June,12767.0,,2026-08-25 14:48:41.372731
CES3000000001,30000000,Manufacturing,30,S,01,all_employees_thousands,2022,M05,May,12735.0,,2026-08-25 14:48:41.372731
CES3000000001,30000000,Manufacturing,30,S,01,all_employees_thousands,2022,M04,April,12726.0,,2026-08-25 14:48:41.372731
CES3000000001,30000000,Manufacturing,30,S,01,all_employees_thousands,2022,M03,March,12674.0,,2026-08-25 14:48:41.372731
CES3000000001,30000000,Manufacturing,30,S,01,all_employees_thousands,2022,M02,February,12601.0,,2026-08-25 14:48:41.372731
CES3000000001,30000000,Manufacturing,30,S,01,all_employees_thousands,2022,M01,January,12564.0,,2026-08-25 14:48:41.372731
CES3000000001,30000000,Manufacturing,30,S,01,all_employees_thousands,2021,M12,December,12537.0,,2026-08-25 14:48:41.372731
CES3000000001,30000000,Manufacturing,30,S,01,all_employees_thousands,2021,M11,November,12498.0,,2026-08-25 14:48:41.372731
CES3000000001,30000000,Manufacturing,30,S,01,all_employees_thousands,2021,M10,October,12453.0,,2026-08-25 14:48:41.372731
CES3000000001,30000000,Manufacturing,30,S,01,all_employees_thousands,2021,M09,September,12393.0,,2026-08-25 14:48:41.372731
CES3000000001,30000000,Manufacturing,30,S,01,all_employees_thousands,2021,M08,August,12353.0,,2026-08-25 14:48:41.372731
CES3000000001,30000000,Manufacturing,30,S,01,all_employees_thousands,2021,M07,July,12305.0,,2026-08-25 14:48:41.372731
CES3000000001,30000000,Manufacturing,30,S,01,all_employees_thousands,2021,M06,June,12247.0,,2026-08-25 14:48:41.372731
CES3000000001,30000000,Manufacturing,30,S,01,all_employees_thousands,2021,M05,May,12216.0,,2026-08-25 14:48:41.372731
CES3000000001,30000000,Manufacturing,30,S,01,all_employees_thousands,2021,M04,April,12193.0,,2026-08-25 14:48:41.372731
CES3000000001,30000000,Manufacturing,30,S,01,all_employees_thousands,2021,M03,March,12229.0,,2026-08-25 14:48:41.372731
CES3000000001,30000000,Manufacturing,30,S,01,all_employees_thousands,2021,M02,February,12172.0,,2026-08-25 14:48:41.372731
CES3000000001,30000000,Manufacturing,30,S,01,all_employees_thousands,2021,M01,January,12142.0,,2026-08-25 14:48:41.372731
CES3000000002,30000000,Manufacturing,30,S,02,avg_weekly_hours,2026,M07,July,40.4,P,2026-08-25 14:48:41.372731
CES3000000002,30000000,Manufacturing,30,S,02,avg_weekly_hours,2026,M06,June,40.4,P,2026-08-25 14:48:41.372731
CES3000000002,30000000,Manufacturing,30,S,02,avg_weekly_hours,2026,M05,May,40.4,,2026-08-25 14:48:41.372731
CES3000000002,30000000,Manufacturing,30,S,02,avg_weekly_hours,2026,M04,April,40.4,,2026-08-25 14:48:41.372731
CES3000000002,30000000,Manufacturing,30,S,02,avg_weekly_hours,2026,M03,March,40.3,,2026-08-25 14:48:41.372731
CES3000000002,30000000,Manufacturing,30,S,02,avg_weekly_hours,2026,M02,February,40.2,,2026-08-25 14:48:41.372731
CES3000000002,30000000,Manufacturing,30,S,02,avg_weekly_hours,2026,M01,January,40.2,,2026-08-25 14:48:41.372731
CES3000000002,30000000,Manufacturing,30,S,02,avg_weekly_hours,2025,M12,December,40.0,,2026-08-25 14:48:41.372731
CES3000000002,30000000,Manufacturing,30,S,02,avg_weekly_hours,2025,M11,November,40.1,,2026-08-25 14:48:41.372731
CES3000000002,30000000,Manufacturing,30,S,02,avg_weekly_hours,2025,M10,October,40.0,,2026-08-25 14:48:41.372731
CES3000000002,30000000,Manufacturing,30,S,02,avg_weekly_hours,2025,M09,September,40.0,,2026-08-25 14:48:41.372731
CES3000000002,30000000,Manufacturing,30,S,02,avg_weekly_hours,2025,M08,August,40.0,,2026-08-25 14:48:41.372731
CES3000000002,30000000,Manufacturing,30,S,02,avg_weekly_hours,2025,M07,July,40.2,,2026-08-25 14:48:41.372731
CES3000000002,30000000,Manufacturing,30,S,02,avg_weekly_hours,2025,M06,June,40.1,,2026-08-25 14:48:41.372731
CES3000000002,30000000,Manufacturing,30,S,02,avg_weekly_hours,2025,M05,May,40.1,,2026-08-25 14:48:41.372731
CES3000000002,30000000,Manufacturing,30,S,02,avg_weekly_hours,2025,M04,April,40.1,,2026-08-25 14:48:41.372731
CES3000000002,30000000,Manufacturing,30,S,02,avg_weekly_hours,2025,M03,March,40.3,,2026-08-25 14:48:41.372731
CES3000000002,30000000,Manufacturing,30,S,02,avg_weekly_hours,2025,M02,February,40.1,,2026-08-25 14:48:41.372731
CES3000000002,30000000,Manufacturing,30,S,02,avg_weekly_hours,2025,M01,January,40.0,,2026-08-25 14:48:41.372731
CES3000000002,30000000,Manufacturing,30,S,02,avg_weekly_hours,2024,M12,December,40.1,,2026-08-25 14:48:41.372731
CES3000000002,30000000,Manufacturing,30,S,02,avg_weekly_hours,2024,M11,November,40.1,,2026-08-25 14:48:41.372731
CES3000000002,30000000,Manufacturing,30,S,02,avg_weekly_hours,2024,M10,October,39.9,,2026-08-25 14:48:41.372731
CES3000000002,30000000,Manufacturing,30,S,02,avg_weekly_hours,2024,M09,September,40.1,,2026-08-25 14:48:41.372731
CES3000000002,30000000,Manufacturing,30,S,02,avg_weekly_hours,2024,M08,August,40.1,,2026-08-25 14:48:41.372731
CES3000000002,30000000,Manufacturing,30,S,02,avg_weekly_hours,2024,M07,July,39.9,,2026-08-25 14:48:41.372731
CES3000000002,30000000,Manufacturing,30,S,02,avg_weekly_hours,2024,M06,June,40.1,,2026-08-25 14:48:41.372731
CES3000000002,30000000,Manufacturing,30,S,02,avg_weekly_hours,2024,M05,May,40.1,,2026-08-25 14:48:41.372731
CES3000000002,30000000,Manufacturing,30,S,02,avg_weekly_hours,2024,M04,April,40.1,,2026-08-25 14:48:41.372731
CES3000000002,30000000,Manufacturing,30,S,02,avg_weekly_hours,2024,M03,March,40.0,,2026-08-25 14:48:41.372731
CES3000000002,30000000,Manufacturing,30,S,02,avg_weekly_hours,2024,M02,February,40.0,,2026-08-25 14:48:41.372731
CES3000000002,30000000,Manufacturing,30,S,02,avg_weekly_hours,2024,M01,January,39.9,,2026-08-25 14:48:41.372731
CES3000000002,30000000,Manufacturing,30,S,02,avg_weekly_hours,2023,M12,December,39.8,,2026-08-25 14:48:41.372731
CES3000000002,30000000,Manufacturing,30,S,02,avg_weekly_hours,2023,M11,November,39.9,,2026-08-25 14:48:41.372731
CES3000000002,30000000,Manufacturing,30,S,02,avg_weekly_hours,2023,M10,October,40.1,,2026-08-25 14:48:41.372731
CES3000000002,30000000,Manufacturing,30,S,02,avg_weekly_hours,2023,M09,September,40.1,,2026-08-25 14:48:41.372731
CES3000000002,30000000,Manufacturing,30,S,02,avg_weekly_hours,2023,M08,August,40.0,,2026-08-25 14:48:41.372731
CES3000000002,30000000,Manufacturing,30,S,02,avg_weekly_hours,2023,M07,July,40.0,,2026-08-25 14:48:41.372731
CES3000000002,30000000,Manufacturing,30,S,02,avg_weekly_hours,2023,M06,June,40.1,,2026-08-25 14:48:41.372731
CES3000000002,30000000,Manufacturing,30,S,02,avg_weekly_hours,2023,M05,May,40.1,,2026-08-25 14:48:41.372731
CES3000000002,30000000,Manufacturing,30,S,02,avg_weekly_hours,2023,M04,April,40.1,,2026-08-25 14:48:41.372731
CES3000000002,30000000,Manufacturing,30,S,02,avg_weekly_hours,2023,M03,March,40.2,,2026-08-25 14:48:41.372731
CES3000000002,30000000,Manufacturing,30,S,02,avg_weekly_hours,2023,M02,February,40.3,,2026-08-25 14:48:41.372731
CES3000000002,30000000,Manufacturing,30,S,02,avg_weekly_hours,2023,M01,January,40.6,,2026-08-25 14:48:41.372731
CES3000000002,30000000,Manufacturing,30,S,02,avg_weekly_hours,2022,M12,December,40.1,,2026-08-25 14:48:41.372731
CES3000000002,30000000,Manufacturing,30,S,02,avg_weekly_hours,2022,M11,November,40.3,,2026-08-25 14:48:41.372731
CES3000000002,30000000,Manufacturing,30,S,02,avg_weekly_hours,2022,M10,October,40.4,,2026-08-25 14:48:41.372731
CES3000000002,30000000,Manufacturing,30,S,02,avg_weekly_hours,2022,M09,September,40.3,,2026-08-25 14:48:41.372731
CES3000000002,30000000,Manufacturing,30,S,02,avg_weekly_hours,2022,M08,August,40.3,,2026-08-25 14:48:41.372731
CES3000000002,30000000,Manufacturing,30,S,02,avg_weekly_hours,2022,M07,July,40.4,,2026-08-25 14:48:41.372731
CES3000000002,30000000,Manufacturing,30,S,02,avg_weekly_hours,2022,M06,June,40.3,,2026-08-25 14:48:41.372731
CES3000000002,30000000,Manufacturing,30,S,02,avg_weekly_hours,2022,M05,May,40.4,,2026-08-25 14:48:41.372731
CES3000000002,30000000,Manufacturing,30,S,02,avg_weekly_hours,2022,M04,April,40.4,,2026-08-25 14:48:41.372731
CES3000000002,30000000,Manufacturing,30,S,02,avg_weekly_hours,2022,M03,March,40.6,,2026-08-25 14:48:41.372731
CES3000000002,30000000,Manufacturing,30,S,02,avg_weekly_hours,2022,M02,February,40.6,,2026-08-25 14:48:41.372731
CES3000000002,30000000,Manufacturing,30,S,02,avg_weekly_hours,2022,M01,January,40.3,,2026-08-25 14:48:41.372731
CES3000000002,30000000,Manufacturing,30,S,02,avg_weekly_hours,2021,M12,December,40.5,,2026-08-25 14:48:41.372731
CES3000000002,30000000,Manufacturing,30,S,02,avg_weekly_hours,2021,M11,November,40.5,,2026-08-25 14:48:41.372731
CES3000000002,30000000,Manufacturing,30,S,02,avg_weekly_hours,2021,M10,October,40.3,,2026-08-25 14:48:41.372731
CES3000000002,30000000,Manufacturing,30,S,02,avg_weekly_hours,2021,M09,September,40.5,,2026-08-25 14:48:41.372731
CES3000000002,30000000,Manufacturing,30,S,02,avg_weekly_hours,2021,M08,August,40.5,,2026-08-25 14:48:41.372731
CES3000000002,30000000,Manufacturing,30,S,02,avg_weekly_hours,2021,M07,July,40.4,,2026-08-25 14:48:41.372731
CES3000000002,30000000,Manufacturing,30,S,02,avg_weekly_hours,2021,M06,June,40.3,,2026-08-25 14:48:41.372731
CES3000000002,30000000,Manufacturing,30,S,02,avg_weekly_hours,2021,M05,May,40.4,,2026-08-25 14:48:41.372731
CES3000000002,30000000,Manufacturing,30,S,02,avg_weekly_hours,2021,M04,April,40.4,,2026-08-25 14:48:41.372731
CES3000000002,30000000,Manufacturing,30,S,02,avg_weekly_hours,2021,M03,March,40.4,,2026-08-25 14:48:41.372731
CES3000000002,30000000,Manufacturing,30,S,02,avg_weekly_hours,2021,M02,February,40.2,,2026-08-25 14:48:41.372731
CES3000000002,30000000,Manufacturing,30,S,02,avg_weekly_hours,2021,M01,January,40.5,,2026-08-25 14:48:41.372731
CES3000000003,30000000,Manufacturing,30,S,03,avg_hourly_earnings,2026,M07,July,36.87,P,2026-08-25 14:48:41.372731
CES3000000003,30000000,Manufacturing,30,S,03,avg_hourly_earnings,2026,M06,June,36.74,P,2026-08-25 14:48:41.372731
CES3000000003,30000000,Manufacturing,30,S,03,avg_hourly_earnings,2026,M05,May,36.71,,2026-08-25 14:48:41.372731
CES3000000003,30000000,Manufacturing,30,S,03,avg_hourly_earnings,2026,M04,April,36.64,,2026-08-25 14:48:41.372731
CES3000000003,30000000,Manufacturing,30,S,03,avg_hourly_earnings,2026,M03,March,36.53,,2026-08-25 14:48:41.372731
CES3000000003,30000000,Manufacturing,30,S,03,avg_hourly_earnings,2026,M02,February,36.39,,2026-08-25 14:48:41.372731
CES3000000003,30000000,Manufacturing,30,S,03,avg_hourly_earnings,2026,M01,January,36.2,,2026-08-25 14:48:41.372731
CES3000000003,30000000,Manufacturing,30,S,03,avg_hourly_earnings,2025,M12,December,36.08,,2026-08-25 14:48:41.372731
CES3000000003,30000000,Manufacturing,30,S,03,avg_hourly_earnings,2025,M11,November,35.99,,2026-08-25 14:48:41.372731
CES3000000003,30000000,Manufacturing,30,S,03,avg_hourly_earnings,2025,M10,October,35.87,,2026-08-25 14:48:41.372731
CES3000000003,30000000,Manufacturing,30,S,03,avg_hourly_earnings,2025,M09,September,35.7,,2026-08-25 14:48:41.372731
CES3000000003,30000000,Manufacturing,30,S,03,avg_hourly_earnings,2025,M08,August,35.58,,2026-08-25 14:48:41.372731
CES3000000003,30000000,Manufacturing,30,S,03,avg_hourly_earnings,2025,M07,July,35.51,,2026-08-25 14:48:41.372731
CES3000000003,30000000,Manufacturing,30,S,03,avg_hourly_earnings,2025,M06,June,35.37,,2026-08-25 14:48:41.372731
CES3000000003,30000000,Manufacturing,30,S,03,avg_hourly_earnings,2025,M05,May,35.31,,2026-08-25 14:48:41.372731
CES3000000003,30000000,Manufacturing,30,S,03,avg_hourly_earnings,2025,M04,April,35.13,,2026-08-25 14:48:41.372731
CES3000000003,30000000,Manufacturing,30,S,03,avg_hourly_earnings,2025,M03,March,35.25,,2026-08-25 14:48:41.372731
CES3000000003,30000000,Manufacturing,30,S,03,avg_hourly_earnings,2025,M02,February,34.88,,2026-08-25 14:48:41.372731
CES3000000003,30000000,Manufacturing,30,S,03,avg_hourly_earnings,2025,M01,January,34.73,,2026-08-25 14:48:41.372731
CES3000000003,30000000,Manufacturing,30,S,03,avg_hourly_earnings,2024,M12,December,34.56,,2026-08-25 14:48:41.372731
CES3000000003,30000000,Manufacturing,30,S,03,avg_hourly_earnings,2024,M11,November,34.51,,2026-08-25 14:48:41.372731
CES3000000003,30000000,Manufacturing,30,S,03,avg_hourly_earnings,2024,M10,October,34.39,,2026-08-25 14:48:41.372731
CES3000000003,30000000,Manufacturing,30,S,03,avg_hourly_earnings,2024,M09,September,34.29,,2026-08-25 14:48:41.372731
CES3000000003,30000000,Manufacturing,30,S,03,avg_hourly_earnings,2024,M08,August,34.21,,2026-08-25 14:48:41.372731
CES3000000003,30000000,Manufacturing,30,S,03,avg_hourly_earnings,2024,M07,July,34.08,,2026-08-25 14:48:41.372731
CES3000000003,30000000,Manufacturing,30,S,03,avg_hourly_earnings,2024,M06,June,33.99,,2026-08-25 14:48:41.372731
CES3000000003,30000000,Manufacturing,30,S,03,avg_hourly_earnings,2024,M05,May,33.79,,2026-08-25 14:48:41.372731
CES3000000003,30000000,Manufacturing,30,S,03,avg_hourly_earnings,2024,M04,April,33.61,,2026-08-25 14:48:41.372731
CES3000000003,30000000,Manufacturing,30,S,03,avg_hourly_earnings,2024,M03,March,33.57,,2026-08-25 14:48:41.372731
CES3000000003,30000000,Manufacturing,30,S,03,avg_hourly_earnings,2024,M02,February,33.41,,2026-08-25 14:48:41.372731
CES3000000003,30000000,Manufacturing,30,S,03,avg_hourly_earnings,2024,M01,January,33.33,,2026-08-25 14:48:41.372731
CES3000000003,30000000,Manufacturing,30,S,03,avg_hourly_earnings,2023,M12,December,33.23,,2026-08-25 14:48:41.372731
CES3000000003,30000000,Manufacturing,30,S,03,avg_hourly_earnings,2023,M11,November,33.05,,2026-08-25 14:48:41.372731
CES3000000003,30000000,Manufacturing,30,S,03,avg_hourly_earnings,2023,M10,October,32.86,,2026-08-25 14:48:41.372731
CES3000000003,30000000,Manufacturing,30,S,03,avg_hourly_earnings,2023,M09,September,32.77,,2026-08-25 14:48:41.372731
CES3000000003,30000000,Manufacturing,30,S,03,avg_hourly_earnings,2023,M08,August,32.6,,2026-08-25 14:48:41.372731
CES3000000003,30000000,Manufacturing,30,S,03,avg_hourly_earnings,2023,M07,July,32.56,,2026-08-25 14:48:41.372731
CES3000000003,30000000,Manufacturing,30,S,03,avg_hourly_earnings,2023,M06,June,32.38,,2026-08-25 14:48:41.372731
CES3000000003,30000000,Manufacturing,30,S,03,avg_hourly_earnings,2023,M05,May,32.14,,2026-08-25 14:48:41.372731
CES3000000003,30000000,Manufacturing,30,S,03,avg_hourly_earnings,2023,M04,April,32.02,,2026-08-25 14:48:41.372731
CES3000000003,30000000,Manufacturing,30,S,03,avg_hourly_earnings,2023,M03,March,31.84,,2026-08-25 14:48:41.372731
CES3000000003,30000000,Manufacturing,30,S,03,avg_hourly_earnings,2023,M02,February,31.68,,2026-08-25 14:48:41.372731
CES3000000003,30000000,Manufacturing,30,S,03,avg_hourly_earnings,2023,M01,January,31.66,,2026-08-25 14:48:41.372731
CES3000000003,30000000,Manufacturing,30,S,03,avg_hourly_earnings,2022,M12,December,31.48,,2026-08-25 14:48:41.372731
CES3000000003,30000000,Manufacturing,30,S,03,avg_hourly_earnings,2022,M11,November,31.37,,2026-08-25 14:48:41.372731
CES3000000003,30000000,Manufacturing,30,S,03,avg_hourly_earnings,2022,M10,October,31.3,,2026-08-25 14:48:41.372731
CES3000000003,30000000,Manufacturing,30,S,03,avg_hourly_earnings,2022,M09,September,31.13,,2026-08-25 14:48:41.372731
CES3000000003,30000000,Manufacturing,30,S,03,avg_hourly_earnings,2022,M08,August,31.03,,2026-08-25 14:48:41.372731
CES3000000003,30000000,Manufacturing,30,S,03,avg_hourly_earnings,2022,M07,July,30.92,,2026-08-25 14:48:41.372731
CES3000000003,30000000,Manufacturing,30,S,03,avg_hourly_earnings,2022,M06,June,30.81,,2026-08-25 14:48:41.372731
CES3000000003,30000000,Manufacturing,30,S,03,avg_hourly_earnings,2022,M05,May,30.81,,2026-08-25 14:48:41.372731
CES3000000003,30000000,Manufacturing,30,S,03,avg_hourly_earnings,2022,M04,April,30.78,,2026-08-25 14:48:41.372731
CES3000000003,30000000,Manufacturing,30,S,03,avg_hourly_earnings,2022,M03,March,30.59,,2026-08-25 14:48:41.372731
CES3000000003,30000000,Manufacturing,30,S,03,avg_hourly_earnings,2022,M02,February,30.48,,2026-08-25 14:48:41.372731
CES3000000003,30000000,Manufacturing,30,S,03,avg_hourly_earnings,2022,M01,January,30.53,,2026-08-25 14:48:41.372731
CES3000000003,30000000,Manufacturing,30,S,03,avg_hourly_earnings,2021,M12,December,30.34,,2026-08-25 14:48:41.372731
CES3000000003,30000000,Manufacturing,30,S,03,avg_hourly_earnings,2021,M11,November,30.18,,2026-08-25 14:48:41.372731
CES3000000003,30000000,Manufacturing,30,S,03,avg_hourly_earnings,2021,M10,October,30.12,,2026-08-25 14:48:41.372731
CES3000000003,30000000,Manufacturing,30,S,03,avg_hourly_earnings,2021,M09,September,29.98,,2026-08-25 14:48:41.372731
CES3000000003,30000000,Manufacturing,30,S,03,avg_hourly_earnings,2021,M08,August,29.82,,2026-08-25 14:48:41.372731
CES3000000003,30000000,Manufacturing,30,S,03,avg_hourly_earnings,2021,M07,July,29.73,,2026-08-25 14:48:41.372731
CES3000000003,30000000,Manufacturing,30,S,03,avg_hourly_earnings,2021,M06,June,29.6,,2026-08-25 14:48:41.372731
CES3000000003,30000000,Manufacturing,30,S,03,avg_hourly_earnings,2021,M05,May,29.51,,2026-08-25 14:48:41.372731
CES3000000003,30000000,Manufacturing,30,S,03,avg_hourly_earnings,2021,M04,April,29.32,,2026-08-25 14:48:41.372731
CES3000000003,30000000,Manufacturing,30,S,03,avg_hourly_earnings,2021,M03,March,29.17,,2026-08-25 14:48:41.372731
CES3000000003,30000000,Manufacturing,30,S,03,avg_hourly_earnings,2021,M02,February,29.17,,2026-08-25 14:48:41.372731
CES3000000003,30000000,Manufacturing,30,S,03,avg_hourly_earnings,2021,M01,January,29.04,,2026-08-25 14:48:41.372731
CES3000000011,30000000,Manufacturing,30,S,11,avg_weekly_earnings,2026,M07,July,1489.55,P,2026-08-25 14:48:41.372731
CES3000000011,30000000,Manufacturing,30,S,11,avg_weekly_earnings,2026,M06,June,1484.3,P,2026-08-25 14:48:41.372731
CES3000000011,30000000,Manufacturing,30,S,11,avg_weekly_earnings,2026,M05,May,1483.08,,2026-08-25 14:48:41.372731
CES3000000011,30000000,Manufacturing,30,S,11,avg_weekly_earnings,2026,M04,April,1480.26,,2026-08-25 14:48:41.372731
CES3000000011,30000000,Manufacturing,30,S,11,avg_weekly_earnings,2026,M03,March,1472.16,,2026-08-25 14:48:41.372731
CES3000000011,30000000,Manufacturing,30,S,11,avg_weekly_earnings,2026,M02,February,1462.88,,2026-08-25 14:48:41.372731
CES3000000011,30000000,Manufacturing,30,S,11,avg_weekly_earnings,2026,M01,January,1455.24,,2026-08-25 14:48:41.372731
CES3000000011,30000000,Manufacturing,30,S,11,avg_weekly_earnings,2025,M12,December,1443.2,,2026-08-25 14:48:41.372731
CES3000000011,30000000,Manufacturing,30,S,11,avg_weekly_earnings,2025,M11,November,1443.2,,2026-08-25 14:48:41.372731
CES3000000011,30000000,Manufacturing,30,S,11,avg_weekly_earnings,2025,M10,October,1434.8,,2026-08-25 14:48:41.372731
CES3000000011,30000000,Manufacturing,30,S,11,avg_weekly_earnings,2025,M09,September,1428.0,,2026-08-25 14:48:41.372731
CES3000000011,30000000,Manufacturing,30,S,11,avg_weekly_earnings,2025,M08,August,1423.2,,2026-08-25 14:48:41.372731
CES3000000011,30000000,Manufacturing,30,S,11,avg_weekly_earnings,2025,M07,July,1427.5,,2026-08-25 14:48:41.372731
CES3000000011,30000000,Manufacturing,30,S,11,avg_weekly_earnings,2025,M06,June,1418.34,,2026-08-25 14:48:41.372731
CES3000000011,30000000,Manufacturing,30,S,11,avg_weekly_earnings,2025,M05,May,1415.93,,2026-08-25 14:48:41.372731
CES3000000011,30000000,Manufacturing,30,S,11,avg_weekly_earnings,2025,M04,April,1408.71,,2026-08-25 14:48:41.372731
CES3000000011,30000000,Manufacturing,30,S,11,avg_weekly_earnings,2025,M03,March,1420.58,,2026-08-25 14:48:41.372731
CES3000000011,30000000,Manufacturing,30,S,11,avg_weekly_earnings,2025,M02,February,1398.69,,2026-08-25 14:48:41.372731
CES3000000011,30000000,Manufacturing,30,S,11,avg_weekly_earnings,2025,M01,January,1389.2,,2026-08-25 14:48:41.372731
CES3000000011,30000000,Manufacturing,30,S,11,avg_weekly_earnings,2024,M12,December,1385.86,,2026-08-25 14:48:41.372731
CES3000000011,30000000,Manufacturing,30,S,11,avg_weekly_earnings,2024,M11,November,1383.85,,2026-08-25 14:48:41.372731
CES3000000011,30000000,Manufacturing,30,S,11,avg_weekly_earnings,2024,M10,October,1372.16,,2026-08-25 14:48:41.372731
CES3000000011,30000000,Manufacturing,30,S,11,avg_weekly_earnings,2024,M09,September,1375.03,,2026-08-25 14:48:41.372731
CES3000000011,30000000,Manufacturing,30,S,11,avg_weekly_earnings,2024,M08,August,1371.82,,2026-08-25 14:48:41.372731
CES3000000011,30000000,Manufacturing,30,S,11,avg_weekly_earnings,2024,M07,July,1359.79,,2026-08-25 14:48:41.372731
CES3000000011,30000000,Manufacturing,30,S,11,avg_weekly_earnings,2024,M06,June,1363.0,,2026-08-25 14:48:41.372731
CES3000000011,30000000,Manufacturing,30,S,11,avg_weekly_earnings,2024,M05,May,1354.98,,2026-08-25 14:48:41.372731
CES3000000011,30000000,Manufacturing,30,S,11,avg_weekly_earnings,2024,M04,April,1347.76,,2026-08-25 14:48:41.372731
CES3000000011,30000000,Manufacturing,30,S,11,avg_weekly_earnings,2024,M03,March,1342.8,,2026-08-25 14:48:41.372731
CES3000000011,30000000,Manufacturing,30,S,11,avg_weekly_earnings,2024,M02,February,1336.4,,2026-08-25 14:48:41.372731
CES3000000011,30000000,Manufacturing,30,S,11,avg_weekly_earnings,2024,M01,January,1329.87,,2026-08-25 14:48:41.372731
CES3000000011,30000000,Manufacturing,30,S,11,avg_weekly_earnings,2023,M12,December,1322.55,,2026-08-25 14:48:41.372731
CES3000000011,30000000,Manufacturing,30,S,11,avg_weekly_earnings,2023,M11,November,1318.7,,2026-08-25 14:48:41.372731
CES3000000011,30000000,Manufacturing,30,S,11,avg_weekly_earnings,2023,M10,October,1317.69,,2026-08-25 14:48:41.372731
CES3000000011,30000000,Manufacturing,30,S,11,avg_weekly_earnings,2023,M09,September,1314.08,,2026-08-25 14:48:41.372731
CES3000000011,30000000,Manufacturing,30,S,11,avg_weekly_earnings,2023,M08,August,1304.0,,2026-08-25 14:48:41.372731
CES3000000011,30000000,Manufacturing,30,S,11,avg_weekly_earnings,2023,M07,July,1302.4,,2026-08-25 14:48:41.372731
CES3000000011,30000000,Manufacturing,30,S,11,avg_weekly_earnings,2023,M06,June,1298.44,,2026-08-25 14:48:41.372731
CES3000000011,30000000,Manufacturing,30,S,11,avg_weekly_earnings,2023,M05,May,1288.81,,2026-08-25 14:48:41.372731
CES3000000011,30000000,Manufacturing,30,S,11,avg_weekly_earnings,2023,M04,April,1284.0,,2026-08-25 14:48:41.372731
CES3000000011,30000000,Manufacturing,30,S,11,avg_weekly_earnings,2023,M03,March,1279.97,,2026-08-25 14:48:41.372731
CES3000000011,30000000,Manufacturing,30,S,11,avg_weekly_earnings,2023,M02,February,1276.7,,2026-08-25 14:48:41.372731
CES3000000011,30000000,Manufacturing,30,S,11,avg_weekly_earnings,2023,M01,January,1285.4,,2026-08-25 14:48:41.372731
CES3000000011,30000000,Manufacturing,30,S,11,avg_weekly_earnings,2022,M12,December,1262.35,,2026-08-25 14:48:41.372731
CES3000000011,30000000,Manufacturing,30,S,11,avg_weekly_earnings,2022,M11,November,1264.21,,2026-08-25 14:48:41.372731
CES3000000011,30000000,Manufacturing,30,S,11,avg_weekly_earnings,2022,M10,October,1264.52,,2026-08-25 14:48:41.372731
CES3000000011,30000000,Manufacturing,30,S,11,avg_weekly_earnings,2022,M09,September,1254.54,,2026-08-25 14:48:41.372731
CES3000000011,30000000,Manufacturing,30,S,11,avg_weekly_earnings,2022,M08,August,1250.51,,2026-08-25 14:48:41.372731
CES3000000011,30000000,Manufacturing,30,S,11,avg_weekly_earnings,2022,M07,July,1249.17,,2026-08-25 14:48:41.372731
CES3000000011,30000000,Manufacturing,30,S,11,avg_weekly_earnings,2022,M06,June,1241.64,,2026-08-25 14:48:41.372731
CES3000000011,30000000,Manufacturing,30,S,11,avg_weekly_earnings,2022,M05,May,1244.72,,2026-08-25 14:48:41.372731
CES3000000011,30000000,Manufacturing,30,S,11,avg_weekly_earnings,2022,M04,April,1243.51,,2026-08-25 14:48:41.372731
CES3000000011,30000000,Manufacturing,30,S,11,avg_weekly_earnings,2022,M03,March,1241.95,,2026-08-25 14:48:41.372731
CES3000000011,30000000,Manufacturing,30,S,11,avg_weekly_earnings,2022,M02,February,1237.49,,2026-08-25 14:48:41.372731
CES3000000011,30000000,Manufacturing,30,S,11,avg_weekly_earnings,2022,M01,January,1230.36,,2026-08-25 14:48:41.372731
CES3000000011,30000000,Manufacturing,30,S,11,avg_weekly_earnings,2021,M12,December,1228.77,,2026-08-25 14:48:41.372731
CES3000000011,30000000,Manufacturing,30,S,11,avg_weekly_earnings,2021,M11,November,1222.29,,2026-08-25 14:48:41.372731
CES3000000011,30000000,Manufacturing,30,S,11,avg_weekly_earnings,2021,M10,October,1213.84,,2026-08-25 14:48:41.372731
CES3000000011,30000000,Manufacturing,30,S,11,avg_weekly_earnings,2021,M09,September,1214.19,,2026-08-25 14:48:41.372731
CES3000000011,30000000,Manufacturing,30,S,11,avg_weekly_earnings,2021,M08,August,1207.71,,2026-08-25 14:48:41.372731
CES3000000011,30000000,Manufacturing,30,S,11,avg_weekly_earnings,2021,M07,July,1201.09,,2026-08-25 14:48:41.372731
CES3000000011,30000000,Manufacturing,30,S,11,avg_weekly_earnings,2021,M06,June,1192.88,,2026-08-25 14:48:41.372731
CES3000000011,30000000,Manufacturing,30,S,11,avg_weekly_earnings,2021,M05,May,1192.2,,2026-08-25 14:48:41.372731
CES3000000011,30000000,Manufacturing,30,S,11,avg_weekly_earnings,2021,M04,April,1184.53,,2026-08-25 14:48:41.372731
CES3000000011,30000000,Manufacturing,30,S,11,avg_weekly_earnings,2021,M03,March,1178.47,,2026-08-25 14:48:41.372731
CES3000000011,30000000,Manufacturing,30,S,11,avg_weekly_earnings,2021,M02,February,1172.63,,2026-08-25 14:48:41.372731
CES3000000011,30000000,Manufacturing,30,S,11,avg_weekly_earnings,2021,M01,January,1176.12,,2026-08-25 14:48:41.372731
CES4000000001,40000000,"Trade, transportation, and utilities",40,S,01,all_employees_thousands,2026,M07,July,28708.0,P,2026-08-25 14:48:41.372731
CES4000000001,40000000,"Trade, transportation, and utilities",40,S,01,all_employees_thousands,2026,M06,June,28712.0,P,2026-08-25 14:48:41.372731
CES4000000001,40000000,"Trade, transportation, and utilities",40,S,01,all_employees_thousands,2026,M05,May,28724.0,,2026-08-25 14:48:41.372731
CES4000000001,40000000,"Trade, transportation, and utilities",40,S,01,all_employees_thousands,2026,M04,April,28715.0,,2026-08-25 14:48:41.372731
CES4000000001,40000000,"Trade, transportation, and utilities",40,S,01,all_employees_thousands,2026,M03,March,28650.0,,2026-08-25 14:48:41.372731
CES4000000001,40000000,"Trade, transportation, and utilities",40,S,01,all_employees_thousands,2026,M02,February,28618.0,,2026-08-25 14:48:41.372731
CES4000000001,40000000,"Trade, transportation, and utilities",40,S,01,all_employees_thousands,2026,M01,January,28654.0,,2026-08-25 14:48:41.372731
CES4000000001,40000000,"Trade, transportation, and utilities",40,S,01,all_employees_thousands,2025,M12,December,28616.0,,2026-08-25 14:48:41.372731
CES4000000001,40000000,"Trade, transportation, and utilities",40,S,01,all_employees_thousands,2025,M11,November,28649.0,,2026-08-25 14:48:41.372731
CES4000000001,40000000,"Trade, transportation, and utilities",40,S,01,all_employees_thousands,2025,M10,October,28714.0,,2026-08-25 14:48:41.372731
CES4000000001,40000000,"Trade, transportation, and utilities",40,S,01,all_employees_thousands,2025,M09,September,28725.0,,2026-08-25 14:48:41.372731
CES4000000001,40000000,"Trade, transportation, and utilities",40,S,01,all_employees_thousands,2025,M08,August,28743.0,,2026-08-25 14:48:41.372731
CES4000000001,40000000,"Trade, transportation, and utilities",40,S,01,all_employees_thousands,2025,M07,July,28744.0,,2026-08-25 14:48:41.372731
CES4000000001,40000000,"Trade, transportation, and utilities",40,S,01,all_employees_thousands,2025,M06,June,28741.0,,2026-08-25 14:48:41.372731
CES4000000001,40000000,"Trade, transportation, and utilities",40,S,01,all_employees_thousands,2025,M05,May,28765.0,,2026-08-25 14:48:41.372731
CES4000000001,40000000,"Trade, transportation, and utilities",40,S,01,all_employees_thousands,2025,M04,April,28783.0,,2026-08-25 14:48:41.372731
CES4000000001,40000000,"Trade, transportation, and utilities",40,S,01,all_employees_thousands,2025,M03,March,28792.0,,2026-08-25 14:48:41.372731
CES4000000001,40000000,"Trade, transportation, and utilities",40,S,01,all_employees_thousands,2025,M02,February,28806.0,,2026-08-25 14:48:41.372731
CES4000000001,40000000,"Trade, transportation, and utilities",40,S,01,all_employees_thousands,2025,M01,January,28795.0,,2026-08-25 14:48:41.372731
CES4000000001,40000000,"Trade, transportation, and utilities",40,S,01,all_employees_thousands,2024,M12,December,28811.0,,2026-08-25 14:48:41.372731
CES4000000001,40000000,"Trade, transportation, and utilities",40,S,01,all_employees_thousands,2024,M11,November,28755.0,,2026-08-25 14:48:41.372731
CES4000000001,40000000,"Trade, transportation, and utilities",40,S,01,all_employees_thousands,2024,M10,October,28794.0,,2026-08-25 14:48:41.372731
CES4000000001,40000000,"Trade, transportation, and utilities",40,S,01,all_employees_thousands,2024,M09,September,28813.0,,2026-08-25 14:48:41.372731
CES4000000001,40000000,"Trade, transportation, and utilities",40,S,01,all_employees_thousands,2024,M08,August,28802.0,,2026-08-25 14:48:41.372731
CES4000000001,40000000,"Trade, transportation, and utilities",40,S,01,all_employees_thousands,2024,M07,July,28830.0,,2026-08-25 14:48:41.372731
CES4000000001,40000000,"Trade, transportation, and utilities",40,S,01,all_employees_thousands,2024,M06,June,28851.0,,2026-08-25 14:48:41.372731
CES4000000001,40000000,"Trade, transportation, and utilities",40,S,01,all_employees_thousands,2024,M05,May,28880.0,,2026-08-25 14:48:41.372731
CES4000000001,40000000,"Trade, transportation, and utilities",40,S,01,all_employees_thousands,2024,M04,April,28880.0,,2026-08-25 14:48:41.372731
CES4000000001,40000000,"Trade, transportation, and utilities",40,S,01,all_employees_thousands,2024,M03,March,28855.0,,2026-08-25 14:48:41.372731
CES4000000001,40000000,"Trade, transportation, and utilities",40,S,01,all_employees_thousands,2024,M02,February,28839.0,,2026-08-25 14:48:41.372731
CES4000000001,40000000,"Trade, transportation, and utilities",40,S,01,all_employees_thousands,2024,M01,January,28799.0,,2026-08-25 14:48:41.372731
CES4000000001,40000000,"Trade, transportation, and utilities",40,S,01,all_employees_thousands,2023,M12,December,28829.0,,2026-08-25 14:48:41.372731
CES4000000001,40000000,"Trade, transportation, and utilities",40,S,01,all_employees_thousands,2023,M11,November,28837.0,,2026-08-25 14:48:41.372731
CES4000000001,40000000,"Trade, transportation, and utilities",40,S,01,all_employees_thousands,2023,M10,October,28865.0,,2026-08-25 14:48:41.372731
CES4000000001,40000000,"Trade, transportation, and utilities",40,S,01,all_employees_thousands,2023,M09,September,28832.0,,2026-08-25 14:48:41.372731
CES4000000001,40000000,"Trade, transportation, and utilities",40,S,01,all_employees_thousands,2023,M08,August,28799.0,,2026-08-25 14:48:41.372731
CES4000000001,40000000,"Trade, transportation, and utilities",40,S,01,all_employees_thousands,2023,M07,July,28816.0,,2026-08-25 14:48:41.372731
CES4000000001,40000000,"Trade, transportation, and utilities",40,S,01,all_employees_thousands,2023,M06,June,28799.0,,2026-08-25 14:48:41.372731
CES4000000001,40000000,"Trade, transportation, and utilities",40,S,01,all_employees_thousands,2023,M05,May,28830.0,,2026-08-25 14:48:41.372731
CES4000000001,40000000,"Trade, transportation, and utilities",40,S,01,all_employees_thousands,2023,M04,April,28799.0,,2026-08-25 14:48:41.372731
CES4000000001,40000000,"Trade, transportation, and utilities",40,S,01,all_employees_thousands,2023,M03,March,28803.0,,2026-08-25 14:48:41.372731
CES4000000001,40000000,"Trade, transportation, and utilities",40,S,01,all_employees_thousands,2023,M02,February,28845.0,,2026-08-25 14:48:41.372731
CES4000000001,40000000,"Trade, transportation, and utilities",40,S,01,all_employees_thousands,2023,M01,January,28807.0,,2026-08-25 14:48:41.372731
CES4000000001,40000000,"Trade, transportation, and utilities",40,S,01,all_employees_thousands,2022,M12,December,28769.0,,2026-08-25 14:48:41.372731
CES4000000001,40000000,"Trade, transportation, and utilities",40,S,01,all_employees_thousands,2022,M11,November,28763.0,,2026-08-25 14:48:41.372731
CES4000000001,40000000,"Trade, transportation, and utilities",40,S,01,all_employees_thousands,2022,M10,October,28761.0,,2026-08-25 14:48:41.372731
CES4000000001,40000000,"Trade, transportation, and utilities",40,S,01,all_employees_thousands,2022,M09,September,28720.0,,2026-08-25 14:48:41.372731
CES4000000001,40000000,"Trade, transportation, and utilities",40,S,01,all_employees_thousands,2022,M08,August,28748.0,,2026-08-25 14:48:41.372731
CES4000000001,40000000,"Trade, transportation, and utilities",40,S,01,all_employees_thousands,2022,M07,July,28702.0,,2026-08-25 14:48:41.372731
CES4000000001,40000000,"Trade, transportation, and utilities",40,S,01,all_employees_thousands,2022,M06,June,28646.0,,2026-08-25 14:48:41.372731
CES4000000001,40000000,"Trade, transportation, and utilities",40,S,01,all_employees_thousands,2022,M05,May,28572.0,,2026-08-25 14:48:41.372731
CES4000000001,40000000,"Trade, transportation, and utilities",40,S,01,all_employees_thousands,2022,M04,April,28595.0,,2026-08-25 14:48:41.372731
CES4000000001,40000000,"Trade, transportation, and utilities",40,S,01,all_employees_thousands,2022,M03,March,28593.0,,2026-08-25 14:48:41.372731
CES4000000001,40000000,"Trade, transportation, and utilities",40,S,01,all_employees_thousands,2022,M02,February,28528.0,,2026-08-25 14:48:41.372731
CES4000000001,40000000,"Trade, transportation, and utilities",40,S,01,all_employees_thousands,2022,M01,January,28318.0,,2026-08-25 14:48:41.372731
CES4000000001,40000000,"Trade, transportation, and utilities",40,S,01,all_employees_thousands,2021,M12,December,28262.0,,2026-08-25 14:48:41.372731
CES4000000001,40000000,"Trade, transportation, and utilities",40,S,01,all_employees_thousands,2021,M11,November,28151.0,,2026-08-25 14:48:41.372731
CES4000000001,40000000,"Trade, transportation, and utilities",40,S,01,all_employees_thousands,2021,M10,October,27988.0,,2026-08-25 14:48:41.372731
CES4000000001,40000000,"Trade, transportation, and utilities",40,S,01,all_employees_thousands,2021,M09,September,27832.0,,2026-08-25 14:48:41.372731
CES4000000001,40000000,"Trade, transportation, and utilities",40,S,01,all_employees_thousands,2021,M08,August,27703.0,,2026-08-25 14:48:41.372731
CES4000000001,40000000,"Trade, transportation, and utilities",40,S,01,all_employees_thousands,2021,M07,July,27652.0,,2026-08-25 14:48:41.372731
CES4000000001,40000000,"Trade, transportation, and utilities",40,S,01,all_employees_thousands,2021,M06,June,27571.0,,2026-08-25 14:48:41.372731
CES4000000001,40000000,"Trade, transportation, and utilities",40,S,01,all_employees_thousands,2021,M05,May,27431.0,,2026-08-25 14:48:41.372731
CES4000000001,40000000,"Trade, transportation, and utilities",40,S,01,all_employees_thousands,2021,M04,April,27387.0,,2026-08-25 14:48:41.372731
CES4000000001,40000000,"Trade, transportation, and utilities",40,S,01,all_employees_thousands,2021,M03,March,27423.0,,2026-08-25 14:48:41.372731
CES4000000001,40000000,"Trade, transportation, and utilities",40,S,01,all_employees_thousands,2021,M02,February,27277.0,,2026-08-25 14:48:41.372731
CES4000000001,40000000,"Trade, transportation, and utilities",40,S,01,all_employees_thousands,2021,M01,January,27201.0,,2026-08-25 14:48:41.372731
CES4000000002,40000000,"Trade, transportation, and utilities",40,S,02,avg_weekly_hours,2026,M07,July,34.1,P,2026-08-25 14:48:41.372731
CES4000000002,40000000,"Trade, transportation, and utilities",40,S,02,avg_weekly_hours,2026,M06,June,34.1,P,2026-08-25 14:48:41.372731
CES4000000002,40000000,"Trade, transportation, and utilities",40,S,02,avg_weekly_hours,2026,M05,May,34.2,,2026-08-25 14:48:41.372731
CES4000000002,40000000,"Trade, transportation, and utilities",40,S,02,avg_weekly_hours,2026,M04,April,34.1,,2026-08-25 14:48:41.372731
CES4000000002,40000000,"Trade, transportation, and utilities",40,S,02,avg_weekly_hours,2026,M03,March,34.1,,2026-08-25 14:48:41.372731
CES4000000002,40000000,"Trade, transportation, and utilities",40,S,02,avg_weekly_hours,2026,M02,February,34.1,,2026-08-25 14:48:41.372731
CES4000000002,40000000,"Trade, transportation, and utilities",40,S,02,avg_weekly_hours,2026,M01,January,34.0,,2026-08-25 14:48:41.372731
CES4000000002,40000000,"Trade, transportation, and utilities",40,S,02,avg_weekly_hours,2025,M12,December,34.0,,2026-08-25 14:48:41.372731
CES4000000002,40000000,"Trade, transportation, and utilities",40,S,02,avg_weekly_hours,2025,M11,November,34.0,,2026-08-25 14:48:41.372731
CES4000000002,40000000,"Trade, transportation, and utilities",40,S,02,avg_weekly_hours,2025,M10,October,34.1,,2026-08-25 14:48:41.372731
CES4000000002,40000000,"Trade, transportation, and utilities",40,S,02,avg_weekly_hours,2025,M09,September,34.0,,2026-08-25 14:48:41.372731
CES4000000002,40000000,"Trade, transportation, and utilities",40,S,02,avg_weekly_hours,2025,M08,August,34.1,,2026-08-25 14:48:41.372731
CES4000000002,40000000,"Trade, transportation, and utilities",40,S,02,avg_weekly_hours,2025,M07,July,34.1,,2026-08-25 14:48:41.372731
CES4000000002,40000000,"Trade, transportation, and utilities",40,S,02,avg_weekly_hours,2025,M06,June,34.0,,2026-08-25 14:48:41.372731
CES4000000002,40000000,"Trade, transportation, and utilities",40,S,02,avg_weekly_hours,2025,M05,May,34.0,,2026-08-25 14:48:41.372731
CES4000000002,40000000,"Trade, transportation, and utilities",40,S,02,avg_weekly_hours,2025,M04,April,34.1,,2026-08-25 14:48:41.372731
CES4000000002,40000000,"Trade, transportation, and utilities",40,S,02,avg_weekly_hours,2025,M03,March,33.9,,2026-08-25 14:48:41.372731
CES4000000002,40000000,"Trade, transportation, and utilities",40,S,02,avg_weekly_hours,2025,M02,February,34.0,,2026-08-25 14:48:41.372731
CES4000000002,40000000,"Trade, transportation, and utilities",40,S,02,avg_weekly_hours,2025,M01,January,33.8,,2026-08-25 14:48:41.372731
CES4000000002,40000000,"Trade, transportation, and utilities",40,S,02,avg_weekly_hours,2024,M12,December,34.0,,2026-08-25 14:48:41.372731
CES4000000002,40000000,"Trade, transportation, and utilities",40,S,02,avg_weekly_hours,2024,M11,November,33.8,,2026-08-25 14:48:41.372731
CES4000000002,40000000,"Trade, transportation, and utilities",40,S,02,avg_weekly_hours,2024,M10,October,33.9,,2026-08-25 14:48:41.372731
CES4000000002,40000000,"Trade, transportation, and utilities",40,S,02,avg_weekly_hours,2024,M09,September,33.8,,2026-08-25 14:48:41.372731
CES4000000002,40000000,"Trade, transportation, and utilities",40,S,02,avg_weekly_hours,2024,M08,August,33.9,,2026-08-25 14:48:41.372731
CES4000000002,40000000,"Trade, transportation, and utilities",40,S,02,avg_weekly_hours,2024,M07,July,33.9,,2026-08-25 14:48:41.372731
CES4000000002,40000000,"Trade, transportation, and utilities",40,S,02,avg_weekly_hours,2024,M06,June,33.8,,2026-08-25 14:48:41.372731
CES4000000002,40000000,"Trade, transportation, and utilities",40,S,02,avg_weekly_hours,2024,M05,May,33.8,,2026-08-25 14:48:41.372731
CES4000000002,40000000,"Trade, transportation, and utilities",40,S,02,avg_weekly_hours,2024,M04,April,33.8,,2026-08-25 14:48:41.372731
CES4000000002,40000000,"Trade, transportation, and utilities",40,S,02,avg_weekly_hours,2024,M03,March,33.9,,2026-08-25 14:48:41.372731
CES4000000002,40000000,"Trade, transportation, and utilities",40,S,02,avg_weekly_hours,2024,M02,February,33.8,,2026-08-25 14:48:41.372731
CES4000000002,40000000,"Trade, transportation, and utilities",40,S,02,avg_weekly_hours,2024,M01,January,33.7,,2026-08-25 14:48:41.372731
CES4000000002,40000000,"Trade, transportation, and utilities",40,S,02,avg_weekly_hours,2023,M12,December,33.9,,2026-08-25 14:48:41.372731
CES4000000002,40000000,"Trade, transportation, and utilities",40,S,02,avg_weekly_hours,2023,M11,November,34.1,,2026-08-25 14:48:41.372731
CES4000000002,40000000,"Trade, transportation, and utilities",40,S,02,avg_weekly_hours,2023,M10,October,33.9,,2026-08-25 14:48:41.372731
CES4000000002,40000000,"Trade, transportation, and utilities",40,S,02,avg_weekly_hours,2023,M09,September,33.9,,2026-08-25 14:48:41.372731
CES4000000002,40000000,"Trade, transportation, and utilities",40,S,02,avg_weekly_hours,2023,M08,August,34.0,,2026-08-25 14:48:41.372731
CES4000000002,40000000,"Trade, transportation, and utilities",40,S,02,avg_weekly_hours,2023,M07,July,33.9,,2026-08-25 14:48:41.372731
CES4000000002,40000000,"Trade, transportation, and utilities",40,S,02,avg_weekly_hours,2023,M06,June,33.9,,2026-08-25 14:48:41.372731
CES4000000002,40000000,"Trade, transportation, and utilities",40,S,02,avg_weekly_hours,2023,M05,May,33.9,,2026-08-25 14:48:41.372731
CES4000000002,40000000,"Trade, transportation, and utilities",40,S,02,avg_weekly_hours,2023,M04,April,33.9,,2026-08-25 14:48:41.372731
CES4000000002,40000000,"Trade, transportation, and utilities",40,S,02,avg_weekly_hours,2023,M03,March,34.0,,2026-08-25 14:48:41.372731
CES4000000002,40000000,"Trade, transportation, and utilities",40,S,02,avg_weekly_hours,2023,M02,February,34.0,,2026-08-25 14:48:41.372731
CES4000000002,40000000,"Trade, transportation, and utilities",40,S,02,avg_weekly_hours,2023,M01,January,34.2,,2026-08-25 14:48:41.372731
CES4000000002,40000000,"Trade, transportation, and utilities",40,S,02,avg_weekly_hours,2022,M12,December,34.1,,2026-08-25 14:48:41.372731
CES4000000002,40000000,"Trade, transportation, and utilities",40,S,02,avg_weekly_hours,2022,M11,November,34.2,,2026-08-25 14:48:41.372731
CES4000000002,40000000,"Trade, transportation, and utilities",40,S,02,avg_weekly_hours,2022,M10,October,34.2,,2026-08-25 14:48:41.372731
CES4000000002,40000000,"Trade, transportation, and utilities",40,S,02,avg_weekly_hours,2022,M09,September,34.1,,2026-08-25 14:48:41.372731
CES4000000002,40000000,"Trade, transportation, and utilities",40,S,02,avg_weekly_hours,2022,M08,August,34.1,,2026-08-25 14:48:41.372731
CES4000000002,40000000,"Trade, transportation, and utilities",40,S,02,avg_weekly_hours,2022,M07,July,34.3,,2026-08-25 14:48:41.372731
CES4000000002,40000000,"Trade, transportation, and utilities",40,S,02,avg_weekly_hours,2022,M06,June,34.1,,2026-08-25 14:48:41.372731
CES4000000002,40000000,"Trade, transportation, and utilities",40,S,02,avg_weekly_hours,2022,M05,May,34.1,,2026-08-25 14:48:41.372731
CES4000000002,40000000,"Trade, transportation, and utilities",40,S,02,avg_weekly_hours,2022,M04,April,34.1,,2026-08-25 14:48:41.372731
CES4000000002,40000000,"Trade, transportation, and utilities",40,S,02,avg_weekly_hours,2022,M03,March,34.0,,2026-08-25 14:48:41.372731
CES4000000002,40000000,"Trade, transportation, and utilities",40,S,02,avg_weekly_hours,2022,M02,February,34.2,,2026-08-25 14:48:41.372731
CES4000000002,40000000,"Trade, transportation, and utilities",40,S,02,avg_weekly_hours,2022,M01,January,34.0,,2026-08-25 14:48:41.372731
CES4000000002,40000000,"Trade, transportation, and utilities",40,S,02,avg_weekly_hours,2021,M12,December,34.8,,2026-08-25 14:48:41.372731
CES4000000002,40000000,"Trade, transportation, and utilities",40,S,02,avg_weekly_hours,2021,M11,November,34.7,,2026-08-25 14:48:41.372731
CES4000000002,40000000,"Trade, transportation, and utilities",40,S,02,avg_weekly_hours,2021,M10,October,34.5,,2026-08-25 14:48:41.372731
CES4000000002,40000000,"Trade, transportation, and utilities",40,S,02,avg_weekly_hours,2021,M09,September,34.5,,2026-08-25 14:48:41.372731
CES4000000002,40000000,"Trade, transportation, and utilities",40,S,02,avg_weekly_hours,2021,M08,August,34.5,,2026-08-25 14:48:41.372731
CES4000000002,40000000,"Trade, transportation, and utilities",40,S,02,avg_weekly_hours,2021,M07,July,34.5,,2026-08-25 14:48:41.372731
CES4000000002,40000000,"Trade, transportation, and utilities",40,S,02,avg_weekly_hours,2021,M06,June,34.6,,2026-08-25 14:48:41.372731
CES4000000002,40000000,"Trade, transportation, and utilities",40,S,02,avg_weekly_hours,2021,M05,May,34.7,,2026-08-25 14:48:41.372731
CES4000000002,40000000,"Trade, transportation, and utilities",40,S,02,avg_weekly_hours,2021,M04,April,34.7,,2026-08-25 14:48:41.372731
CES4000000002,40000000,"Trade, transportation, and utilities",40,S,02,avg_weekly_hours,2021,M03,March,34.5,,2026-08-25 14:48:41.372731
CES4000000002,40000000,"Trade, transportation, and utilities",40,S,02,avg_weekly_hours,2021,M02,February,34.3,,2026-08-25 14:48:41.372731
CES4000000002,40000000,"Trade, transportation, and utilities",40,S,02,avg_weekly_hours,2021,M01,January,34.5,,2026-08-25 14:48:41.372731
CES4000000003,40000000,"Trade, transportation, and utilities",40,S,03,avg_hourly_earnings,2026,M07,July,32.0,P,2026-08-25 14:48:41.372731
CES4000000003,40000000,"Trade, transportation, and utilities",40,S,03,avg_hourly_earnings,2026,M06,June,31.97,P,2026-08-25 14:48:41.372731
CES4000000003,40000000,"Trade, transportation, and utilities",40,S,03,avg_hourly_earnings,2026,M05,May,31.86,,2026-08-25 14:48:41.372731
CES4000000003,40000000,"Trade, transportation, and utilities",40,S,03,avg_hourly_earnings,2026,M04,April,31.85,,2026-08-25 14:48:41.372731
CES4000000003,40000000,"Trade, transportation, and utilities",40,S,03,avg_hourly_earnings,2026,M03,March,31.82,,2026-08-25 14:48:41.372731
CES4000000003,40000000,"Trade, transportation, and utilities",40,S,03,avg_hourly_earnings,2026,M02,February,31.73,,2026-08-25 14:48:41.372731
CES4000000003,40000000,"Trade, transportation, and utilities",40,S,03,avg_hourly_earnings,2026,M01,January,31.69,,2026-08-25 14:48:41.372731
CES4000000003,40000000,"Trade, transportation, and utilities",40,S,03,avg_hourly_earnings,2025,M12,December,31.56,,2026-08-25 14:48:41.372731
CES4000000003,40000000,"Trade, transportation, and utilities",40,S,03,avg_hourly_earnings,2025,M11,November,31.48,,2026-08-25 14:48:41.372731
CES4000000003,40000000,"Trade, transportation, and utilities",40,S,03,avg_hourly_earnings,2025,M10,October,31.31,,2026-08-25 14:48:41.372731
CES4000000003,40000000,"Trade, transportation, and utilities",40,S,03,avg_hourly_earnings,2025,M09,September,31.19,,2026-08-25 14:48:41.372731
CES4000000003,40000000,"Trade, transportation, and utilities",40,S,03,avg_hourly_earnings,2025,M08,August,31.1,,2026-08-25 14:48:41.372731
CES4000000003,40000000,"Trade, transportation, and utilities",40,S,03,avg_hourly_earnings,2025,M07,July,31.0,,2026-08-25 14:48:41.372731
CES4000000003,40000000,"Trade, transportation, and utilities",40,S,03,avg_hourly_earnings,2025,M06,June,30.86,,2026-08-25 14:48:41.372731
CES4000000003,40000000,"Trade, transportation, and utilities",40,S,03,avg_hourly_earnings,2025,M05,May,30.82,,2026-08-25 14:48:41.372731
CES4000000003,40000000,"Trade, transportation, and utilities",40,S,03,avg_hourly_earnings,2025,M04,April,30.74,,2026-08-25 14:48:41.372731
CES4000000003,40000000,"Trade, transportation, and utilities",40,S,03,avg_hourly_earnings,2025,M03,March,30.67,,2026-08-25 14:48:41.372731
CES4000000003,40000000,"Trade, transportation, and utilities",40,S,03,avg_hourly_earnings,2025,M02,February,30.5,,2026-08-25 14:48:41.372731
CES4000000003,40000000,"Trade, transportation, and utilities",40,S,03,avg_hourly_earnings,2025,M01,January,30.43,,2026-08-25 14:48:41.372731
CES4000000003,40000000,"Trade, transportation, and utilities",40,S,03,avg_hourly_earnings,2024,M12,December,30.31,,2026-08-25 14:48:41.372731
CES4000000003,40000000,"Trade, transportation, and utilities",40,S,03,avg_hourly_earnings,2024,M11,November,30.35,,2026-08-25 14:48:41.372731
CES4000000003,40000000,"Trade, transportation, and utilities",40,S,03,avg_hourly_earnings,2024,M10,October,30.22,,2026-08-25 14:48:41.372731
CES4000000003,40000000,"Trade, transportation, and utilities",40,S,03,avg_hourly_earnings,2024,M09,September,30.11,,2026-08-25 14:48:41.372731
CES4000000003,40000000,"Trade, transportation, and utilities",40,S,03,avg_hourly_earnings,2024,M08,August,30.07,,2026-08-25 14:48:41.372731
CES4000000003,40000000,"Trade, transportation, and utilities",40,S,03,avg_hourly_earnings,2024,M07,July,29.96,,2026-08-25 14:48:41.372731
CES4000000003,40000000,"Trade, transportation, and utilities",40,S,03,avg_hourly_earnings,2024,M06,June,29.96,,2026-08-25 14:48:41.372731
CES4000000003,40000000,"Trade, transportation, and utilities",40,S,03,avg_hourly_earnings,2024,M05,May,29.92,,2026-08-25 14:48:41.372731
CES4000000003,40000000,"Trade, transportation, and utilities",40,S,03,avg_hourly_earnings,2024,M04,April,29.82,,2026-08-25 14:48:41.372731
CES4000000003,40000000,"Trade, transportation, and utilities",40,S,03,avg_hourly_earnings,2024,M03,March,29.78,,2026-08-25 14:48:41.372731
CES4000000003,40000000,"Trade, transportation, and utilities",40,S,03,avg_hourly_earnings,2024,M02,February,29.76,,2026-08-25 14:48:41.372731
CES4000000003,40000000,"Trade, transportation, and utilities",40,S,03,avg_hourly_earnings,2024,M01,January,29.7,,2026-08-25 14:48:41.372731
CES4000000003,40000000,"Trade, transportation, and utilities",40,S,03,avg_hourly_earnings,2023,M12,December,29.57,,2026-08-25 14:48:41.372731
CES4000000003,40000000,"Trade, transportation, and utilities",40,S,03,avg_hourly_earnings,2023,M11,November,29.36,,2026-08-25 14:48:41.372731
CES4000000003,40000000,"Trade, transportation, and utilities",40,S,03,avg_hourly_earnings,2023,M10,October,29.31,,2026-08-25 14:48:41.372731
CES4000000003,40000000,"Trade, transportation, and utilities",40,S,03,avg_hourly_earnings,2023,M09,September,29.35,,2026-08-25 14:48:41.372731
CES4000000003,40000000,"Trade, transportation, and utilities",40,S,03,avg_hourly_earnings,2023,M08,August,29.22,,2026-08-25 14:48:41.372731
CES4000000003,40000000,"Trade, transportation, and utilities",40,S,03,avg_hourly_earnings,2023,M07,July,29.14,,2026-08-25 14:48:41.372731
CES4000000003,40000000,"Trade, transportation, and utilities",40,S,03,avg_hourly_earnings,2023,M06,June,29.07,,2026-08-25 14:48:41.372731
CES4000000003,40000000,"Trade, transportation, and utilities",40,S,03,avg_hourly_earnings,2023,M05,May,28.87,,2026-08-25 14:48:41.372731
CES4000000003,40000000,"Trade, transportation, and utilities",40,S,03,avg_hourly_earnings,2023,M04,April,28.82,,2026-08-25 14:48:41.372731
CES4000000003,40000000,"Trade, transportation, and utilities",40,S,03,avg_hourly_earnings,2023,M03,March,28.65,,2026-08-25 14:48:41.372731
CES4000000003,40000000,"Trade, transportation, and utilities",40,S,03,avg_hourly_earnings,2023,M02,February,28.64,,2026-08-25 14:48:41.372731
CES4000000003,40000000,"Trade, transportation, and utilities",40,S,03,avg_hourly_earnings,2023,M01,January,28.44,,2026-08-25 14:48:41.372731
CES4000000003,40000000,"Trade, transportation, and utilities",40,S,03,avg_hourly_earnings,2022,M12,December,28.3,,2026-08-25 14:48:41.372731
CES4000000003,40000000,"Trade, transportation, and utilities",40,S,03,avg_hourly_earnings,2022,M11,November,28.24,,2026-08-25 14:48:41.372731
CES4000000003,40000000,"Trade, transportation, and utilities",40,S,03,avg_hourly_earnings,2022,M10,October,28.15,,2026-08-25 14:48:41.372731
CES4000000003,40000000,"Trade, transportation, and utilities",40,S,03,avg_hourly_earnings,2022,M09,September,27.97,,2026-08-25 14:48:41.372731
CES4000000003,40000000,"Trade, transportation, and utilities",40,S,03,avg_hourly_earnings,2022,M08,August,27.85,,2026-08-25 14:48:41.372731
CES4000000003,40000000,"Trade, transportation, and utilities",40,S,03,avg_hourly_earnings,2022,M07,July,27.8,,2026-08-25 14:48:41.372731
CES4000000003,40000000,"Trade, transportation, and utilities",40,S,03,avg_hourly_earnings,2022,M06,June,27.63,,2026-08-25 14:48:41.372731
CES4000000003,40000000,"Trade, transportation, and utilities",40,S,03,avg_hourly_earnings,2022,M05,May,27.6,,2026-08-25 14:48:41.372731
CES4000000003,40000000,"Trade, transportation, and utilities",40,S,03,avg_hourly_earnings,2022,M04,April,27.45,,2026-08-25 14:48:41.372731
CES4000000003,40000000,"Trade, transportation, and utilities",40,S,03,avg_hourly_earnings,2022,M03,March,27.4,,2026-08-25 14:48:41.372731
CES4000000003,40000000,"Trade, transportation, and utilities",40,S,03,avg_hourly_earnings,2022,M02,February,27.21,,2026-08-25 14:48:41.372731
CES4000000003,40000000,"Trade, transportation, and utilities",40,S,03,avg_hourly_earnings,2022,M01,January,27.17,,2026-08-25 14:48:41.372731
CES4000000003,40000000,"Trade, transportation, and utilities",40,S,03,avg_hourly_earnings,2021,M12,December,27.03,,2026-08-25 14:48:41.372731
CES4000000003,40000000,"Trade, transportation, and utilities",40,S,03,avg_hourly_earnings,2021,M11,November,26.88,,2026-08-25 14:48:41.372731
CES4000000003,40000000,"Trade, transportation, and utilities",40,S,03,avg_hourly_earnings,2021,M10,October,26.74,,2026-08-25 14:48:41.372731
CES4000000003,40000000,"Trade, transportation, and utilities",40,S,03,avg_hourly_earnings,2021,M09,September,26.64,,2026-08-25 14:48:41.372731
CES4000000003,40000000,"Trade, transportation, and utilities",40,S,03,avg_hourly_earnings,2021,M08,August,26.52,,2026-08-25 14:48:41.372731
CES4000000003,40000000,"Trade, transportation, and utilities",40,S,03,avg_hourly_earnings,2021,M07,July,26.46,,2026-08-25 14:48:41.372731
CES4000000003,40000000,"Trade, transportation, and utilities",40,S,03,avg_hourly_earnings,2021,M06,June,26.31,,2026-08-25 14:48:41.372731
CES4000000003,40000000,"Trade, transportation, and utilities",40,S,03,avg_hourly_earnings,2021,M05,May,26.14,,2026-08-25 14:48:41.372731
CES4000000003,40000000,"Trade, transportation, and utilities",40,S,03,avg_hourly_earnings,2021,M04,April,25.95,,2026-08-25 14:48:41.372731
CES4000000003,40000000,"Trade, transportation, and utilities",40,S,03,avg_hourly_earnings,2021,M03,March,25.74,,2026-08-25 14:48:41.372731
CES4000000003,40000000,"Trade, transportation, and utilities",40,S,03,avg_hourly_earnings,2021,M02,February,25.63,,2026-08-25 14:48:41.372731
CES4000000003,40000000,"Trade, transportation, and utilities",40,S,03,avg_hourly_earnings,2021,M01,January,25.68,,2026-08-25 14:48:41.372731
CES4000000011,40000000,"Trade, transportation, and utilities",40,S,11,avg_weekly_earnings,2026,M07,July,1091.2,P,2026-08-25 14:48:41.372731
CES4000000011,40000000,"Trade, transportation, and utilities",40,S,11,avg_weekly_earnings,2026,M06,June,1090.18,P,2026-08-25 14:48:41.372731
CES4000000011,40000000,"Trade, transportation, and utilities",40,S,11,avg_weekly_earnings,2026,M05,May,1089.61,,2026-08-25 14:48:41.372731
CES4000000011,40000000,"Trade, transportation, and utilities",40,S,11,avg_weekly_earnings,2026,M04,April,1086.09,,2026-08-25 14:48:41.372731
CES4000000011,40000000,"Trade, transportation, and utilities",40,S,11,avg_weekly_earnings,2026,M03,March,1085.06,,2026-08-25 14:48:41.372731
CES4000000011,40000000,"Trade, transportation, and utilities",40,S,11,avg_weekly_earnings,2026,M02,February,1081.99,,2026-08-25 14:48:41.372731
CES4000000011,40000000,"Trade, transportation, and utilities",40,S,11,avg_weekly_earnings,2026,M01,January,1077.46,,2026-08-25 14:48:41.372731
CES4000000011,40000000,"Trade, transportation, and utilities",40,S,11,avg_weekly_earnings,2025,M12,December,1073.04,,2026-08-25 14:48:41.372731
CES4000000011,40000000,"Trade, transportation, and utilities",40,S,11,avg_weekly_earnings,2025,M11,November,1070.32,,2026-08-25 14:48:41.372731
CES4000000011,40000000,"Trade, transportation, and utilities",40,S,11,avg_weekly_earnings,2025,M10,October,1067.67,,2026-08-25 14:48:41.372731
CES4000000011,40000000,"Trade, transportation, and utilities",40,S,11,avg_weekly_earnings,2025,M09,September,1060.46,,2026-08-25 14:48:41.372731
CES4000000011,40000000,"Trade, transportation, and utilities",40,S,11,avg_weekly_earnings,2025,M08,August,1060.51,,2026-08-25 14:48:41.372731
CES4000000011,40000000,"Trade, transportation, and utilities",40,S,11,avg_weekly_earnings,2025,M07,July,1057.1,,2026-08-25 14:48:41.372731
CES4000000011,40000000,"Trade, transportation, and utilities",40,S,11,avg_weekly_earnings,2025,M06,June,1049.24,,2026-08-25 14:48:41.372731
CES4000000011,40000000,"Trade, transportation, and utilities",40,S,11,avg_weekly_earnings,2025,M05,May,1047.88,,2026-08-25 14:48:41.372731
CES4000000011,40000000,"Trade, transportation, and utilities",40,S,11,avg_weekly_earnings,2025,M04,April,1048.23,,2026-08-25 14:48:41.372731
CES4000000011,40000000,"Trade, transportation, and utilities",40,S,11,avg_weekly_earnings,2025,M03,March,1039.71,,2026-08-25 14:48:41.372731
CES4000000011,40000000,"Trade, transportation, and utilities",40,S,11,avg_weekly_earnings,2025,M02,February,1037.0,,2026-08-25 14:48:41.372731
CES4000000011,40000000,"Trade, transportation, and utilities",40,S,11,avg_weekly_earnings,2025,M01,January,1028.53,,2026-08-25 14:48:41.372731
CES4000000011,40000000,"Trade, transportation, and utilities",40,S,11,avg_weekly_earnings,2024,M12,December,1030.54,,2026-08-25 14:48:41.372731
CES4000000011,40000000,"Trade, transportation, and utilities",40,S,11,avg_weekly_earnings,2024,M11,November,1025.83,,2026-08-25 14:48:41.372731
CES4000000011,40000000,"Trade, transportation, and utilities",40,S,11,avg_weekly_earnings,2024,M10,October,1024.46,,2026-08-25 14:48:41.372731
CES4000000011,40000000,"Trade, transportation, and utilities",40,S,11,avg_weekly_earnings,2024,M09,September,1017.72,,2026-08-25 14:48:41.372731
CES4000000011,40000000,"Trade, transportation, and utilities",40,S,11,avg_weekly_earnings,2024,M08,August,1019.37,,2026-08-25 14:48:41.372731
CES4000000011,40000000,"Trade, transportation, and utilities",40,S,11,avg_weekly_earnings,2024,M07,July,1015.64,,2026-08-25 14:48:41.372731
CES4000000011,40000000,"Trade, transportation, and utilities",40,S,11,avg_weekly_earnings,2024,M06,June,1012.65,,2026-08-25 14:48:41.372731
CES4000000011,40000000,"Trade, transportation, and utilities",40,S,11,avg_weekly_earnings,2024,M05,May,1011.3,,2026-08-25 14:48:41.372731
CES4000000011,40000000,"Trade, transportation, and utilities",40,S,11,avg_weekly_earnings,2024,M04,April,1007.92,,2026-08-25 14:48:41.372731
CES4000000011,40000000,"Trade, transportation, and utilities",40,S,11,avg_weekly_earnings,2024,M03,March,1009.54,,2026-08-25 14:48:41.372731
CES4000000011,40000000,"Trade, transportation, and utilities",40,S,11,avg_weekly_earnings,2024,M02,February,1005.89,,2026-08-25 14:48:41.372731
CES4000000011,40000000,"Trade, transportation, and utilities",40,S,11,avg_weekly_earnings,2024,M01,January,1000.89,,2026-08-25 14:48:41.372731
CES4000000011,40000000,"Trade, transportation, and utilities",40,S,11,avg_weekly_earnings,2023,M12,December,1002.42,,2026-08-25 14:48:41.372731
CES4000000011,40000000,"Trade, transportation, and utilities",40,S,11,avg_weekly_earnings,2023,M11,November,1001.18,,2026-08-25 14:48:41.372731
CES4000000011,40000000,"Trade, transportation, and utilities",40,S,11,avg_weekly_earnings,2023,M10,October,993.61,,2026-08-25 14:48:41.372731
CES4000000011,40000000,"Trade, transportation, and utilities",40,S,11,avg_weekly_earnings,2023,M09,September,994.97,,2026-08-25 14:48:41.372731
CES4000000011,40000000,"Trade, transportation, and utilities",40,S,11,avg_weekly_earnings,2023,M08,August,993.48,,2026-08-25 14:48:41.372731
CES4000000011,40000000,"Trade, transportation, and utilities",40,S,11,avg_weekly_earnings,2023,M07,July,987.85,,2026-08-25 14:48:41.372731
CES4000000011,40000000,"Trade, transportation, and utilities",40,S,11,avg_weekly_earnings,2023,M06,June,985.47,,2026-08-25 14:48:41.372731
CES4000000011,40000000,"Trade, transportation, and utilities",40,S,11,avg_weekly_earnings,2023,M05,May,978.69,,2026-08-25 14:48:41.372731
CES4000000011,40000000,"Trade, transportation, and utilities",40,S,11,avg_weekly_earnings,2023,M04,April,977.0,,2026-08-25 14:48:41.372731
CES4000000011,40000000,"Trade, transportation, and utilities",40,S,11,avg_weekly_earnings,2023,M03,March,974.1,,2026-08-25 14:48:41.372731
CES4000000011,40000000,"Trade, transportation, and utilities",40,S,11,avg_weekly_earnings,2023,M02,February,973.76,,2026-08-25 14:48:41.372731
CES4000000011,40000000,"Trade, transportation, and utilities",40,S,11,avg_weekly_earnings,2023,M01,January,972.65,,2026-08-25 14:48:41.372731
CES4000000011,40000000,"Trade, transportation, and utilities",40,S,11,avg_weekly_earnings,2022,M12,December,965.03,,2026-08-25 14:48:41.372731
CES4000000011,40000000,"Trade, transportation, and utilities",40,S,11,avg_weekly_earnings,2022,M11,November,965.81,,2026-08-25 14:48:41.372731
CES4000000011,40000000,"Trade, transportation, and utilities",40,S,11,avg_weekly_earnings,2022,M10,October,962.73,,2026-08-25 14:48:41.372731
CES4000000011,40000000,"Trade, transportation, and utilities",40,S,11,avg_weekly_earnings,2022,M09,September,953.78,,2026-08-25 14:48:41.372731
CES4000000011,40000000,"Trade, transportation, and utilities",40,S,11,avg_weekly_earnings,2022,M08,August,949.69,,2026-08-25 14:48:41.372731
CES4000000011,40000000,"Trade, transportation, and utilities",40,S,11,avg_weekly_earnings,2022,M07,July,953.54,,2026-08-25 14:48:41.372731
CES4000000011,40000000,"Trade, transportation, and utilities",40,S,11,avg_weekly_earnings,2022,M06,June,942.18,,2026-08-25 14:48:41.372731
CES4000000011,40000000,"Trade, transportation, and utilities",40,S,11,avg_weekly_earnings,2022,M05,May,941.16,,2026-08-25 14:48:41.372731
CES4000000011,40000000,"Trade, transportation, and utilities",40,S,11,avg_weekly_earnings,2022,M04,April,936.05,,2026-08-25 14:48:41.372731
CES4000000011,40000000,"Trade, transportation, and utilities",40,S,11,avg_weekly_earnings,2022,M03,March,931.6,,2026-08-25 14:48:41.372731
CES4000000011,40000000,"Trade, transportation, and utilities",40,S,11,avg_weekly_earnings,2022,M02,February,930.58,,2026-08-25 14:48:41.372731
CES4000000011,40000000,"Trade, transportation, and utilities",40,S,11,avg_weekly_earnings,2022,M01,January,923.78,,2026-08-25 14:48:41.372731
CES4000000011,40000000,"Trade, transportation, and utilities",40,S,11,avg_weekly_earnings,2021,M12,December,940.64,,2026-08-25 14:48:41.372731
CES4000000011,40000000,"Trade, transportation, and utilities",40,S,11,avg_weekly_earnings,2021,M11,November,932.74,,2026-08-25 14:48:41.372731
CES4000000011,40000000,"Trade, transportation, and utilities",40,S,11,avg_weekly_earnings,2021,M10,October,922.53,,2026-08-25 14:48:41.372731
CES4000000011,40000000,"Trade, transportation, and utilities",40,S,11,avg_weekly_earnings,2021,M09,September,919.08,,2026-08-25 14:48:41.372731
CES4000000011,40000000,"Trade, transportation, and utilities",40,S,11,avg_weekly_earnings,2021,M08,August,914.94,,2026-08-25 14:48:41.372731
CES4000000011,40000000,"Trade, transportation, and utilities",40,S,11,avg_weekly_earnings,2021,M07,July,912.87,,2026-08-25 14:48:41.372731
CES4000000011,40000000,"Trade, transportation, and utilities",40,S,11,avg_weekly_earnings,2021,M06,June,910.33,,2026-08-25 14:48:41.372731
CES4000000011,40000000,"Trade, transportation, and utilities",40,S,11,avg_weekly_earnings,2021,M05,May,907.06,,2026-08-25 14:48:41.372731
CES4000000011,40000000,"Trade, transportation, and utilities",40,S,11,avg_weekly_earnings,2021,M04,April,900.47,,2026-08-25 14:48:41.372731
CES4000000011,40000000,"Trade, transportation, and utilities",40,S,11,avg_weekly_earnings,2021,M03,March,888.03,,2026-08-25 14:48:41.372731
CES4000000011,40000000,"Trade, transportation, and utilities",40,S,11,avg_weekly_earnings,2021,M02,February,879.11,,2026-08-25 14:48:41.372731
CES4000000011,40000000,"Trade, transportation, and utilities",40,S,11,avg_weekly_earnings,2021,M01,January,885.96,,2026-08-25 14:48:41.372731
CES4200000001,42000000,Retail trade,42,S,01,all_employees_thousands,2026,M07,July,15440.9,P,2026-08-25 14:48:41.372731
CES4200000001,42000000,Retail trade,42,S,01,all_employees_thousands,2026,M06,June,15460.3,P,2026-08-25 14:48:41.372731
CES4200000001,42000000,Retail trade,42,S,01,all_employees_thousands,2026,M05,May,15464.0,,2026-08-25 14:48:41.372731
CES4200000001,42000000,Retail trade,42,S,01,all_employees_thousands,2026,M04,April,15459.0,,2026-08-25 14:48:41.372731
CES4200000001,42000000,Retail trade,42,S,01,all_employees_thousands,2026,M03,March,15435.5,,2026-08-25 14:48:41.372731
CES4200000001,42000000,Retail trade,42,S,01,all_employees_thousands,2026,M02,February,15425.9,,2026-08-25 14:48:41.372731
CES4200000001,42000000,Retail trade,42,S,01,all_employees_thousands,2026,M01,January,15426.2,,2026-08-25 14:48:41.372731
CES4200000001,42000000,Retail trade,42,S,01,all_employees_thousands,2025,M12,December,15413.5,,2026-08-25 14:48:41.372731
CES4200000001,42000000,Retail trade,42,S,01,all_employees_thousands,2025,M11,November,15437.1,,2026-08-25 14:48:41.372731
CES4200000001,42000000,Retail trade,42,S,01,all_employees_thousands,2025,M10,October,15438.0,,2026-08-25 14:48:41.372731
CES4200000001,42000000,Retail trade,42,S,01,all_employees_thousands,2025,M09,September,15453.4,,2026-08-25 14:48:41.372731
CES4200000001,42000000,Retail trade,42,S,01,all_employees_thousands,2025,M08,August,15440.3,,2026-08-25 14:48:41.372731
CES4200000001,42000000,Retail trade,42,S,01,all_employees_thousands,2025,M07,July,15430.2,,2026-08-25 14:48:41.372731
CES4200000001,42000000,Retail trade,42,S,01,all_employees_thousands,2025,M06,June,15425.5,,2026-08-25 14:48:41.372731
CES4200000001,42000000,Retail trade,42,S,01,all_employees_thousands,2025,M05,May,15440.0,,2026-08-25 14:48:41.372731
CES4200000001,42000000,Retail trade,42,S,01,all_employees_thousands,2025,M04,April,15461.6,,2026-08-25 14:48:41.372731
CES4200000001,42000000,Retail trade,42,S,01,all_employees_thousands,2025,M03,March,15457.5,,2026-08-25 14:48:41.372731
CES4200000001,42000000,Retail trade,42,S,01,all_employees_thousands,2025,M02,February,15441.8,,2026-08-25 14:48:41.372731
CES4200000001,42000000,Retail trade,42,S,01,all_employees_thousands,2025,M01,January,15459.3,,2026-08-25 14:48:41.372731
CES4200000001,42000000,Retail trade,42,S,01,all_employees_thousands,2024,M12,December,15460.1,,2026-08-25 14:48:41.372731
CES4200000001,42000000,Retail trade,42,S,01,all_employees_thousands,2024,M11,November,15409.8,,2026-08-25 14:48:41.372731
CES4200000001,42000000,Retail trade,42,S,01,all_employees_thousands,2024,M10,October,15452.4,,2026-08-25 14:48:41.372731
CES4200000001,42000000,Retail trade,42,S,01,all_employees_thousands,2024,M09,September,15456.7,,2026-08-25 14:48:41.372731
CES4200000001,42000000,Retail trade,42,S,01,all_employees_thousands,2024,M08,August,15458.4,,2026-08-25 14:48:41.372731
CES4200000001,42000000,Retail trade,42,S,01,all_employees_thousands,2024,M07,July,15480.8,,2026-08-25 14:48:41.372731
CES4200000001,42000000,Retail trade,42,S,01,all_employees_thousands,2024,M06,June,15499.9,,2026-08-25 14:48:41.372731
CES4200000001,42000000,Retail trade,42,S,01,all_employees_thousands,2024,M05,May,15536.0,,2026-08-25 14:48:41.372731
CES4200000001,42000000,Retail trade,42,S,01,all_employees_thousands,2024,M04,April,15531.2,,2026-08-25 14:48:41.372731
CES4200000001,42000000,Retail trade,42,S,01,all_employees_thousands,2024,M03,March,15529.3,,2026-08-25 14:48:41.372731
CES4200000001,42000000,Retail trade,42,S,01,all_employees_thousands,2024,M02,February,15528.5,,2026-08-25 14:48:41.372731
CES4200000001,42000000,Retail trade,42,S,01,all_employees_thousands,2024,M01,January,15524.0,,2026-08-25 14:48:41.372731
CES4200000001,42000000,Retail trade,42,S,01,all_employees_thousands,2023,M12,December,15550.9,,2026-08-25 14:48:41.372731
CES4200000001,42000000,Retail trade,42,S,01,all_employees_thousands,2023,M11,November,15511.3,,2026-08-25 14:48:41.372731
CES4200000001,42000000,Retail trade,42,S,01,all_employees_thousands,2023,M10,October,15543.9,,2026-08-25 14:48:41.372731
CES4200000001,42000000,Retail trade,42,S,01,all_employees_thousands,2023,M09,September,15531.3,,2026-08-25 14:48:41.372731
CES4200000001,42000000,Retail trade,42,S,01,all_employees_thousands,2023,M08,August,15531.2,,2026-08-25 14:48:41.372731
CES4200000001,42000000,Retail trade,42,S,01,all_employees_thousands,2023,M07,July,15539.5,,2026-08-25 14:48:41.372731
CES4200000001,42000000,Retail trade,42,S,01,all_employees_thousands,2023,M06,June,15533.2,,2026-08-25 14:48:41.372731
CES4200000001,42000000,Retail trade,42,S,01,all_employees_thousands,2023,M05,May,15555.9,,2026-08-25 14:48:41.372731
CES4200000001,42000000,Retail trade,42,S,01,all_employees_thousands,2023,M04,April,15556.0,,2026-08-25 14:48:41.372731
CES4200000001,42000000,Retail trade,42,S,01,all_employees_thousands,2023,M03,March,15562.8,,2026-08-25 14:48:41.372731
CES4200000001,42000000,Retail trade,42,S,01,all_employees_thousands,2023,M02,February,15602.6,,2026-08-25 14:48:41.372731
CES4200000001,42000000,Retail trade,42,S,01,all_employees_thousands,2023,M01,January,15551.3,,2026-08-25 14:48:41.372731
CES4200000001,42000000,Retail trade,42,S,01,all_employees_thousands,2022,M12,December,15533.9,,2026-08-25 14:48:41.372731
CES4200000001,42000000,Retail trade,42,S,01,all_employees_thousands,2022,M11,November,15530.2,,2026-08-25 14:48:41.372731
CES4200000001,42000000,Retail trade,42,S,01,all_employees_thousands,2022,M10,October,15512.0,,2026-08-25 14:48:41.372731
CES4200000001,42000000,Retail trade,42,S,01,all_employees_thousands,2022,M09,September,15498.2,,2026-08-25 14:48:41.372731
CES4200000001,42000000,Retail trade,42,S,01,all_employees_thousands,2022,M08,August,15521.8,,2026-08-25 14:48:41.372731
CES4200000001,42000000,Retail trade,42,S,01,all_employees_thousands,2022,M07,July,15490.6,,2026-08-25 14:48:41.372731
CES4200000001,42000000,Retail trade,42,S,01,all_employees_thousands,2022,M06,June,15464.6,,2026-08-25 14:48:41.372731
CES4200000001,42000000,Retail trade,42,S,01,all_employees_thousands,2022,M05,May,15418.7,,2026-08-25 14:48:41.372731
CES4200000001,42000000,Retail trade,42,S,01,all_employees_thousands,2022,M04,April,15488.0,,2026-08-25 14:48:41.372731
CES4200000001,42000000,Retail trade,42,S,01,all_employees_thousands,2022,M03,March,15537.1,,2026-08-25 14:48:41.372731
CES4200000001,42000000,Retail trade,42,S,01,all_employees_thousands,2022,M02,February,15537.4,,2026-08-25 14:48:41.372731
CES4200000001,42000000,Retail trade,42,S,01,all_employees_thousands,2022,M01,January,15428.6,,2026-08-25 14:48:41.372731
CES4200000001,42000000,Retail trade,42,S,01,all_employees_thousands,2021,M12,December,15421.7,,2026-08-25 14:48:41.372731
CES4200000001,42000000,Retail trade,42,S,01,all_employees_thousands,2021,M11,November,15407.0,,2026-08-25 14:48:41.372731
CES4200000001,42000000,Retail trade,42,S,01,all_employees_thousands,2021,M10,October,15348.1,,2026-08-25 14:48:41.372731
CES4200000001,42000000,Retail trade,42,S,01,all_employees_thousands,2021,M09,September,15280.1,,2026-08-25 14:48:41.372731
CES4200000001,42000000,Retail trade,42,S,01,all_employees_thousands,2021,M08,August,15216.0,,2026-08-25 14:48:41.372731
CES4200000001,42000000,Retail trade,42,S,01,all_employees_thousands,2021,M07,July,15238.2,,2026-08-25 14:48:41.372731
CES4200000001,42000000,Retail trade,42,S,01,all_employees_thousands,2021,M06,June,15244.8,,2026-08-25 14:48:41.372731
CES4200000001,42000000,Retail trade,42,S,01,all_employees_thousands,2021,M05,May,15191.5,,2026-08-25 14:48:41.372731
CES4200000001,42000000,Retail trade,42,S,01,all_employees_thousands,2021,M04,April,15189.4,,2026-08-25 14:48:41.372731
CES4200000001,42000000,Retail trade,42,S,01,all_employees_thousands,2021,M03,March,15232.8,,2026-08-25 14:48:41.372731
CES4200000001,42000000,Retail trade,42,S,01,all_employees_thousands,2021,M02,February,15188.9,,2026-08-25 14:48:41.372731
CES4200000001,42000000,Retail trade,42,S,01,all_employees_thousands,2021,M01,January,15165.9,,2026-08-25 14:48:41.372731
CES4200000002,42000000,Retail trade,42,S,02,avg_weekly_hours,2026,M07,July,30.0,P,2026-08-25 14:48:41.372731
CES4200000002,42000000,Retail trade,42,S,02,avg_weekly_hours,2026,M06,June,30.0,P,2026-08-25 14:48:41.372731
CES4200000002,42000000,Retail trade,42,S,02,avg_weekly_hours,2026,M05,May,30.1,,2026-08-25 14:48:41.372731
CES4200000002,42000000,Retail trade,42,S,02,avg_weekly_hours,2026,M04,April,30.0,,2026-08-25 14:48:41.372731
CES4200000002,42000000,Retail trade,42,S,02,avg_weekly_hours,2026,M03,March,30.0,,2026-08-25 14:48:41.372731
CES4200000002,42000000,Retail trade,42,S,02,avg_weekly_hours,2026,M02,February,30.0,,2026-08-25 14:48:41.372731
CES4200000002,42000000,Retail trade,42,S,02,avg_weekly_hours,2026,M01,January,29.9,,2026-08-25 14:48:41.372731
CES4200000002,42000000,Retail trade,42,S,02,avg_weekly_hours,2025,M12,December,29.8,,2026-08-25 14:48:41.372731
CES4200000002,42000000,Retail trade,42,S,02,avg_weekly_hours,2025,M11,November,29.8,,2026-08-25 14:48:41.372731
CES4200000002,42000000,Retail trade,42,S,02,avg_weekly_hours,2025,M10,October,29.9,,2026-08-25 14:48:41.372731
CES4200000002,42000000,Retail trade,42,S,02,avg_weekly_hours,2025,M09,September,29.9,,2026-08-25 14:48:41.372731
CES4200000002,42000000,Retail trade,42,S,02,avg_weekly_hours,2025,M08,August,30.0,,2026-08-25 14:48:41.372731
CES4200000002,42000000,Retail trade,42,S,02,avg_weekly_hours,2025,M07,July,29.9,,2026-08-25 14:48:41.372731
CES4200000002,42000000,Retail trade,42,S,02,avg_weekly_hours,2025,M06,June,29.8,,2026-08-25 14:48:41.372731
CES4200000002,42000000,Retail trade,42,S,02,avg_weekly_hours,2025,M05,May,29.7,,2026-08-25 14:48:41.372731
CES4200000002,42000000,Retail trade,42,S,02,avg_weekly_hours,2025,M04,April,29.9,,2026-08-25 14:48:41.372731
CES4200000002,42000000,Retail trade,42,S,02,avg_weekly_hours,2025,M03,March,29.6,,2026-08-25 14:48:41.372731
CES4200000002,42000000,Retail trade,42,S,02,avg_weekly_hours,2025,M02,February,29.7,,2026-08-25 14:48:41.372731
CES4200000002,42000000,Retail trade,42,S,02,avg_weekly_hours,2025,M01,January,29.5,,2026-08-25 14:48:41.372731
CES4200000002,42000000,Retail trade,42,S,02,avg_weekly_hours,2024,M12,December,29.9,,2026-08-25 14:48:41.372731
CES4200000002,42000000,Retail trade,42,S,02,avg_weekly_hours,2024,M11,November,29.7,,2026-08-25 14:48:41.372731
CES4200000002,42000000,Retail trade,42,S,02,avg_weekly_hours,2024,M10,October,29.7,,2026-08-25 14:48:41.372731
CES4200000002,42000000,Retail trade,42,S,02,avg_weekly_hours,2024,M09,September,29.6,,2026-08-25 14:48:41.372731
CES4200000002,42000000,Retail trade,42,S,02,avg_weekly_hours,2024,M08,August,29.6,,2026-08-25 14:48:41.372731
CES4200000002,42000000,Retail trade,42,S,02,avg_weekly_hours,2024,M07,July,29.7,,2026-08-25 14:48:41.372731
CES4200000002,42000000,Retail trade,42,S,02,avg_weekly_hours,2024,M06,June,29.6,,2026-08-25 14:48:41.372731
CES4200000002,42000000,Retail trade,42,S,02,avg_weekly_hours,2024,M05,May,29.6,,2026-08-25 14:48:41.372731
CES4200000002,42000000,Retail trade,42,S,02,avg_weekly_hours,2024,M04,April,29.6,,2026-08-25 14:48:41.372731
CES4200000002,42000000,Retail trade,42,S,02,avg_weekly_hours,2024,M03,March,29.8,,2026-08-25 14:48:41.372731
CES4200000002,42000000,Retail trade,42,S,02,avg_weekly_hours,2024,M02,February,29.7,,2026-08-25 14:48:41.372731
CES4200000002,42000000,Retail trade,42,S,02,avg_weekly_hours,2024,M01,January,29.5,,2026-08-25 14:48:41.372731
CES4200000002,42000000,Retail trade,42,S,02,avg_weekly_hours,2023,M12,December,29.7,,2026-08-25 14:48:41.372731
CES4200000002,42000000,Retail trade,42,S,02,avg_weekly_hours,2023,M11,November,30.2,,2026-08-25 14:48:41.372731
CES4200000002,42000000,Retail trade,42,S,02,avg_weekly_hours,2023,M10,October,29.8,,2026-08-25 14:48:41.372731
CES4200000002,42000000,Retail trade,42,S,02,avg_weekly_hours,2023,M09,September,29.8,,2026-08-25 14:48:41.372731
CES4200000002,42000000,Retail trade,42,S,02,avg_weekly_hours,2023,M08,August,29.9,,2026-08-25 14:48:41.372731
CES4200000002,42000000,Retail trade,42,S,02,avg_weekly_hours,2023,M07,July,29.9,,2026-08-25 14:48:41.372731
CES4200000002,42000000,Retail trade,42,S,02,avg_weekly_hours,2023,M06,June,29.9,,2026-08-25 14:48:41.372731
CES4200000002,42000000,Retail trade,42,S,02,avg_weekly_hours,2023,M05,May,30.0,,2026-08-25 14:48:41.372731
CES4200000002,42000000,Retail trade,42,S,02,avg_weekly_hours,2023,M04,April,30.0,,2026-08-25 14:48:41.372731
CES4200000002,42000000,Retail trade,42,S,02,avg_weekly_hours,2023,M03,March,30.1,,2026-08-25 14:48:41.372731
CES4200000002,42000000,Retail trade,42,S,02,avg_weekly_hours,2023,M02,February,30.0,,2026-08-25 14:48:41.372731
CES4200000002,42000000,Retail trade,42,S,02,avg_weekly_hours,2023,M01,January,30.2,,2026-08-25 14:48:41.372731
CES4200000002,42000000,Retail trade,42,S,02,avg_weekly_hours,2022,M12,December,30.1,,2026-08-25 14:48:41.372731
CES4200000002,42000000,Retail trade,42,S,02,avg_weekly_hours,2022,M11,November,30.3,,2026-08-25 14:48:41.372731
CES4200000002,42000000,Retail trade,42,S,02,avg_weekly_hours,2022,M10,October,30.3,,2026-08-25 14:48:41.372731
CES4200000002,42000000,Retail trade,42,S,02,avg_weekly_hours,2022,M09,September,30.1,,2026-08-25 14:48:41.372731
CES4200000002,42000000,Retail trade,42,S,02,avg_weekly_hours,2022,M08,August,30.1,,2026-08-25 14:48:41.372731
CES4200000002,42000000,Retail trade,42,S,02,avg_weekly_hours,2022,M07,July,30.3,,2026-08-25 14:48:41.372731
CES4200000002,42000000,Retail trade,42,S,02,avg_weekly_hours,2022,M06,June,30.1,,2026-08-25 14:48:41.372731
CES4200000002,42000000,Retail trade,42,S,02,avg_weekly_hours,2022,M05,May,30.1,,2026-08-25 14:48:41.372731
CES4200000002,42000000,Retail trade,42,S,02,avg_weekly_hours,2022,M04,April,30.1,,2026-08-25 14:48:41.372731
CES4200000002,42000000,Retail trade,42,S,02,avg_weekly_hours,2022,M03,March,30.1,,2026-08-25 14:48:41.372731
CES4200000002,42000000,Retail trade,42,S,02,avg_weekly_hours,2022,M02,February,30.4,,2026-08-25 14:48:41.372731
CES4200000002,42000000,Retail trade,42,S,02,avg_weekly_hours,2022,M01,January,30.1,,2026-08-25 14:48:41.372731
CES4200000002,42000000,Retail trade,42,S,02,avg_weekly_hours,2021,M12,December,31.4,,2026-08-25 14:48:41.372731
CES4200000002,42000000,Retail trade,42,S,02,avg_weekly_hours,2021,M11,November,31.2,,2026-08-25 14:48:41.372731
CES4200000002,42000000,Retail trade,42,S,02,avg_weekly_hours,2021,M10,October,30.7,,2026-08-25 14:48:41.372731
CES4200000002,42000000,Retail trade,42,S,02,avg_weekly_hours,2021,M09,September,30.7,,2026-08-25 14:48:41.372731
CES4200000002,42000000,Retail trade,42,S,02,avg_weekly_hours,2021,M08,August,30.8,,2026-08-25 14:48:41.372731
CES4200000002,42000000,Retail trade,42,S,02,avg_weekly_hours,2021,M07,July,30.7,,2026-08-25 14:48:41.372731
CES4200000002,42000000,Retail trade,42,S,02,avg_weekly_hours,2021,M06,June,30.9,,2026-08-25 14:48:41.372731
CES4200000002,42000000,Retail trade,42,S,02,avg_weekly_hours,2021,M05,May,30.9,,2026-08-25 14:48:41.372731
CES4200000002,42000000,Retail trade,42,S,02,avg_weekly_hours,2021,M04,April,30.9,,2026-08-25 14:48:41.372731
CES4200000002,42000000,Retail trade,42,S,02,avg_weekly_hours,2021,M03,March,30.7,,2026-08-25 14:48:41.372731
CES4200000002,42000000,Retail trade,42,S,02,avg_weekly_hours,2021,M02,February,30.5,,2026-08-25 14:48:41.372731
CES4200000002,42000000,Retail trade,42,S,02,avg_weekly_hours,2021,M01,January,30.7,,2026-08-25 14:48:41.372731
CES4200000003,42000000,Retail trade,42,S,03,avg_hourly_earnings,2026,M07,July,26.23,P,2026-08-25 14:48:41.372731
CES4200000003,42000000,Retail trade,42,S,03,avg_hourly_earnings,2026,M06,June,26.29,P,2026-08-25 14:48:41.372731
CES4200000003,42000000,Retail trade,42,S,03,avg_hourly_earnings,2026,M05,May,26.2,,2026-08-25 14:48:41.372731
CES4200000003,42000000,Retail trade,42,S,03,avg_hourly_earnings,2026,M04,April,26.2,,2026-08-25 14:48:41.372731
CES4200000003,42000000,Retail trade,42,S,03,avg_hourly_earnings,2026,M03,March,26.19,,2026-08-25 14:48:41.372731
CES4200000003,42000000,Retail trade,42,S,03,avg_hourly_earnings,2026,M02,February,26.1,,2026-08-25 14:48:41.372731
CES4200000003,42000000,Retail trade,42,S,03,avg_hourly_earnings,2026,M01,January,26.08,,2026-08-25 14:48:41.372731
CES4200000003,42000000,Retail trade,42,S,03,avg_hourly_earnings,2025,M12,December,26.02,,2026-08-25 14:48:41.372731
CES4200000003,42000000,Retail trade,42,S,03,avg_hourly_earnings,2025,M11,November,25.91,,2026-08-25 14:48:41.372731
CES4200000003,42000000,Retail trade,42,S,03,avg_hourly_earnings,2025,M10,October,25.72,,2026-08-25 14:48:41.372731
CES4200000003,42000000,Retail trade,42,S,03,avg_hourly_earnings,2025,M09,September,25.63,,2026-08-25 14:48:41.372731
CES4200000003,42000000,Retail trade,42,S,03,avg_hourly_earnings,2025,M08,August,25.59,,2026-08-25 14:48:41.372731
CES4200000003,42000000,Retail trade,42,S,03,avg_hourly_earnings,2025,M07,July,25.52,,2026-08-25 14:48:41.372731
CES4200000003,42000000,Retail trade,42,S,03,avg_hourly_earnings,2025,M06,June,25.36,,2026-08-25 14:48:41.372731
CES4200000003,42000000,Retail trade,42,S,03,avg_hourly_earnings,2025,M05,May,25.3,,2026-08-25 14:48:41.372731
CES4200000003,42000000,Retail trade,42,S,03,avg_hourly_earnings,2025,M04,April,25.28,,2026-08-25 14:48:41.372731
CES4200000003,42000000,Retail trade,42,S,03,avg_hourly_earnings,2025,M03,March,25.21,,2026-08-25 14:48:41.372731
CES4200000003,42000000,Retail trade,42,S,03,avg_hourly_earnings,2025,M02,February,25.03,,2026-08-25 14:48:41.372731
CES4200000003,42000000,Retail trade,42,S,03,avg_hourly_earnings,2025,M01,January,24.97,,2026-08-25 14:48:41.372731
CES4200000003,42000000,Retail trade,42,S,03,avg_hourly_earnings,2024,M12,December,24.87,,2026-08-25 14:48:41.372731
CES4200000003,42000000,Retail trade,42,S,03,avg_hourly_earnings,2024,M11,November,24.91,,2026-08-25 14:48:41.372731
CES4200000003,42000000,Retail trade,42,S,03,avg_hourly_earnings,2024,M10,October,24.72,,2026-08-25 14:48:41.372731
CES4200000003,42000000,Retail trade,42,S,03,avg_hourly_earnings,2024,M09,September,24.6,,2026-08-25 14:48:41.372731
CES4200000003,42000000,Retail trade,42,S,03,avg_hourly_earnings,2024,M08,August,24.54,,2026-08-25 14:48:41.372731
CES4200000003,42000000,Retail trade,42,S,03,avg_hourly_earnings,2024,M07,July,24.44,,2026-08-25 14:48:41.372731
CES4200000003,42000000,Retail trade,42,S,03,avg_hourly_earnings,2024,M06,June,24.46,,2026-08-25 14:48:41.372731
CES4200000003,42000000,Retail trade,42,S,03,avg_hourly_earnings,2024,M05,May,24.44,,2026-08-25 14:48:41.372731
CES4200000003,42000000,Retail trade,42,S,03,avg_hourly_earnings,2024,M04,April,24.3,,2026-08-25 14:48:41.372731
CES4200000003,42000000,Retail trade,42,S,03,avg_hourly_earnings,2024,M03,March,24.3,,2026-08-25 14:48:41.372731
CES4200000003,42000000,Retail trade,42,S,03,avg_hourly_earnings,2024,M02,February,24.34,,2026-08-25 14:48:41.372731
CES4200000003,42000000,Retail trade,42,S,03,avg_hourly_earnings,2024,M01,January,24.24,,2026-08-25 14:48:41.372731
CES4200000003,42000000,Retail trade,42,S,03,avg_hourly_earnings,2023,M12,December,24.21,,2026-08-25 14:48:41.372731
CES4200000003,42000000,Retail trade,42,S,03,avg_hourly_earnings,2023,M11,November,24.04,,2026-08-25 14:48:41.372731
CES4200000003,42000000,Retail trade,42,S,03,avg_hourly_earnings,2023,M10,October,24.05,,2026-08-25 14:48:41.372731
CES4200000003,42000000,Retail trade,42,S,03,avg_hourly_earnings,2023,M09,September,24.14,,2026-08-25 14:48:41.372731
CES4200000003,42000000,Retail trade,42,S,03,avg_hourly_earnings,2023,M08,August,24.0,,2026-08-25 14:48:41.372731
CES4200000003,42000000,Retail trade,42,S,03,avg_hourly_earnings,2023,M07,July,23.94,,2026-08-25 14:48:41.372731
CES4200000003,42000000,Retail trade,42,S,03,avg_hourly_earnings,2023,M06,June,23.89,,2026-08-25 14:48:41.372731
CES4200000003,42000000,Retail trade,42,S,03,avg_hourly_earnings,2023,M05,May,23.78,,2026-08-25 14:48:41.372731
CES4200000003,42000000,Retail trade,42,S,03,avg_hourly_earnings,2023,M04,April,23.8,,2026-08-25 14:48:41.372731
CES4200000003,42000000,Retail trade,42,S,03,avg_hourly_earnings,2023,M03,March,23.66,,2026-08-25 14:48:41.372731
CES4200000003,42000000,Retail trade,42,S,03,avg_hourly_earnings,2023,M02,February,23.74,,2026-08-25 14:48:41.372731
CES4200000003,42000000,Retail trade,42,S,03,avg_hourly_earnings,2023,M01,January,23.53,,2026-08-25 14:48:41.372731
CES4200000003,42000000,Retail trade,42,S,03,avg_hourly_earnings,2022,M12,December,23.42,,2026-08-25 14:48:41.372731
CES4200000003,42000000,Retail trade,42,S,03,avg_hourly_earnings,2022,M11,November,23.47,,2026-08-25 14:48:41.372731
CES4200000003,42000000,Retail trade,42,S,03,avg_hourly_earnings,2022,M10,October,23.31,,2026-08-25 14:48:41.372731
CES4200000003,42000000,Retail trade,42,S,03,avg_hourly_earnings,2022,M09,September,23.16,,2026-08-25 14:48:41.372731
CES4200000003,42000000,Retail trade,42,S,03,avg_hourly_earnings,2022,M08,August,23.09,,2026-08-25 14:48:41.372731
CES4200000003,42000000,Retail trade,42,S,03,avg_hourly_earnings,2022,M07,July,23.09,,2026-08-25 14:48:41.372731
CES4200000003,42000000,Retail trade,42,S,03,avg_hourly_earnings,2022,M06,June,22.9,,2026-08-25 14:48:41.372731
CES4200000003,42000000,Retail trade,42,S,03,avg_hourly_earnings,2022,M05,May,22.84,,2026-08-25 14:48:41.372731
CES4200000003,42000000,Retail trade,42,S,03,avg_hourly_earnings,2022,M04,April,22.78,,2026-08-25 14:48:41.372731
CES4200000003,42000000,Retail trade,42,S,03,avg_hourly_earnings,2022,M03,March,22.79,,2026-08-25 14:48:41.372731
CES4200000003,42000000,Retail trade,42,S,03,avg_hourly_earnings,2022,M02,February,22.58,,2026-08-25 14:48:41.372731
CES4200000003,42000000,Retail trade,42,S,03,avg_hourly_earnings,2022,M01,January,22.57,,2026-08-25 14:48:41.372731
CES4200000003,42000000,Retail trade,42,S,03,avg_hourly_earnings,2021,M12,December,22.45,,2026-08-25 14:48:41.372731
CES4200000003,42000000,Retail trade,42,S,03,avg_hourly_earnings,2021,M11,November,22.33,,2026-08-25 14:48:41.372731
CES4200000003,42000000,Retail trade,42,S,03,avg_hourly_earnings,2021,M10,October,22.27,,2026-08-25 14:48:41.372731
CES4200000003,42000000,Retail trade,42,S,03,avg_hourly_earnings,2021,M09,September,22.17,,2026-08-25 14:48:41.372731
CES4200000003,42000000,Retail trade,42,S,03,avg_hourly_earnings,2021,M08,August,22.05,,2026-08-25 14:48:41.372731
CES4200000003,42000000,Retail trade,42,S,03,avg_hourly_earnings,2021,M07,July,21.96,,2026-08-25 14:48:41.372731
CES4200000003,42000000,Retail trade,42,S,03,avg_hourly_earnings,2021,M06,June,21.91,,2026-08-25 14:48:41.372731
CES4200000003,42000000,Retail trade,42,S,03,avg_hourly_earnings,2021,M05,May,21.8,,2026-08-25 14:48:41.372731
CES4200000003,42000000,Retail trade,42,S,03,avg_hourly_earnings,2021,M04,April,21.6,,2026-08-25 14:48:41.372731
CES4200000003,42000000,Retail trade,42,S,03,avg_hourly_earnings,2021,M03,March,21.4,,2026-08-25 14:48:41.372731
CES4200000003,42000000,Retail trade,42,S,03,avg_hourly_earnings,2021,M02,February,21.17,,2026-08-25 14:48:41.372731
CES4200000003,42000000,Retail trade,42,S,03,avg_hourly_earnings,2021,M01,January,21.34,,2026-08-25 14:48:41.372731
CES4200000011,42000000,Retail trade,42,S,11,avg_weekly_earnings,2026,M07,July,786.9,P,2026-08-25 14:48:41.372731
CES4200000011,42000000,Retail trade,42,S,11,avg_weekly_earnings,2026,M06,June,788.7,P,2026-08-25 14:48:41.372731
CES4200000011,42000000,Retail trade,42,S,11,avg_weekly_earnings,2026,M05,May,788.62,,2026-08-25 14:48:41.372731
CES4200000011,42000000,Retail trade,42,S,11,avg_weekly_earnings,2026,M04,April,786.0,,2026-08-25 14:48:41.372731
CES4200000011,42000000,Retail trade,42,S,11,avg_weekly_earnings,2026,M03,March,785.7,,2026-08-25 14:48:41.372731
CES4200000011,42000000,Retail trade,42,S,11,avg_weekly_earnings,2026,M02,February,783.0,,2026-08-25 14:48:41.372731
CES4200000011,42000000,Retail trade,42,S,11,avg_weekly_earnings,2026,M01,January,779.79,,2026-08-25 14:48:41.372731
CES4200000011,42000000,Retail trade,42,S,11,avg_weekly_earnings,2025,M12,December,775.4,,2026-08-25 14:48:41.372731
CES4200000011,42000000,Retail trade,42,S,11,avg_weekly_earnings,2025,M11,November,772.12,,2026-08-25 14:48:41.372731
CES4200000011,42000000,Retail trade,42,S,11,avg_weekly_earnings,2025,M10,October,769.03,,2026-08-25 14:48:41.372731
CES4200000011,42000000,Retail trade,42,S,11,avg_weekly_earnings,2025,M09,September,766.34,,2026-08-25 14:48:41.372731
CES4200000011,42000000,Retail trade,42,S,11,avg_weekly_earnings,2025,M08,August,767.7,,2026-08-25 14:48:41.372731
CES4200000011,42000000,Retail trade,42,S,11,avg_weekly_earnings,2025,M07,July,763.05,,2026-08-25 14:48:41.372731
CES4200000011,42000000,Retail trade,42,S,11,avg_weekly_earnings,2025,M06,June,755.73,,2026-08-25 14:48:41.372731
CES4200000011,42000000,Retail trade,42,S,11,avg_weekly_earnings,2025,M05,May,751.41,,2026-08-25 14:48:41.372731
CES4200000011,42000000,Retail trade,42,S,11,avg_weekly_earnings,2025,M04,April,755.87,,2026-08-25 14:48:41.372731
CES4200000011,42000000,Retail trade,42,S,11,avg_weekly_earnings,2025,M03,March,746.22,,2026-08-25 14:48:41.372731
CES4200000011,42000000,Retail trade,42,S,11,avg_weekly_earnings,2025,M02,February,743.39,,2026-08-25 14:48:41.372731
CES4200000011,42000000,Retail trade,42,S,11,avg_weekly_earnings,2025,M01,January,736.62,,2026-08-25 14:48:41.372731
CES4200000011,42000000,Retail trade,42,S,11,avg_weekly_earnings,2024,M12,December,743.61,,2026-08-25 14:48:41.372731
CES4200000011,42000000,Retail trade,42,S,11,avg_weekly_earnings,2024,M11,November,739.83,,2026-08-25 14:48:41.372731
CES4200000011,42000000,Retail trade,42,S,11,avg_weekly_earnings,2024,M10,October,734.18,,2026-08-25 14:48:41.372731
CES4200000011,42000000,Retail trade,42,S,11,avg_weekly_earnings,2024,M09,September,728.16,,2026-08-25 14:48:41.372731
CES4200000011,42000000,Retail trade,42,S,11,avg_weekly_earnings,2024,M08,August,726.38,,2026-08-25 14:48:41.372731
CES4200000011,42000000,Retail trade,42,S,11,avg_weekly_earnings,2024,M07,July,725.87,,2026-08-25 14:48:41.372731
CES4200000011,42000000,Retail trade,42,S,11,avg_weekly_earnings,2024,M06,June,724.02,,2026-08-25 14:48:41.372731
CES4200000011,42000000,Retail trade,42,S,11,avg_weekly_earnings,2024,M05,May,723.42,,2026-08-25 14:48:41.372731
CES4200000011,42000000,Retail trade,42,S,11,avg_weekly_earnings,2024,M04,April,719.28,,2026-08-25 14:48:41.372731
CES4200000011,42000000,Retail trade,42,S,11,avg_weekly_earnings,2024,M03,March,724.14,,2026-08-25 14:48:41.372731
CES4200000011,42000000,Retail trade,42,S,11,avg_weekly_earnings,2024,M02,February,722.9,,2026-08-25 14:48:41.372731
CES4200000011,42000000,Retail trade,42,S,11,avg_weekly_earnings,2024,M01,January,715.08,,2026-08-25 14:48:41.372731
CES4200000011,42000000,Retail trade,42,S,11,avg_weekly_earnings,2023,M12,December,719.04,,2026-08-25 14:48:41.372731
CES4200000011,42000000,Retail trade,42,S,11,avg_weekly_earnings,2023,M11,November,726.01,,2026-08-25 14:48:41.372731
CES4200000011,42000000,Retail trade,42,S,11,avg_weekly_earnings,2023,M10,October,716.69,,2026-08-25 14:48:41.372731
CES4200000011,42000000,Retail trade,42,S,11,avg_weekly_earnings,2023,M09,September,719.37,,2026-08-25 14:48:41.372731
CES4200000011,42000000,Retail trade,42,S,11,avg_weekly_earnings,2023,M08,August,717.6,,2026-08-25 14:48:41.372731
CES4200000011,42000000,Retail trade,42,S,11,avg_weekly_earnings,2023,M07,July,715.81,,2026-08-25 14:48:41.372731
CES4200000011,42000000,Retail trade,42,S,11,avg_weekly_earnings,2023,M06,June,714.31,,2026-08-25 14:48:41.372731
CES4200000011,42000000,Retail trade,42,S,11,avg_weekly_earnings,2023,M05,May,713.4,,2026-08-25 14:48:41.372731
CES4200000011,42000000,Retail trade,42,S,11,avg_weekly_earnings,2023,M04,April,714.0,,2026-08-25 14:48:41.372731
CES4200000011,42000000,Retail trade,42,S,11,avg_weekly_earnings,2023,M03,March,712.17,,2026-08-25 14:48:41.372731
CES4200000011,42000000,Retail trade,42,S,11,avg_weekly_earnings,2023,M02,February,712.2,,2026-08-25 14:48:41.372731
CES4200000011,42000000,Retail trade,42,S,11,avg_weekly_earnings,2023,M01,January,710.61,,2026-08-25 14:48:41.372731
CES4200000011,42000000,Retail trade,42,S,11,avg_weekly_earnings,2022,M12,December,704.94,,2026-08-25 14:48:41.372731
CES4200000011,42000000,Retail trade,42,S,11,avg_weekly_earnings,2022,M11,November,711.14,,2026-08-25 14:48:41.372731
CES4200000011,42000000,Retail trade,42,S,11,avg_weekly_earnings,2022,M10,October,706.29,,2026-08-25 14:48:41.372731
CES4200000011,42000000,Retail trade,42,S,11,avg_weekly_earnings,2022,M09,September,697.12,,2026-08-25 14:48:41.372731
CES4200000011,42000000,Retail trade,42,S,11,avg_weekly_earnings,2022,M08,August,695.01,,2026-08-25 14:48:41.372731
CES4200000011,42000000,Retail trade,42,S,11,avg_weekly_earnings,2022,M07,July,699.63,,2026-08-25 14:48:41.372731
CES4200000011,42000000,Retail trade,42,S,11,avg_weekly_earnings,2022,M06,June,689.29,,2026-08-25 14:48:41.372731
CES4200000011,42000000,Retail trade,42,S,11,avg_weekly_earnings,2022,M05,May,687.48,,2026-08-25 14:48:41.372731
CES4200000011,42000000,Retail trade,42,S,11,avg_weekly_earnings,2022,M04,April,685.68,,2026-08-25 14:48:41.372731
CES4200000011,42000000,Retail trade,42,S,11,avg_weekly_earnings,2022,M03,March,685.98,,2026-08-25 14:48:41.372731
CES4200000011,42000000,Retail trade,42,S,11,avg_weekly_earnings,2022,M02,February,686.43,,2026-08-25 14:48:41.372731
CES4200000011,42000000,Retail trade,42,S,11,avg_weekly_earnings,2022,M01,January,679.36,,2026-08-25 14:48:41.372731
CES4200000011,42000000,Retail trade,42,S,11,avg_weekly_earnings,2021,M12,December,704.93,,2026-08-25 14:48:41.372731
CES4200000011,42000000,Retail trade,42,S,11,avg_weekly_earnings,2021,M11,November,696.7,,2026-08-25 14:48:41.372731
CES4200000011,42000000,Retail trade,42,S,11,avg_weekly_earnings,2021,M10,October,683.69,,2026-08-25 14:48:41.372731
CES4200000011,42000000,Retail trade,42,S,11,avg_weekly_earnings,2021,M09,September,680.62,,2026-08-25 14:48:41.372731
CES4200000011,42000000,Retail trade,42,S,11,avg_weekly_earnings,2021,M08,August,679.14,,2026-08-25 14:48:41.372731
CES4200000011,42000000,Retail trade,42,S,11,avg_weekly_earnings,2021,M07,July,674.17,,2026-08-25 14:48:41.372731
CES4200000011,42000000,Retail trade,42,S,11,avg_weekly_earnings,2021,M06,June,677.02,,2026-08-25 14:48:41.372731
CES4200000011,42000000,Retail trade,42,S,11,avg_weekly_earnings,2021,M05,May,673.62,,2026-08-25 14:48:41.372731
CES4200000011,42000000,Retail trade,42,S,11,avg_weekly_earnings,2021,M04,April,667.44,,2026-08-25 14:48:41.372731
CES4200000011,42000000,Retail trade,42,S,11,avg_weekly_earnings,2021,M03,March,656.98,,2026-08-25 14:48:41.372731
CES4200000011,42000000,Retail trade,42,S,11,avg_weekly_earnings,2021,M02,February,645.69,,2026-08-25 14:48:41.372731
CES4200000011,42000000,Retail trade,42,S,11,avg_weekly_earnings,2021,M01,January,655.14,,2026-08-25 14:48:41.372731
CES5000000001,50000000,Information,50,S,01,all_employees_thousands,2026,M07,July,2780.0,P,2026-08-25 14:48:41.372731
CES5000000001,50000000,Information,50,S,01,all_employees_thousands,2026,M06,June,2769.0,P,2026-08-25 14:48:41.372731
CES5000000001,50000000,Information,50,S,01,all_employees_thousands,2026,M05,May,2782.0,,2026-08-25 14:48:41.372731
CES5000000001,50000000,Information,50,S,01,all_employees_thousands,2026,M04,April,2787.0,,2026-08-25 14:48:41.372731
CES5000000001,50000000,Information,50,S,01,all_employees_thousands,2026,M03,March,2793.0,,2026-08-25 14:48:41.372731
CES5000000001,50000000,Information,50,S,01,all_employees_thousands,2026,M02,February,2792.0,,2026-08-25 14:48:41.372731
CES5000000001,50000000,Information,50,S,01,all_employees_thousands,2026,M01,January,2815.0,,2026-08-25 14:48:41.372731
CES5000000001,50000000,Information,50,S,01,all_employees_thousands,2025,M12,December,2842.0,,2026-08-25 14:48:41.372731
CES5000000001,50000000,Information,50,S,01,all_employees_thousands,2025,M11,November,2848.0,,2026-08-25 14:48:41.372731
CES5000000001,50000000,Information,50,S,01,all_employees_thousands,2025,M10,October,2853.0,,2026-08-25 14:48:41.372731
CES5000000001,50000000,Information,50,S,01,all_employees_thousands,2025,M09,September,2859.0,,2026-08-25 14:48:41.372731
CES5000000001,50000000,Information,50,S,01,all_employees_thousands,2025,M08,August,2860.0,,2026-08-25 14:48:41.372731
CES5000000001,50000000,Information,50,S,01,all_employees_thousands,2025,M07,July,2861.0,,2026-08-25 14:48:41.372731
CES5000000001,50000000,Information,50,S,01,all_employees_thousands,2025,M06,June,2863.0,,2026-08-25 14:48:41.372731
CES5000000001,50000000,Information,50,S,01,all_employees_thousands,2025,M05,May,2864.0,,2026-08-25 14:48:41.372731
CES5000000001,50000000,Information,50,S,01,all_employees_thousands,2025,M04,April,2865.0,,2026-08-25 14:48:41.372731
CES5000000001,50000000,Information,50,S,01,all_employees_thousands,2025,M03,March,2867.0,,2026-08-25 14:48:41.372731
CES5000000001,50000000,Information,50,S,01,all_employees_thousands,2025,M02,February,2876.0,,2026-08-25 14:48:41.372731
CES5000000001,50000000,Information,50,S,01,all_employees_thousands,2025,M01,January,2877.0,,2026-08-25 14:48:41.372731
CES5000000001,50000000,Information,50,S,01,all_employees_thousands,2024,M12,December,2895.0,,2026-08-25 14:48:41.372731
CES5000000001,50000000,Information,50,S,01,all_employees_thousands,2024,M11,November,2885.0,,2026-08-25 14:48:41.372731
CES5000000001,50000000,Information,50,S,01,all_employees_thousands,2024,M10,October,2887.0,,2026-08-25 14:48:41.372731
CES5000000001,50000000,Information,50,S,01,all_employees_thousands,2024,M09,September,2903.0,,2026-08-25 14:48:41.372731
CES5000000001,50000000,Information,50,S,01,all_employees_thousands,2024,M08,August,2909.0,,2026-08-25 14:48:41.372731
CES5000000001,50000000,Information,50,S,01,all_employees_thousands,2024,M07,July,2917.0,,2026-08-25 14:48:41.372731
CES5000000001,50000000,Information,50,S,01,all_employees_thousands,2024,M06,June,2930.0,,2026-08-25 14:48:41.372731
CES5000000001,50000000,Information,50,S,01,all_employees_thousands,2024,M05,May,2930.0,,2026-08-25 14:48:41.372731
CES5000000001,50000000,Information,50,S,01,all_employees_thousands,2024,M04,April,2940.0,,2026-08-25 14:48:41.372731
CES5000000001,50000000,Information,50,S,01,all_employees_thousands,2024,M03,March,2951.0,,2026-08-25 14:48:41.372731
CES5000000001,50000000,Information,50,S,01,all_employees_thousands,2024,M02,February,2958.0,,2026-08-25 14:48:41.372731
CES5000000001,50000000,Information,50,S,01,all_employees_thousands,2024,M01,January,2963.0,,2026-08-25 14:48:41.372731
CES5000000001,50000000,Information,50,S,01,all_employees_thousands,2023,M12,December,2963.0,,2026-08-25 14:48:41.372731
CES5000000001,50000000,Information,50,S,01,all_employees_thousands,2023,M11,November,2962.0,,2026-08-25 14:48:41.372731
CES5000000001,50000000,Information,50,S,01,all_employees_thousands,2023,M10,October,2951.0,,2026-08-25 14:48:41.372731
CES5000000001,50000000,Information,50,S,01,all_employees_thousands,2023,M09,September,2975.0,,2026-08-25 14:48:41.372731
CES5000000001,50000000,Information,50,S,01,all_employees_thousands,2023,M08,August,2981.0,,2026-08-25 14:48:41.372731
CES5000000001,50000000,Information,50,S,01,all_employees_thousands,2023,M07,July,3001.0,,2026-08-25 14:48:41.372731
CES5000000001,50000000,Information,50,S,01,all_employees_thousands,2023,M06,June,3021.0,,2026-08-25 14:48:41.372731
CES5000000001,50000000,Information,50,S,01,all_employees_thousands,2023,M05,May,3034.0,,2026-08-25 14:48:41.372731
CES5000000001,50000000,Information,50,S,01,all_employees_thousands,2023,M04,April,3043.0,,2026-08-25 14:48:41.372731
CES5000000001,50000000,Information,50,S,01,all_employees_thousands,2023,M03,March,3049.0,,2026-08-25 14:48:41.372731
CES5000000001,50000000,Information,50,S,01,all_employees_thousands,2023,M02,February,3048.0,,2026-08-25 14:48:41.372731
CES5000000001,50000000,Information,50,S,01,all_employees_thousands,2023,M01,January,3061.0,,2026-08-25 14:48:41.372731
CES5000000001,50000000,Information,50,S,01,all_employees_thousands,2022,M12,December,3092.0,,2026-08-25 14:48:41.372731
CES5000000001,50000000,Information,50,S,01,all_employees_thousands,2022,M11,November,3115.0,,2026-08-25 14:48:41.372731
CES5000000001,50000000,Information,50,S,01,all_employees_thousands,2022,M10,October,3100.0,,2026-08-25 14:48:41.372731
CES5000000001,50000000,Information,50,S,01,all_employees_thousands,2022,M09,September,3095.0,,2026-08-25 14:48:41.372731
CES5000000001,50000000,Information,50,S,01,all_employees_thousands,2022,M08,August,3097.0,,2026-08-25 14:48:41.372731
CES5000000001,50000000,Information,50,S,01,all_employees_thousands,2022,M07,July,3094.0,,2026-08-25 14:48:41.372731
CES5000000001,50000000,Information,50,S,01,all_employees_thousands,2022,M06,June,3076.0,,2026-08-25 14:48:41.372731
CES5000000001,50000000,Information,50,S,01,all_employees_thousands,2022,M05,May,3057.0,,2026-08-25 14:48:41.372731
CES5000000001,50000000,Information,50,S,01,all_employees_thousands,2022,M04,April,3034.0,,2026-08-25 14:48:41.372731
CES5000000001,50000000,Information,50,S,01,all_employees_thousands,2022,M03,March,3018.0,,2026-08-25 14:48:41.372731
CES5000000001,50000000,Information,50,S,01,all_employees_thousands,2022,M02,February,2990.0,,2026-08-25 14:48:41.372731
CES5000000001,50000000,Information,50,S,01,all_employees_thousands,2022,M01,January,2984.0,,2026-08-25 14:48:41.372731
CES5000000001,50000000,Information,50,S,01,all_employees_thousands,2021,M12,December,2967.0,,2026-08-25 14:48:41.372731
CES5000000001,50000000,Information,50,S,01,all_employees_thousands,2021,M11,November,2957.0,,2026-08-25 14:48:41.372731
CES5000000001,50000000,Information,50,S,01,all_employees_thousands,2021,M10,October,2938.0,,2026-08-25 14:48:41.372731
CES5000000001,50000000,Information,50,S,01,all_employees_thousands,2021,M09,September,2917.0,,2026-08-25 14:48:41.372731
CES5000000001,50000000,Information,50,S,01,all_employees_thousands,2021,M08,August,2903.0,,2026-08-25 14:48:41.372731
CES5000000001,50000000,Information,50,S,01,all_employees_thousands,2021,M07,July,2881.0,,2026-08-25 14:48:41.372731
CES5000000001,50000000,Information,50,S,01,all_employees_thousands,2021,M06,June,2824.0,,2026-08-25 14:48:41.372731
CES5000000001,50000000,Information,50,S,01,all_employees_thousands,2021,M05,May,2816.0,,2026-08-25 14:48:41.372731
CES5000000001,50000000,Information,50,S,01,all_employees_thousands,2021,M04,April,2796.0,,2026-08-25 14:48:41.372731
CES5000000001,50000000,Information,50,S,01,all_employees_thousands,2021,M03,March,2770.0,,2026-08-25 14:48:41.372731
CES5000000001,50000000,Information,50,S,01,all_employees_thousands,2021,M02,February,2764.0,,2026-08-25 14:48:41.372731
CES5000000001,50000000,Information,50,S,01,all_employees_thousands,2021,M01,January,2747.0,,2026-08-25 14:48:41.372731
CES5000000002,50000000,Information,50,S,02,avg_weekly_hours,2026,M07,July,37.1,P,2026-08-25 14:48:41.372731
CES5000000002,50000000,Information,50,S,02,avg_weekly_hours,2026,M06,June,37.3,P,2026-08-25 14:48:41.372731
CES5000000002,50000000,Information,50,S,02,avg_weekly_hours,2026,M05,May,37.4,,2026-08-25 14:48:41.372731
CES5000000002,50000000,Information,50,S,02,avg_weekly_hours,2026,M04,April,37.3,,2026-08-25 14:48:41.372731
CES5000000002,50000000,Information,50,S,02,avg_weekly_hours,2026,M03,March,37.5,,2026-08-25 14:48:41.372731
CES5000000002,50000000,Information,50,S,02,avg_weekly_hours,2026,M02,February,37.4,,2026-08-25 14:48:41.372731
CES5000000002,50000000,Information,50,S,02,avg_weekly_hours,2026,M01,January,37.5,,2026-08-25 14:48:41.372731
CES5000000002,50000000,Information,50,S,02,avg_weekly_hours,2025,M12,December,37.2,,2026-08-25 14:48:41.372731
CES5000000002,50000000,Information,50,S,02,avg_weekly_hours,2025,M11,November,37.4,,2026-08-25 14:48:41.372731
CES5000000002,50000000,Information,50,S,02,avg_weekly_hours,2025,M10,October,37.3,,2026-08-25 14:48:41.372731
CES5000000002,50000000,Information,50,S,02,avg_weekly_hours,2025,M09,September,37.6,,2026-08-25 14:48:41.372731
CES5000000002,50000000,Information,50,S,02,avg_weekly_hours,2025,M08,August,37.3,,2026-08-25 14:48:41.372731
CES5000000002,50000000,Information,50,S,02,avg_weekly_hours,2025,M07,July,37.1,,2026-08-25 14:48:41.372731
CES5000000002,50000000,Information,50,S,02,avg_weekly_hours,2025,M06,June,36.9,,2026-08-25 14:48:41.372731
CES5000000002,50000000,Information,50,S,02,avg_weekly_hours,2025,M05,May,37.1,,2026-08-25 14:48:41.372731
CES5000000002,50000000,Information,50,S,02,avg_weekly_hours,2025,M04,April,37.3,,2026-08-25 14:48:41.372731
CES5000000002,50000000,Information,50,S,02,avg_weekly_hours,2025,M03,March,37.3,,2026-08-25 14:48:41.372731
CES5000000002,50000000,Information,50,S,02,avg_weekly_hours,2025,M02,February,37.1,,2026-08-25 14:48:41.372731
CES5000000002,50000000,Information,50,S,02,avg_weekly_hours,2025,M01,January,37.0,,2026-08-25 14:48:41.372731
CES5000000002,50000000,Information,50,S,02,avg_weekly_hours,2024,M12,December,37.0,,2026-08-25 14:48:41.372731
CES5000000002,50000000,Information,50,S,02,avg_weekly_hours,2024,M11,November,36.9,,2026-08-25 14:48:41.372731
CES5000000002,50000000,Information,50,S,02,avg_weekly_hours,2024,M10,October,37.3,,2026-08-25 14:48:41.372731
CES5000000002,50000000,Information,50,S,02,avg_weekly_hours,2024,M09,September,36.8,,2026-08-25 14:48:41.372731
CES5000000002,50000000,Information,50,S,02,avg_weekly_hours,2024,M08,August,36.8,,2026-08-25 14:48:41.372731
CES5000000002,50000000,Information,50,S,02,avg_weekly_hours,2024,M07,July,36.8,,2026-08-25 14:48:41.372731
CES5000000002,50000000,Information,50,S,02,avg_weekly_hours,2024,M06,June,36.7,,2026-08-25 14:48:41.372731
CES5000000002,50000000,Information,50,S,02,avg_weekly_hours,2024,M05,May,36.7,,2026-08-25 14:48:41.372731
CES5000000002,50000000,Information,50,S,02,avg_weekly_hours,2024,M04,April,36.3,,2026-08-25 14:48:41.372731
CES5000000002,50000000,Information,50,S,02,avg_weekly_hours,2024,M03,March,36.6,,2026-08-25 14:48:41.372731
CES5000000002,50000000,Information,50,S,02,avg_weekly_hours,2024,M02,February,36.6,,2026-08-25 14:48:41.372731
CES5000000002,50000000,Information,50,S,02,avg_weekly_hours,2024,M01,January,36.4,,2026-08-25 14:48:41.372731
CES5000000002,50000000,Information,50,S,02,avg_weekly_hours,2023,M12,December,36.4,,2026-08-25 14:48:41.372731
CES5000000002,50000000,Information,50,S,02,avg_weekly_hours,2023,M11,November,36.4,,2026-08-25 14:48:41.372731
CES5000000002,50000000,Information,50,S,02,avg_weekly_hours,2023,M10,October,36.4,,2026-08-25 14:48:41.372731
CES5000000002,50000000,Information,50,S,02,avg_weekly_hours,2023,M09,September,36.5,,2026-08-25 14:48:41.372731
CES5000000002,50000000,Information,50,S,02,avg_weekly_hours,2023,M08,August,36.7,,2026-08-25 14:48:41.372731
CES5000000002,50000000,Information,50,S,02,avg_weekly_hours,2023,M07,July,36.4,,2026-08-25 14:48:41.372731
CES5000000002,50000000,Information,50,S,02,avg_weekly_hours,2023,M06,June,36.4,,2026-08-25 14:48:41.372731
CES5000000002,50000000,Information,50,S,02,avg_weekly_hours,2023,M05,May,36.2,,2026-08-25 14:48:41.372731
CES5000000002,50000000,Information,50,S,02,avg_weekly_hours,2023,M04,April,36.5,,2026-08-25 14:48:41.372731
CES5000000002,50000000,Information,50,S,02,avg_weekly_hours,2023,M03,March,36.4,,2026-08-25 14:48:41.372731
CES5000000002,50000000,Information,50,S,02,avg_weekly_hours,2023,M02,February,36.4,,2026-08-25 14:48:41.372731
CES5000000002,50000000,Information,50,S,02,avg_weekly_hours,2023,M01,January,36.7,,2026-08-25 14:48:41.372731
CES5000000002,50000000,Information,50,S,02,avg_weekly_hours,2022,M12,December,36.6,,2026-08-25 14:48:41.372731
CES5000000002,50000000,Information,50,S,02,avg_weekly_hours,2022,M11,November,36.9,,2026-08-25 14:48:41.372731
CES5000000002,50000000,Information,50,S,02,avg_weekly_hours,2022,M10,October,36.7,,2026-08-25 14:48:41.372731
CES5000000002,50000000,Information,50,S,02,avg_weekly_hours,2022,M09,September,36.6,,2026-08-25 14:48:41.372731
CES5000000002,50000000,Information,50,S,02,avg_weekly_hours,2022,M08,August,36.6,,2026-08-25 14:48:41.372731
CES5000000002,50000000,Information,50,S,02,avg_weekly_hours,2022,M07,July,36.7,,2026-08-25 14:48:41.372731
CES5000000002,50000000,Information,50,S,02,avg_weekly_hours,2022,M06,June,36.7,,2026-08-25 14:48:41.372731
CES5000000002,50000000,Information,50,S,02,avg_weekly_hours,2022,M05,May,36.8,,2026-08-25 14:48:41.372731
CES5000000002,50000000,Information,50,S,02,avg_weekly_hours,2022,M04,April,36.8,,2026-08-25 14:48:41.372731
CES5000000002,50000000,Information,50,S,02,avg_weekly_hours,2022,M03,March,36.9,,2026-08-25 14:48:41.372731
CES5000000002,50000000,Information,50,S,02,avg_weekly_hours,2022,M02,February,36.9,,2026-08-25 14:48:41.372731
CES5000000002,50000000,Information,50,S,02,avg_weekly_hours,2022,M01,January,36.8,,2026-08-25 14:48:41.372731
CES5000000002,50000000,Information,50,S,02,avg_weekly_hours,2021,M12,December,37.0,,2026-08-25 14:48:41.372731
CES5000000002,50000000,Information,50,S,02,avg_weekly_hours,2021,M11,November,36.9,,2026-08-25 14:48:41.372731
CES5000000002,50000000,Information,50,S,02,avg_weekly_hours,2021,M10,October,36.8,,2026-08-25 14:48:41.372731
CES5000000002,50000000,Information,50,S,02,avg_weekly_hours,2021,M09,September,36.8,,2026-08-25 14:48:41.372731
CES5000000002,50000000,Information,50,S,02,avg_weekly_hours,2021,M08,August,36.9,,2026-08-25 14:48:41.372731
CES5000000002,50000000,Information,50,S,02,avg_weekly_hours,2021,M07,July,37.1,,2026-08-25 14:48:41.372731
CES5000000002,50000000,Information,50,S,02,avg_weekly_hours,2021,M06,June,37.0,,2026-08-25 14:48:41.372731
CES5000000002,50000000,Information,50,S,02,avg_weekly_hours,2021,M05,May,37.2,,2026-08-25 14:48:41.372731
CES5000000002,50000000,Information,50,S,02,avg_weekly_hours,2021,M04,April,37.2,,2026-08-25 14:48:41.372731
CES5000000002,50000000,Information,50,S,02,avg_weekly_hours,2021,M03,March,37.1,,2026-08-25 14:48:41.372731
CES5000000002,50000000,Information,50,S,02,avg_weekly_hours,2021,M02,February,37.2,,2026-08-25 14:48:41.372731
CES5000000002,50000000,Information,50,S,02,avg_weekly_hours,2021,M01,January,37.5,,2026-08-25 14:48:41.372731
CES5000000003,50000000,Information,50,S,03,avg_hourly_earnings,2026,M07,July,55.7,P,2026-08-25 14:48:41.372731
CES5000000003,50000000,Information,50,S,03,avg_hourly_earnings,2026,M06,June,55.44,P,2026-08-25 14:48:41.372731
CES5000000003,50000000,Information,50,S,03,avg_hourly_earnings,2026,M05,May,55.1,,2026-08-25 14:48:41.372731
CES5000000003,50000000,Information,50,S,03,avg_hourly_earnings,2026,M04,April,54.93,,2026-08-25 14:48:41.372731
CES5000000003,50000000,Information,50,S,03,avg_hourly_earnings,2026,M03,March,54.64,,2026-08-25 14:48:41.372731
CES5000000003,50000000,Information,50,S,03,avg_hourly_earnings,2026,M02,February,54.39,,2026-08-25 14:48:41.372731
CES5000000003,50000000,Information,50,S,03,avg_hourly_earnings,2026,M01,January,53.95,,2026-08-25 14:48:41.372731
CES5000000003,50000000,Information,50,S,03,avg_hourly_earnings,2025,M12,December,53.9,,2026-08-25 14:48:41.372731
CES5000000003,50000000,Information,50,S,03,avg_hourly_earnings,2025,M11,November,53.46,,2026-08-25 14:48:41.372731
CES5000000003,50000000,Information,50,S,03,avg_hourly_earnings,2025,M10,October,53.27,,2026-08-25 14:48:41.372731
CES5000000003,50000000,Information,50,S,03,avg_hourly_earnings,2025,M09,September,53.06,,2026-08-25 14:48:41.372731
CES5000000003,50000000,Information,50,S,03,avg_hourly_earnings,2025,M08,August,52.77,,2026-08-25 14:48:41.372731
CES5000000003,50000000,Information,50,S,03,avg_hourly_earnings,2025,M07,July,52.63,,2026-08-25 14:48:41.372731
CES5000000003,50000000,Information,50,S,03,avg_hourly_earnings,2025,M06,June,52.54,,2026-08-25 14:48:41.372731
CES5000000003,50000000,Information,50,S,03,avg_hourly_earnings,2025,M05,May,52.32,,2026-08-25 14:48:41.372731
CES5000000003,50000000,Information,50,S,03,avg_hourly_earnings,2025,M04,April,52.01,,2026-08-25 14:48:41.372731
CES5000000003,50000000,Information,50,S,03,avg_hourly_earnings,2025,M03,March,51.83,,2026-08-25 14:48:41.372731
CES5000000003,50000000,Information,50,S,03,avg_hourly_earnings,2025,M02,February,51.75,,2026-08-25 14:48:41.372731
CES5000000003,50000000,Information,50,S,03,avg_hourly_earnings,2025,M01,January,51.56,,2026-08-25 14:48:41.372731
CES5000000003,50000000,Information,50,S,03,avg_hourly_earnings,2024,M12,December,51.28,,2026-08-25 14:48:41.372731
CES5000000003,50000000,Information,50,S,03,avg_hourly_earnings,2024,M11,November,51.29,,2026-08-25 14:48:41.372731
CES5000000003,50000000,Information,50,S,03,avg_hourly_earnings,2024,M10,October,51.19,,2026-08-25 14:48:41.372731
CES5000000003,50000000,Information,50,S,03,avg_hourly_earnings,2024,M09,September,50.57,,2026-08-25 14:48:41.372731
CES5000000003,50000000,Information,50,S,03,avg_hourly_earnings,2024,M08,August,50.44,,2026-08-25 14:48:41.372731
CES5000000003,50000000,Information,50,S,03,avg_hourly_earnings,2024,M07,July,49.99,,2026-08-25 14:48:41.372731
CES5000000003,50000000,Information,50,S,03,avg_hourly_earnings,2024,M06,June,49.71,,2026-08-25 14:48:41.372731
CES5000000003,50000000,Information,50,S,03,avg_hourly_earnings,2024,M05,May,49.47,,2026-08-25 14:48:41.372731
CES5000000003,50000000,Information,50,S,03,avg_hourly_earnings,2024,M04,April,49.43,,2026-08-25 14:48:41.372731
CES5000000003,50000000,Information,50,S,03,avg_hourly_earnings,2024,M03,March,49.37,,2026-08-25 14:48:41.372731
CES5000000003,50000000,Information,50,S,03,avg_hourly_earnings,2024,M02,February,49.14,,2026-08-25 14:48:41.372731
CES5000000003,50000000,Information,50,S,03,avg_hourly_earnings,2024,M01,January,49.1,,2026-08-25 14:48:41.372731
CES5000000003,50000000,Information,50,S,03,avg_hourly_earnings,2023,M12,December,49.1,,2026-08-25 14:48:41.372731
CES5000000003,50000000,Information,50,S,03,avg_hourly_earnings,2023,M11,November,48.92,,2026-08-25 14:48:41.372731
CES5000000003,50000000,Information,50,S,03,avg_hourly_earnings,2023,M10,October,48.68,,2026-08-25 14:48:41.372731
CES5000000003,50000000,Information,50,S,03,avg_hourly_earnings,2023,M09,September,48.59,,2026-08-25 14:48:41.372731
CES5000000003,50000000,Information,50,S,03,avg_hourly_earnings,2023,M08,August,48.37,,2026-08-25 14:48:41.372731
CES5000000003,50000000,Information,50,S,03,avg_hourly_earnings,2023,M07,July,48.47,,2026-08-25 14:48:41.372731
CES5000000003,50000000,Information,50,S,03,avg_hourly_earnings,2023,M06,June,48.36,,2026-08-25 14:48:41.372731
CES5000000003,50000000,Information,50,S,03,avg_hourly_earnings,2023,M05,May,48.33,,2026-08-25 14:48:41.372731
CES5000000003,50000000,Information,50,S,03,avg_hourly_earnings,2023,M04,April,48.06,,2026-08-25 14:48:41.372731
CES5000000003,50000000,Information,50,S,03,avg_hourly_earnings,2023,M03,March,48.14,,2026-08-25 14:48:41.372731
CES5000000003,50000000,Information,50,S,03,avg_hourly_earnings,2023,M02,February,47.95,,2026-08-25 14:48:41.372731
CES5000000003,50000000,Information,50,S,03,avg_hourly_earnings,2023,M01,January,47.75,,2026-08-25 14:48:41.372731
CES5000000003,50000000,Information,50,S,03,avg_hourly_earnings,2022,M12,December,47.66,,2026-08-25 14:48:41.372731
CES5000000003,50000000,Information,50,S,03,avg_hourly_earnings,2022,M11,November,47.31,,2026-08-25 14:48:41.372731
CES5000000003,50000000,Information,50,S,03,avg_hourly_earnings,2022,M10,October,47.58,,2026-08-25 14:48:41.372731
CES5000000003,50000000,Information,50,S,03,avg_hourly_earnings,2022,M09,September,47.88,,2026-08-25 14:48:41.372731
CES5000000003,50000000,Information,50,S,03,avg_hourly_earnings,2022,M08,August,47.24,,2026-08-25 14:48:41.372731
CES5000000003,50000000,Information,50,S,03,avg_hourly_earnings,2022,M07,July,46.7,,2026-08-25 14:48:41.372731
CES5000000003,50000000,Information,50,S,03,avg_hourly_earnings,2022,M06,June,46.54,,2026-08-25 14:48:41.372731
CES5000000003,50000000,Information,50,S,03,avg_hourly_earnings,2022,M05,May,46.24,,2026-08-25 14:48:41.372731
CES5000000003,50000000,Information,50,S,03,avg_hourly_earnings,2022,M04,April,45.88,,2026-08-25 14:48:41.372731
CES5000000003,50000000,Information,50,S,03,avg_hourly_earnings,2022,M03,March,45.44,,2026-08-25 14:48:41.372731
CES5000000003,50000000,Information,50,S,03,avg_hourly_earnings,2022,M02,February,45.37,,2026-08-25 14:48:41.372731
CES5000000003,50000000,Information,50,S,03,avg_hourly_earnings,2022,M01,January,45.09,,2026-08-25 14:48:41.372731
CES5000000003,50000000,Information,50,S,03,avg_hourly_earnings,2021,M12,December,44.92,,2026-08-25 14:48:41.372731
CES5000000003,50000000,Information,50,S,03,avg_hourly_earnings,2021,M11,November,44.57,,2026-08-25 14:48:41.372731
CES5000000003,50000000,Information,50,S,03,avg_hourly_earnings,2021,M10,October,44.46,,2026-08-25 14:48:41.372731
CES5000000003,50000000,Information,50,S,03,avg_hourly_earnings,2021,M09,September,44.44,,2026-08-25 14:48:41.372731
CES5000000003,50000000,Information,50,S,03,avg_hourly_earnings,2021,M08,August,44.42,,2026-08-25 14:48:41.372731
CES5000000003,50000000,Information,50,S,03,avg_hourly_earnings,2021,M07,July,44.46,,2026-08-25 14:48:41.372731
CES5000000003,50000000,Information,50,S,03,avg_hourly_earnings,2021,M06,June,44.34,,2026-08-25 14:48:41.372731
CES5000000003,50000000,Information,50,S,03,avg_hourly_earnings,2021,M05,May,44.34,,2026-08-25 14:48:41.372731
CES5000000003,50000000,Information,50,S,03,avg_hourly_earnings,2021,M04,April,44.39,,2026-08-25 14:48:41.372731
CES5000000003,50000000,Information,50,S,03,avg_hourly_earnings,2021,M03,March,44.03,,2026-08-25 14:48:41.372731
CES5000000003,50000000,Information,50,S,03,avg_hourly_earnings,2021,M02,February,44.59,,2026-08-25 14:48:41.372731
CES5000000003,50000000,Information,50,S,03,avg_hourly_earnings,2021,M01,January,44.38,,2026-08-25 14:48:41.372731
CES5000000011,50000000,Information,50,S,11,avg_weekly_earnings,2026,M07,July,2066.47,P,2026-08-25 14:48:41.372731
CES5000000011,50000000,Information,50,S,11,avg_weekly_earnings,2026,M06,June,2067.91,P,2026-08-25 14:48:41.372731
CES5000000011,50000000,Information,50,S,11,avg_weekly_earnings,2026,M05,May,2060.74,,2026-08-25 14:48:41.372731
CES5000000011,50000000,Information,50,S,11,avg_weekly_earnings,2026,M04,April,2048.89,,2026-08-25 14:48:41.372731
CES5000000011,50000000,Information,50,S,11,avg_weekly_earnings,2026,M03,March,2049.0,,2026-08-25 14:48:41.372731
CES5000000011,50000000,Information,50,S,11,avg_weekly_earnings,2026,M02,February,2034.19,,2026-08-25 14:48:41.372731
CES5000000011,50000000,Information,50,S,11,avg_weekly_earnings,2026,M01,January,2023.13,,2026-08-25 14:48:41.372731
CES5000000011,50000000,Information,50,S,11,avg_weekly_earnings,2025,M12,December,2005.08,,2026-08-25 14:48:41.372731
CES5000000011,50000000,Information,50,S,11,avg_weekly_earnings,2025,M11,November,1999.4,,2026-08-25 14:48:41.372731
CES5000000011,50000000,Information,50,S,11,avg_weekly_earnings,2025,M10,October,1986.97,,2026-08-25 14:48:41.372731
CES5000000011,50000000,Information,50,S,11,avg_weekly_earnings,2025,M09,September,1995.06,,2026-08-25 14:48:41.372731
CES5000000011,50000000,Information,50,S,11,avg_weekly_earnings,2025,M08,August,1968.32,,2026-08-25 14:48:41.372731
CES5000000011,50000000,Information,50,S,11,avg_weekly_earnings,2025,M07,July,1952.57,,2026-08-25 14:48:41.372731
CES5000000011,50000000,Information,50,S,11,avg_weekly_earnings,2025,M06,June,1938.73,,2026-08-25 14:48:41.372731
CES5000000011,50000000,Information,50,S,11,avg_weekly_earnings,2025,M05,May,1941.07,,2026-08-25 14:48:41.372731
CES5000000011,50000000,Information,50,S,11,avg_weekly_earnings,2025,M04,April,1939.97,,2026-08-25 14:48:41.372731
CES5000000011,50000000,Information,50,S,11,avg_weekly_earnings,2025,M03,March,1933.26,,2026-08-25 14:48:41.372731
CES5000000011,50000000,Information,50,S,11,avg_weekly_earnings,2025,M02,February,1919.93,,2026-08-25 14:48:41.372731
CES5000000011,50000000,Information,50,S,11,avg_weekly_earnings,2025,M01,January,1907.72,,2026-08-25 14:48:41.372731
CES5000000011,50000000,Information,50,S,11,avg_weekly_earnings,2024,M12,December,1897.36,,2026-08-25 14:48:41.372731
CES5000000011,50000000,Information,50,S,11,avg_weekly_earnings,2024,M11,November,1892.6,,2026-08-25 14:48:41.372731
CES5000000011,50000000,Information,50,S,11,avg_weekly_earnings,2024,M10,October,1909.39,,2026-08-25 14:48:41.372731
CES5000000011,50000000,Information,50,S,11,avg_weekly_earnings,2024,M09,September,1860.98,,2026-08-25 14:48:41.372731
CES5000000011,50000000,Information,50,S,11,avg_weekly_earnings,2024,M08,August,1856.19,,2026-08-25 14:48:41.372731
CES5000000011,50000000,Information,50,S,11,avg_weekly_earnings,2024,M07,July,1839.63,,2026-08-25 14:48:41.372731
CES5000000011,50000000,Information,50,S,11,avg_weekly_earnings,2024,M06,June,1824.36,,2026-08-25 14:48:41.372731
CES5000000011,50000000,Information,50,S,11,avg_weekly_earnings,2024,M05,May,1815.55,,2026-08-25 14:48:41.372731
CES5000000011,50000000,Information,50,S,11,avg_weekly_earnings,2024,M04,April,1794.31,,2026-08-25 14:48:41.372731
CES5000000011,50000000,Information,50,S,11,avg_weekly_earnings,2024,M03,March,1806.94,,2026-08-25 14:48:41.372731
CES5000000011,50000000,Information,50,S,11,avg_weekly_earnings,2024,M02,February,1798.52,,2026-08-25 14:48:41.372731
CES5000000011,50000000,Information,50,S,11,avg_weekly_earnings,2024,M01,January,1787.24,,2026-08-25 14:48:41.372731
CES5000000011,50000000,Information,50,S,11,avg_weekly_earnings,2023,M12,December,1787.24,,2026-08-25 14:48:41.372731
CES5000000011,50000000,Information,50,S,11,avg_weekly_earnings,2023,M11,November,1780.69,,2026-08-25 14:48:41.372731
CES5000000011,50000000,Information,50,S,11,avg_weekly_earnings,2023,M10,October,1771.95,,2026-08-25 14:48:41.372731
CES5000000011,50000000,Information,50,S,11,avg_weekly_earnings,2023,M09,September,1773.54,,2026-08-25 14:48:41.372731
CES5000000011,50000000,Information,50,S,11,avg_weekly_earnings,2023,M08,August,1775.18,,2026-08-25 14:48:41.372731
CES5000000011,50000000,Information,50,S,11,avg_weekly_earnings,2023,M07,July,1764.31,,2026-08-25 14:48:41.372731
CES5000000011,50000000,Information,50,S,11,avg_weekly_earnings,2023,M06,June,1760.3,,2026-08-25 14:48:41.372731
CES5000000011,50000000,Information,50,S,11,avg_weekly_earnings,2023,M05,May,1749.55,,2026-08-25 14:48:41.372731
CES5000000011,50000000,Information,50,S,11,avg_weekly_earnings,2023,M04,April,1754.19,,2026-08-25 14:48:41.372731
CES5000000011,50000000,Information,50,S,11,avg_weekly_earnings,2023,M03,March,1752.3,,2026-08-25 14:48:41.372731
CES5000000011,50000000,Information,50,S,11,avg_weekly_earnings,2023,M02,February,1745.38,,2026-08-25 14:48:41.372731
CES5000000011,50000000,Information,50,S,11,avg_weekly_earnings,2023,M01,January,1752.43,,2026-08-25 14:48:41.372731
CES5000000011,50000000,Information,50,S,11,avg_weekly_earnings,2022,M12,December,1744.36,,2026-08-25 14:48:41.372731
CES5000000011,50000000,Information,50,S,11,avg_weekly_earnings,2022,M11,November,1745.74,,2026-08-25 14:48:41.372731
CES5000000011,50000000,Information,50,S,11,avg_weekly_earnings,2022,M10,October,1746.19,,2026-08-25 14:48:41.372731
CES5000000011,50000000,Information,50,S,11,avg_weekly_earnings,2022,M09,September,1752.41,,2026-08-25 14:48:41.372731
CES5000000011,50000000,Information,50,S,11,avg_weekly_earnings,2022,M08,August,1728.98,,2026-08-25 14:48:41.372731
CES5000000011,50000000,Information,50,S,11,avg_weekly_earnings,2022,M07,July,1713.89,,2026-08-25 14:48:41.372731
CES5000000011,50000000,Information,50,S,11,avg_weekly_earnings,2022,M06,June,1708.02,,2026-08-25 14:48:41.372731
CES5000000011,50000000,Information,50,S,11,avg_weekly_earnings,2022,M05,May,1701.63,,2026-08-25 14:48:41.372731
CES5000000011,50000000,Information,50,S,11,avg_weekly_earnings,2022,M04,April,1688.38,,2026-08-25 14:48:41.372731
CES5000000011,50000000,Information,50,S,11,avg_weekly_earnings,2022,M03,March,1676.74,,2026-08-25 14:48:41.372731
CES5000000011,50000000,Information,50,S,11,avg_weekly_earnings,2022,M02,February,1674.15,,2026-08-25 14:48:41.372731
CES5000000011,50000000,Information,50,S,11,avg_weekly_earnings,2022,M01,January,1659.31,,2026-08-25 14:48:41.372731
CES5000000011,50000000,Information,50,S,11,avg_weekly_earnings,2021,M12,December,1662.04,,2026-08-25 14:48:41.372731
CES5000000011,50000000,Information,50,S,11,avg_weekly_earnings,2021,M11,November,1644.63,,2026-08-25 14:48:41.372731
CES5000000011,50000000,Information,50,S,11,avg_weekly_earnings,2021,M10,October,1636.13,,2026-08-25 14:48:41.372731
CES5000000011,50000000,Information,50,S,11,avg_weekly_earnings,2021,M09,September,1635.39,,2026-08-25 14:48:41.372731
CES5000000011,50000000,Information,50,S,11,avg_weekly_earnings,2021,M08,August,1639.1,,2026-08-25 14:48:41.372731
CES5000000011,50000000,Information,50,S,11,avg_weekly_earnings,2021,M07,July,1649.47,,2026-08-25 14:48:41.372731
CES5000000011,50000000,Information,50,S,11,avg_weekly_earnings,2021,M06,June,1640.58,,2026-08-25 14:48:41.372731
CES5000000011,50000000,Information,50,S,11,avg_weekly_earnings,2021,M05,May,1649.45,,2026-08-25 14:48:41.372731
CES5000000011,50000000,Information,50,S,11,avg_weekly_earnings,2021,M04,April,1651.31,,2026-08-25 14:48:41.372731
CES5000000011,50000000,Information,50,S,11,avg_weekly_earnings,2021,M03,March,1633.51,,2026-08-25 14:48:41.372731
CES5000000011,50000000,Information,50,S,11,avg_weekly_earnings,2021,M02,February,1658.75,,2026-08-25 14:48:41.372731
CES5000000011,50000000,Information,50,S,11,avg_weekly_earnings,2021,M01,January,1664.25,,2026-08-25 14:48:41.372731
CES5500000001,55000000,Financial activities,55,S,01,all_employees_thousands,2026,M07,July,9090.0,P,2026-08-25 14:48:41.372731
CES5500000001,55000000,Financial activities,55,S,01,all_employees_thousands,2026,M06,June,9104.0,P,2026-08-25 14:48:41.372731
CES5500000001,55000000,Financial activities,55,S,01,all_employees_thousands,2026,M05,May,9106.0,,2026-08-25 14:48:41.372731
CES5500000001,55000000,Financial activities,55,S,01,all_employees_thousands,2026,M04,April,9126.0,,2026-08-25 14:48:41.372731
CES5500000001,55000000,Financial activities,55,S,01,all_employees_thousands,2026,M03,March,9132.0,,2026-08-25 14:48:41.372731
CES5500000001,55000000,Financial activities,55,S,01,all_employees_thousands,2026,M02,February,9149.0,,2026-08-25 14:48:41.372731
CES5500000001,55000000,Financial activities,55,S,01,all_employees_thousands,2026,M01,January,9147.0,,2026-08-25 14:48:41.372731
CES5500000001,55000000,Financial activities,55,S,01,all_employees_thousands,2025,M12,December,9186.0,,2026-08-25 14:48:41.372731
CES5500000001,55000000,Financial activities,55,S,01,all_employees_thousands,2025,M11,November,9185.0,,2026-08-25 14:48:41.372731
CES5500000001,55000000,Financial activities,55,S,01,all_employees_thousands,2025,M10,October,9184.0,,2026-08-25 14:48:41.372731
CES5500000001,55000000,Financial activities,55,S,01,all_employees_thousands,2025,M09,September,9189.0,,2026-08-25 14:48:41.372731
CES5500000001,55000000,Financial activities,55,S,01,all_employees_thousands,2025,M08,August,9185.0,,2026-08-25 14:48:41.372731
CES5500000001,55000000,Financial activities,55,S,01,all_employees_thousands,2025,M07,July,9204.0,,2026-08-25 14:48:41.372731
CES5500000001,55000000,Financial activities,55,S,01,all_employees_thousands,2025,M06,June,9204.0,,2026-08-25 14:48:41.372731
CES5500000001,55000000,Financial activities,55,S,01,all_employees_thousands,2025,M05,May,9211.0,,2026-08-25 14:48:41.372731
CES5500000001,55000000,Financial activities,55,S,01,all_employees_thousands,2025,M04,April,9205.0,,2026-08-25 14:48:41.372731
CES5500000001,55000000,Financial activities,55,S,01,all_employees_thousands,2025,M03,March,9201.0,,2026-08-25 14:48:41.372731
CES5500000001,55000000,Financial activities,55,S,01,all_employees_thousands,2025,M02,February,9199.0,,2026-08-25 14:48:41.372731
CES5500000001,55000000,Financial activities,55,S,01,all_employees_thousands,2025,M01,January,9187.0,,2026-08-25 14:48:41.372731
CES5500000001,55000000,Financial activities,55,S,01,all_employees_thousands,2024,M12,December,9179.0,,2026-08-25 14:48:41.372731
CES5500000001,55000000,Financial activities,55,S,01,all_employees_thousands,2024,M11,November,9173.0,,2026-08-25 14:48:41.372731
CES5500000001,55000000,Financial activities,55,S,01,all_employees_thousands,2024,M10,October,9164.0,,2026-08-25 14:48:41.372731
CES5500000001,55000000,Financial activities,55,S,01,all_employees_thousands,2024,M09,September,9162.0,,2026-08-25 14:48:41.372731
CES5500000001,55000000,Financial activities,55,S,01,all_employees_thousands,2024,M08,August,9162.0,,2026-08-25 14:48:41.372731
CES5500000001,55000000,Financial activities,55,S,01,all_employees_thousands,2024,M07,July,9154.0,,2026-08-25 14:48:41.372731
CES5500000001,55000000,Financial activities,55,S,01,all_employees_thousands,2024,M06,June,9159.0,,2026-08-25 14:48:41.372731
CES5500000001,55000000,Financial activities,55,S,01,all_employees_thousands,2024,M05,May,9147.0,,2026-08-25 14:48:41.372731
CES5500000001,55000000,Financial activities,55,S,01,all_employees_thousands,2024,M04,April,9144.0,,2026-08-25 14:48:41.372731
CES5500000001,55000000,Financial activities,55,S,01,all_employees_thousands,2024,M03,March,9149.0,,2026-08-25 14:48:41.372731
CES5500000001,55000000,Financial activities,55,S,01,all_employees_thousands,2024,M02,February,9151.0,,2026-08-25 14:48:41.372731
CES5500000001,55000000,Financial activities,55,S,01,all_employees_thousands,2024,M01,January,9165.0,,2026-08-25 14:48:41.372731
CES5500000001,55000000,Financial activities,55,S,01,all_employees_thousands,2023,M12,December,9176.0,,2026-08-25 14:48:41.372731
CES5500000001,55000000,Financial activities,55,S,01,all_employees_thousands,2023,M11,November,9172.0,,2026-08-25 14:48:41.372731
CES5500000001,55000000,Financial activities,55,S,01,all_employees_thousands,2023,M10,October,9179.0,,2026-08-25 14:48:41.372731
CES5500000001,55000000,Financial activities,55,S,01,all_employees_thousands,2023,M09,September,9186.0,,2026-08-25 14:48:41.372731
CES5500000001,55000000,Financial activities,55,S,01,all_employees_thousands,2023,M08,August,9193.0,,2026-08-25 14:48:41.372731
CES5500000001,55000000,Financial activities,55,S,01,all_employees_thousands,2023,M07,July,9193.0,,2026-08-25 14:48:41.372731
CES5500000001,55000000,Financial activities,55,S,01,all_employees_thousands,2023,M06,June,9182.0,,2026-08-25 14:48:41.372731
CES5500000001,55000000,Financial activities,55,S,01,all_employees_thousands,2023,M05,May,9175.0,,2026-08-25 14:48:41.372731
CES5500000001,55000000,Financial activities,55,S,01,all_employees_thousands,2023,M04,April,9180.0,,2026-08-25 14:48:41.372731
CES5500000001,55000000,Financial activities,55,S,01,all_employees_thousands,2023,M03,March,9150.0,,2026-08-25 14:48:41.372731
CES5500000001,55000000,Financial activities,55,S,01,all_employees_thousands,2023,M02,February,9152.0,,2026-08-25 14:48:41.372731
CES5500000001,55000000,Financial activities,55,S,01,all_employees_thousands,2023,M01,January,9144.0,,2026-08-25 14:48:41.372731
CES5500000001,55000000,Financial activities,55,S,01,all_employees_thousands,2022,M12,December,9146.0,,2026-08-25 14:48:41.372731
CES5500000001,55000000,Financial activities,55,S,01,all_employees_thousands,2022,M11,November,9136.0,,2026-08-25 14:48:41.372731
CES5500000001,55000000,Financial activities,55,S,01,all_employees_thousands,2022,M10,October,9122.0,,2026-08-25 14:48:41.372731
CES5500000001,55000000,Financial activities,55,S,01,all_employees_thousands,2022,M09,September,9097.0,,2026-08-25 14:48:41.372731
CES5500000001,55000000,Financial activities,55,S,01,all_employees_thousands,2022,M08,August,9092.0,,2026-08-25 14:48:41.372731
CES5500000001,55000000,Financial activities,55,S,01,all_employees_thousands,2022,M07,July,9073.0,,2026-08-25 14:48:41.372731
CES5500000001,55000000,Financial activities,55,S,01,all_employees_thousands,2022,M06,June,9059.0,,2026-08-25 14:48:41.372731
CES5500000001,55000000,Financial activities,55,S,01,all_employees_thousands,2022,M05,May,9049.0,,2026-08-25 14:48:41.372731
CES5500000001,55000000,Financial activities,55,S,01,all_employees_thousands,2022,M04,April,9037.0,,2026-08-25 14:48:41.372731
CES5500000001,55000000,Financial activities,55,S,01,all_employees_thousands,2022,M03,March,9002.0,,2026-08-25 14:48:41.372731
CES5500000001,55000000,Financial activities,55,S,01,all_employees_thousands,2022,M02,February,8976.0,,2026-08-25 14:48:41.372731
CES5500000001,55000000,Financial activities,55,S,01,all_employees_thousands,2022,M01,January,8934.0,,2026-08-25 14:48:41.372731
CES5500000001,55000000,Financial activities,55,S,01,all_employees_thousands,2021,M12,December,8938.0,,2026-08-25 14:48:41.372731
CES5500000001,55000000,Financial activities,55,S,01,all_employees_thousands,2021,M11,November,8911.0,,2026-08-25 14:48:41.372731
CES5500000001,55000000,Financial activities,55,S,01,all_employees_thousands,2021,M10,October,8879.0,,2026-08-25 14:48:41.372731
CES5500000001,55000000,Financial activities,55,S,01,all_employees_thousands,2021,M09,September,8851.0,,2026-08-25 14:48:41.372731
CES5500000001,55000000,Financial activities,55,S,01,all_employees_thousands,2021,M08,August,8826.0,,2026-08-25 14:48:41.372731
CES5500000001,55000000,Financial activities,55,S,01,all_employees_thousands,2021,M07,July,8808.0,,2026-08-25 14:48:41.372731
CES5500000001,55000000,Financial activities,55,S,01,all_employees_thousands,2021,M06,June,8773.0,,2026-08-25 14:48:41.372731
CES5500000001,55000000,Financial activities,55,S,01,all_employees_thousands,2021,M05,May,8761.0,,2026-08-25 14:48:41.372731
CES5500000001,55000000,Financial activities,55,S,01,all_employees_thousands,2021,M04,April,8750.0,,2026-08-25 14:48:41.372731
CES5500000001,55000000,Financial activities,55,S,01,all_employees_thousands,2021,M03,March,8736.0,,2026-08-25 14:48:41.372731
CES5500000001,55000000,Financial activities,55,S,01,all_employees_thousands,2021,M02,February,8718.0,,2026-08-25 14:48:41.372731
CES5500000001,55000000,Financial activities,55,S,01,all_employees_thousands,2021,M01,January,8722.0,,2026-08-25 14:48:41.372731
CES5500000002,55000000,Financial activities,55,S,02,avg_weekly_hours,2026,M07,July,37.4,P,2026-08-25 14:48:41.372731
CES5500000002,55000000,Financial activities,55,S,02,avg_weekly_hours,2026,M06,June,37.4,P,2026-08-25 14:48:41.372731
CES5500000002,55000000,Financial activities,55,S,02,avg_weekly_hours,2026,M05,May,37.4,,2026-08-25 14:48:41.372731
CES5500000002,55000000,Financial activities,55,S,02,avg_weekly_hours,2026,M04,April,37.4,,2026-08-25 14:48:41.372731
CES5500000002,55000000,Financial activities,55,S,02,avg_weekly_hours,2026,M03,March,37.4,,2026-08-25 14:48:41.372731
CES5500000002,55000000,Financial activities,55,S,02,avg_weekly_hours,2026,M02,February,37.4,,2026-08-25 14:48:41.372731
CES5500000002,55000000,Financial activities,55,S,02,avg_weekly_hours,2026,M01,January,37.4,,2026-08-25 14:48:41.372731
CES5500000002,55000000,Financial activities,55,S,02,avg_weekly_hours,2025,M12,December,37.5,,2026-08-25 14:48:41.372731
CES5500000002,55000000,Financial activities,55,S,02,avg_weekly_hours,2025,M11,November,37.5,,2026-08-25 14:48:41.372731
CES5500000002,55000000,Financial activities,55,S,02,avg_weekly_hours,2025,M10,October,37.5,,2026-08-25 14:48:41.372731
CES5500000002,55000000,Financial activities,55,S,02,avg_weekly_hours,2025,M09,September,37.6,,2026-08-25 14:48:41.372731
CES5500000002,55000000,Financial activities,55,S,02,avg_weekly_hours,2025,M08,August,37.5,,2026-08-25 14:48:41.372731
CES5500000002,55000000,Financial activities,55,S,02,avg_weekly_hours,2025,M07,July,37.6,,2026-08-25 14:48:41.372731
CES5500000002,55000000,Financial activities,55,S,02,avg_weekly_hours,2025,M06,June,37.7,,2026-08-25 14:48:41.372731
CES5500000002,55000000,Financial activities,55,S,02,avg_weekly_hours,2025,M05,May,37.6,,2026-08-25 14:48:41.372731
CES5500000002,55000000,Financial activities,55,S,02,avg_weekly_hours,2025,M04,April,37.6,,2026-08-25 14:48:41.372731
CES5500000002,55000000,Financial activities,55,S,02,avg_weekly_hours,2025,M03,March,37.7,,2026-08-25 14:48:41.372731
CES5500000002,55000000,Financial activities,55,S,02,avg_weekly_hours,2025,M02,February,37.7,,2026-08-25 14:48:41.372731
CES5500000002,55000000,Financial activities,55,S,02,avg_weekly_hours,2025,M01,January,37.6,,2026-08-25 14:48:41.372731
CES5500000002,55000000,Financial activities,55,S,02,avg_weekly_hours,2024,M12,December,37.7,,2026-08-25 14:48:41.372731
CES5500000002,55000000,Financial activities,55,S,02,avg_weekly_hours,2024,M11,November,37.6,,2026-08-25 14:48:41.372731
CES5500000002,55000000,Financial activities,55,S,02,avg_weekly_hours,2024,M10,October,37.5,,2026-08-25 14:48:41.372731
CES5500000002,55000000,Financial activities,55,S,02,avg_weekly_hours,2024,M09,September,37.7,,2026-08-25 14:48:41.372731
CES5500000002,55000000,Financial activities,55,S,02,avg_weekly_hours,2024,M08,August,37.5,,2026-08-25 14:48:41.372731
CES5500000002,55000000,Financial activities,55,S,02,avg_weekly_hours,2024,M07,July,37.4,,2026-08-25 14:48:41.372731
CES5500000002,55000000,Financial activities,55,S,02,avg_weekly_hours,2024,M06,June,37.5,,2026-08-25 14:48:41.372731
CES5500000002,55000000,Financial activities,55,S,02,avg_weekly_hours,2024,M05,May,37.6,,2026-08-25 14:48:41.372731
CES5500000002,55000000,Financial activities,55,S,02,avg_weekly_hours,2024,M04,April,37.5,,2026-08-25 14:48:41.372731
CES5500000002,55000000,Financial activities,55,S,02,avg_weekly_hours,2024,M03,March,37.5,,2026-08-25 14:48:41.372731
CES5500000002,55000000,Financial activities,55,S,02,avg_weekly_hours,2024,M02,February,37.4,,2026-08-25 14:48:41.372731
CES5500000002,55000000,Financial activities,55,S,02,avg_weekly_hours,2024,M01,January,37.3,,2026-08-25 14:48:41.372731
CES5500000002,55000000,Financial activities,55,S,02,avg_weekly_hours,2023,M12,December,37.4,,2026-08-25 14:48:41.372731
CES5500000002,55000000,Financial activities,55,S,02,avg_weekly_hours,2023,M11,November,37.4,,2026-08-25 14:48:41.372731
CES5500000002,55000000,Financial activities,55,S,02,avg_weekly_hours,2023,M10,October,37.4,,2026-08-25 14:48:41.372731
CES5500000002,55000000,Financial activities,55,S,02,avg_weekly_hours,2023,M09,September,37.5,,2026-08-25 14:48:41.372731
CES5500000002,55000000,Financial activities,55,S,02,avg_weekly_hours,2023,M08,August,37.3,,2026-08-25 14:48:41.372731
CES5500000002,55000000,Financial activities,55,S,02,avg_weekly_hours,2023,M07,July,37.4,,2026-08-25 14:48:41.372731
CES5500000002,55000000,Financial activities,55,S,02,avg_weekly_hours,2023,M06,June,37.4,,2026-08-25 14:48:41.372731
CES5500000002,55000000,Financial activities,55,S,02,avg_weekly_hours,2023,M05,May,37.4,,2026-08-25 14:48:41.372731
CES5500000002,55000000,Financial activities,55,S,02,avg_weekly_hours,2023,M04,April,37.5,,2026-08-25 14:48:41.372731
CES5500000002,55000000,Financial activities,55,S,02,avg_weekly_hours,2023,M03,March,37.4,,2026-08-25 14:48:41.372731
CES5500000002,55000000,Financial activities,55,S,02,avg_weekly_hours,2023,M02,February,37.4,,2026-08-25 14:48:41.372731
CES5500000002,55000000,Financial activities,55,S,02,avg_weekly_hours,2023,M01,January,37.4,,2026-08-25 14:48:41.372731
CES5500000002,55000000,Financial activities,55,S,02,avg_weekly_hours,2022,M12,December,37.4,,2026-08-25 14:48:41.372731
CES5500000002,55000000,Financial activities,55,S,02,avg_weekly_hours,2022,M11,November,37.4,,2026-08-25 14:48:41.372731
CES5500000002,55000000,Financial activities,55,S,02,avg_weekly_hours,2022,M10,October,37.6,,2026-08-25 14:48:41.372731
CES5500000002,55000000,Financial activities,55,S,02,avg_weekly_hours,2022,M09,September,37.4,,2026-08-25 14:48:41.372731
CES5500000002,55000000,Financial activities,55,S,02,avg_weekly_hours,2022,M08,August,37.4,,2026-08-25 14:48:41.372731
CES5500000002,55000000,Financial activities,55,S,02,avg_weekly_hours,2022,M07,July,37.4,,2026-08-25 14:48:41.372731
CES5500000002,55000000,Financial activities,55,S,02,avg_weekly_hours,2022,M06,June,37.4,,2026-08-25 14:48:41.372731
CES5500000002,55000000,Financial activities,55,S,02,avg_weekly_hours,2022,M05,May,37.5,,2026-08-25 14:48:41.372731
CES5500000002,55000000,Financial activities,55,S,02,avg_weekly_hours,2022,M04,April,37.6,,2026-08-25 14:48:41.372731
CES5500000002,55000000,Financial activities,55,S,02,avg_weekly_hours,2022,M03,March,37.6,,2026-08-25 14:48:41.372731
CES5500000002,55000000,Financial activities,55,S,02,avg_weekly_hours,2022,M02,February,37.6,,2026-08-25 14:48:41.372731
CES5500000002,55000000,Financial activities,55,S,02,avg_weekly_hours,2022,M01,January,37.5,,2026-08-25 14:48:41.372731
CES5500000002,55000000,Financial activities,55,S,02,avg_weekly_hours,2021,M12,December,37.5,,2026-08-25 14:48:41.372731
CES5500000002,55000000,Financial activities,55,S,02,avg_weekly_hours,2021,M11,November,37.5,,2026-08-25 14:48:41.372731
CES5500000002,55000000,Financial activities,55,S,02,avg_weekly_hours,2021,M10,October,37.6,,2026-08-25 14:48:41.372731
CES5500000002,55000000,Financial activities,55,S,02,avg_weekly_hours,2021,M09,September,37.6,,2026-08-25 14:48:41.372731
CES5500000002,55000000,Financial activities,55,S,02,avg_weekly_hours,2021,M08,August,37.6,,2026-08-25 14:48:41.372731
CES5500000002,55000000,Financial activities,55,S,02,avg_weekly_hours,2021,M07,July,37.6,,2026-08-25 14:48:41.372731
CES5500000002,55000000,Financial activities,55,S,02,avg_weekly_hours,2021,M06,June,37.6,,2026-08-25 14:48:41.372731
CES5500000002,55000000,Financial activities,55,S,02,avg_weekly_hours,2021,M05,May,37.6,,2026-08-25 14:48:41.372731
CES5500000002,55000000,Financial activities,55,S,02,avg_weekly_hours,2021,M04,April,37.6,,2026-08-25 14:48:41.372731
CES5500000002,55000000,Financial activities,55,S,02,avg_weekly_hours,2021,M03,March,37.6,,2026-08-25 14:48:41.372731
CES5500000002,55000000,Financial activities,55,S,02,avg_weekly_hours,2021,M02,February,37.7,,2026-08-25 14:48:41.372731
CES5500000002,55000000,Financial activities,55,S,02,avg_weekly_hours,2021,M01,January,37.8,,2026-08-25 14:48:41.372731
CES5500000003,55000000,Financial activities,55,S,03,avg_hourly_earnings,2026,M07,July,49.44,P,2026-08-25 14:48:41.372731
CES5500000003,55000000,Financial activities,55,S,03,avg_hourly_earnings,2026,M06,June,49.52,P,2026-08-25 14:48:41.372731
CES5500000003,55000000,Financial activities,55,S,03,avg_hourly_earnings,2026,M05,May,49.23,,2026-08-25 14:48:41.372731
CES5500000003,55000000,Financial activities,55,S,03,avg_hourly_earnings,2026,M04,April,49.02,,2026-08-25 14:48:41.372731
CES5500000003,55000000,Financial activities,55,S,03,avg_hourly_earnings,2026,M03,March,48.89,,2026-08-25 14:48:41.372731
CES5500000003,55000000,Financial activities,55,S,03,avg_hourly_earnings,2026,M02,February,48.72,,2026-08-25 14:48:41.372731
CES5500000003,55000000,Financial activities,55,S,03,avg_hourly_earnings,2026,M01,January,48.61,,2026-08-25 14:48:41.372731
CES5500000003,55000000,Financial activities,55,S,03,avg_hourly_earnings,2025,M12,December,48.37,,2026-08-25 14:48:41.372731
CES5500000003,55000000,Financial activities,55,S,03,avg_hourly_earnings,2025,M11,November,48.4,,2026-08-25 14:48:41.372731
CES5500000003,55000000,Financial activities,55,S,03,avg_hourly_earnings,2025,M10,October,48.18,,2026-08-25 14:48:41.372731
CES5500000003,55000000,Financial activities,55,S,03,avg_hourly_earnings,2025,M09,September,47.93,,2026-08-25 14:48:41.372731
CES5500000003,55000000,Financial activities,55,S,03,avg_hourly_earnings,2025,M08,August,47.75,,2026-08-25 14:48:41.372731
CES5500000003,55000000,Financial activities,55,S,03,avg_hourly_earnings,2025,M07,July,47.57,,2026-08-25 14:48:41.372731
CES5500000003,55000000,Financial activities,55,S,03,avg_hourly_earnings,2025,M06,June,47.46,,2026-08-25 14:48:41.372731
CES5500000003,55000000,Financial activities,55,S,03,avg_hourly_earnings,2025,M05,May,47.45,,2026-08-25 14:48:41.372731
CES5500000003,55000000,Financial activities,55,S,03,avg_hourly_earnings,2025,M04,April,47.19,,2026-08-25 14:48:41.372731
CES5500000003,55000000,Financial activities,55,S,03,avg_hourly_earnings,2025,M03,March,47.11,,2026-08-25 14:48:41.372731
CES5500000003,55000000,Financial activities,55,S,03,avg_hourly_earnings,2025,M02,February,46.82,,2026-08-25 14:48:41.372731
CES5500000003,55000000,Financial activities,55,S,03,avg_hourly_earnings,2025,M01,January,46.63,,2026-08-25 14:48:41.372731
CES5500000003,55000000,Financial activities,55,S,03,avg_hourly_earnings,2024,M12,December,46.47,,2026-08-25 14:48:41.372731
CES5500000003,55000000,Financial activities,55,S,03,avg_hourly_earnings,2024,M11,November,46.19,,2026-08-25 14:48:41.372731
CES5500000003,55000000,Financial activities,55,S,03,avg_hourly_earnings,2024,M10,October,46.07,,2026-08-25 14:48:41.372731
CES5500000003,55000000,Financial activities,55,S,03,avg_hourly_earnings,2024,M09,September,45.97,,2026-08-25 14:48:41.372731
CES5500000003,55000000,Financial activities,55,S,03,avg_hourly_earnings,2024,M08,August,45.9,,2026-08-25 14:48:41.372731
CES5500000003,55000000,Financial activities,55,S,03,avg_hourly_earnings,2024,M07,July,45.59,,2026-08-25 14:48:41.372731
CES5500000003,55000000,Financial activities,55,S,03,avg_hourly_earnings,2024,M06,June,45.58,,2026-08-25 14:48:41.372731
CES5500000003,55000000,Financial activities,55,S,03,avg_hourly_earnings,2024,M05,May,45.46,,2026-08-25 14:48:41.372731
CES5500000003,55000000,Financial activities,55,S,03,avg_hourly_earnings,2024,M04,April,45.26,,2026-08-25 14:48:41.372731
CES5500000003,55000000,Financial activities,55,S,03,avg_hourly_earnings,2024,M03,March,45.07,,2026-08-25 14:48:41.372731
CES5500000003,55000000,Financial activities,55,S,03,avg_hourly_earnings,2024,M02,February,44.96,,2026-08-25 14:48:41.372731
CES5500000003,55000000,Financial activities,55,S,03,avg_hourly_earnings,2024,M01,January,44.79,,2026-08-25 14:48:41.372731
CES5500000003,55000000,Financial activities,55,S,03,avg_hourly_earnings,2023,M12,December,44.52,,2026-08-25 14:48:41.372731
CES5500000003,55000000,Financial activities,55,S,03,avg_hourly_earnings,2023,M11,November,44.42,,2026-08-25 14:48:41.372731
CES5500000003,55000000,Financial activities,55,S,03,avg_hourly_earnings,2023,M10,October,44.23,,2026-08-25 14:48:41.372731
CES5500000003,55000000,Financial activities,55,S,03,avg_hourly_earnings,2023,M09,September,44.12,,2026-08-25 14:48:41.372731
CES5500000003,55000000,Financial activities,55,S,03,avg_hourly_earnings,2023,M08,August,43.9,,2026-08-25 14:48:41.372731
CES5500000003,55000000,Financial activities,55,S,03,avg_hourly_earnings,2023,M07,July,43.59,,2026-08-25 14:48:41.372731
CES5500000003,55000000,Financial activities,55,S,03,avg_hourly_earnings,2023,M06,June,43.26,,2026-08-25 14:48:41.372731
CES5500000003,55000000,Financial activities,55,S,03,avg_hourly_earnings,2023,M05,May,42.92,,2026-08-25 14:48:41.372731
CES5500000003,55000000,Financial activities,55,S,03,avg_hourly_earnings,2023,M04,April,42.73,,2026-08-25 14:48:41.372731
CES5500000003,55000000,Financial activities,55,S,03,avg_hourly_earnings,2023,M03,March,42.69,,2026-08-25 14:48:41.372731
CES5500000003,55000000,Financial activities,55,S,03,avg_hourly_earnings,2023,M02,February,42.53,,2026-08-25 14:48:41.372731
CES5500000003,55000000,Financial activities,55,S,03,avg_hourly_earnings,2023,M01,January,42.49,,2026-08-25 14:48:41.372731
CES5500000003,55000000,Financial activities,55,S,03,avg_hourly_earnings,2022,M12,December,42.39,,2026-08-25 14:48:41.372731
CES5500000003,55000000,Financial activities,55,S,03,avg_hourly_earnings,2022,M11,November,42.11,,2026-08-25 14:48:41.372731
CES5500000003,55000000,Financial activities,55,S,03,avg_hourly_earnings,2022,M10,October,42.03,,2026-08-25 14:48:41.372731
CES5500000003,55000000,Financial activities,55,S,03,avg_hourly_earnings,2022,M09,September,41.96,,2026-08-25 14:48:41.372731
CES5500000003,55000000,Financial activities,55,S,03,avg_hourly_earnings,2022,M08,August,41.69,,2026-08-25 14:48:41.372731
CES5500000003,55000000,Financial activities,55,S,03,avg_hourly_earnings,2022,M07,July,41.63,,2026-08-25 14:48:41.372731
CES5500000003,55000000,Financial activities,55,S,03,avg_hourly_earnings,2022,M06,June,41.47,,2026-08-25 14:48:41.372731
CES5500000003,55000000,Financial activities,55,S,03,avg_hourly_earnings,2022,M05,May,41.26,,2026-08-25 14:48:41.372731
CES5500000003,55000000,Financial activities,55,S,03,avg_hourly_earnings,2022,M04,April,41.19,,2026-08-25 14:48:41.372731
CES5500000003,55000000,Financial activities,55,S,03,avg_hourly_earnings,2022,M03,March,41.04,,2026-08-25 14:48:41.372731
CES5500000003,55000000,Financial activities,55,S,03,avg_hourly_earnings,2022,M02,February,40.77,,2026-08-25 14:48:41.372731
CES5500000003,55000000,Financial activities,55,S,03,avg_hourly_earnings,2022,M01,January,40.86,,2026-08-25 14:48:41.372731
CES5500000003,55000000,Financial activities,55,S,03,avg_hourly_earnings,2021,M12,December,40.71,,2026-08-25 14:48:41.372731
CES5500000003,55000000,Financial activities,55,S,03,avg_hourly_earnings,2021,M11,November,40.7,,2026-08-25 14:48:41.372731
CES5500000003,55000000,Financial activities,55,S,03,avg_hourly_earnings,2021,M10,October,40.52,,2026-08-25 14:48:41.372731
CES5500000003,55000000,Financial activities,55,S,03,avg_hourly_earnings,2021,M09,September,40.19,,2026-08-25 14:48:41.372731
CES5500000003,55000000,Financial activities,55,S,03,avg_hourly_earnings,2021,M08,August,40.15,,2026-08-25 14:48:41.372731
CES5500000003,55000000,Financial activities,55,S,03,avg_hourly_earnings,2021,M07,July,40.2,,2026-08-25 14:48:41.372731
CES5500000003,55000000,Financial activities,55,S,03,avg_hourly_earnings,2021,M06,June,40.11,,2026-08-25 14:48:41.372731
CES5500000003,55000000,Financial activities,55,S,03,avg_hourly_earnings,2021,M05,May,40.26,,2026-08-25 14:48:41.372731
CES5500000003,55000000,Financial activities,55,S,03,avg_hourly_earnings,2021,M04,April,39.91,,2026-08-25 14:48:41.372731
CES5500000003,55000000,Financial activities,55,S,03,avg_hourly_earnings,2021,M03,March,39.78,,2026-08-25 14:48:41.372731
CES5500000003,55000000,Financial activities,55,S,03,avg_hourly_earnings,2021,M02,February,39.62,,2026-08-25 14:48:41.372731
CES5500000003,55000000,Financial activities,55,S,03,avg_hourly_earnings,2021,M01,January,39.23,,2026-08-25 14:48:41.372731
CES5500000011,55000000,Financial activities,55,S,11,avg_weekly_earnings,2026,M07,July,1849.06,P,2026-08-25 14:48:41.372731
CES5500000011,55000000,Financial activities,55,S,11,avg_weekly_earnings,2026,M06,June,1852.05,P,2026-08-25 14:48:41.372731
CES5500000011,55000000,Financial activities,55,S,11,avg_weekly_earnings,2026,M05,May,1841.2,,2026-08-25 14:48:41.372731
CES5500000011,55000000,Financial activities,55,S,11,avg_weekly_earnings,2026,M04,April,1833.35,,2026-08-25 14:48:41.372731
CES5500000011,55000000,Financial activities,55,S,11,avg_weekly_earnings,2026,M03,March,1828.49,,2026-08-25 14:48:41.372731
CES5500000011,55000000,Financial activities,55,S,11,avg_weekly_earnings,2026,M02,February,1822.13,,2026-08-25 14:48:41.372731
CES5500000011,55000000,Financial activities,55,S,11,avg_weekly_earnings,2026,M01,January,1818.01,,2026-08-25 14:48:41.372731
CES5500000011,55000000,Financial activities,55,S,11,avg_weekly_earnings,2025,M12,December,1813.88,,2026-08-25 14:48:41.372731
CES5500000011,55000000,Financial activities,55,S,11,avg_weekly_earnings,2025,M11,November,1815.0,,2026-08-25 14:48:41.372731
CES5500000011,55000000,Financial activities,55,S,11,avg_weekly_earnings,2025,M10,October,1806.75,,2026-08-25 14:48:41.372731
CES5500000011,55000000,Financial activities,55,S,11,avg_weekly_earnings,2025,M09,September,1802.17,,2026-08-25 14:48:41.372731
CES5500000011,55000000,Financial activities,55,S,11,avg_weekly_earnings,2025,M08,August,1790.63,,2026-08-25 14:48:41.372731
CES5500000011,55000000,Financial activities,55,S,11,avg_weekly_earnings,2025,M07,July,1788.63,,2026-08-25 14:48:41.372731
CES5500000011,55000000,Financial activities,55,S,11,avg_weekly_earnings,2025,M06,June,1789.24,,2026-08-25 14:48:41.372731
CES5500000011,55000000,Financial activities,55,S,11,avg_weekly_earnings,2025,M05,May,1784.12,,2026-08-25 14:48:41.372731
CES5500000011,55000000,Financial activities,55,S,11,avg_weekly_earnings,2025,M04,April,1774.34,,2026-08-25 14:48:41.372731
CES5500000011,55000000,Financial activities,55,S,11,avg_weekly_earnings,2025,M03,March,1776.05,,2026-08-25 14:48:41.372731
CES5500000011,55000000,Financial activities,55,S,11,avg_weekly_earnings,2025,M02,February,1765.11,,2026-08-25 14:48:41.372731
CES5500000011,55000000,Financial activities,55,S,11,avg_weekly_earnings,2025,M01,January,1753.29,,2026-08-25 14:48:41.372731
CES5500000011,55000000,Financial activities,55,S,11,avg_weekly_earnings,2024,M12,December,1751.92,,2026-08-25 14:48:41.372731
CES5500000011,55000000,Financial activities,55,S,11,avg_weekly_earnings,2024,M11,November,1736.74,,2026-08-25 14:48:41.372731
CES5500000011,55000000,Financial activities,55,S,11,avg_weekly_earnings,2024,M10,October,1727.63,,2026-08-25 14:48:41.372731
CES5500000011,55000000,Financial activities,55,S,11,avg_weekly_earnings,2024,M09,September,1733.07,,2026-08-25 14:48:41.372731
CES5500000011,55000000,Financial activities,55,S,11,avg_weekly_earnings,2024,M08,August,1721.25,,2026-08-25 14:48:41.372731
CES5500000011,55000000,Financial activities,55,S,11,avg_weekly_earnings,2024,M07,July,1705.07,,2026-08-25 14:48:41.372731
CES5500000011,55000000,Financial activities,55,S,11,avg_weekly_earnings,2024,M06,June,1709.25,,2026-08-25 14:48:41.372731
CES5500000011,55000000,Financial activities,55,S,11,avg_weekly_earnings,2024,M05,May,1709.3,,2026-08-25 14:48:41.372731
CES5500000011,55000000,Financial activities,55,S,11,avg_weekly_earnings,2024,M04,April,1697.25,,2026-08-25 14:48:41.372731
CES5500000011,55000000,Financial activities,55,S,11,avg_weekly_earnings,2024,M03,March,1690.13,,2026-08-25 14:48:41.372731
CES5500000011,55000000,Financial activities,55,S,11,avg_weekly_earnings,2024,M02,February,1681.5,,2026-08-25 14:48:41.372731
CES5500000011,55000000,Financial activities,55,S,11,avg_weekly_earnings,2024,M01,January,1670.67,,2026-08-25 14:48:41.372731
CES5500000011,55000000,Financial activities,55,S,11,avg_weekly_earnings,2023,M12,December,1665.05,,2026-08-25 14:48:41.372731
CES5500000011,55000000,Financial activities,55,S,11,avg_weekly_earnings,2023,M11,November,1661.31,,2026-08-25 14:48:41.372731
CES5500000011,55000000,Financial activities,55,S,11,avg_weekly_earnings,2023,M10,October,1654.2,,2026-08-25 14:48:41.372731
CES5500000011,55000000,Financial activities,55,S,11,avg_weekly_earnings,2023,M09,September,1654.5,,2026-08-25 14:48:41.372731
CES5500000011,55000000,Financial activities,55,S,11,avg_weekly_earnings,2023,M08,August,1637.47,,2026-08-25 14:48:41.372731
CES5500000011,55000000,Financial activities,55,S,11,avg_weekly_earnings,2023,M07,July,1630.27,,2026-08-25 14:48:41.372731
CES5500000011,55000000,Financial activities,55,S,11,avg_weekly_earnings,2023,M06,June,1617.92,,2026-08-25 14:48:41.372731
CES5500000011,55000000,Financial activities,55,S,11,avg_weekly_earnings,2023,M05,May,1605.21,,2026-08-25 14:48:41.372731
CES5500000011,55000000,Financial activities,55,S,11,avg_weekly_earnings,2023,M04,April,1602.38,,2026-08-25 14:48:41.372731
CES5500000011,55000000,Financial activities,55,S,11,avg_weekly_earnings,2023,M03,March,1596.61,,2026-08-25 14:48:41.372731
CES5500000011,55000000,Financial activities,55,S,11,avg_weekly_earnings,2023,M02,February,1590.62,,2026-08-25 14:48:41.372731
CES5500000011,55000000,Financial activities,55,S,11,avg_weekly_earnings,2023,M01,January,1589.13,,2026-08-25 14:48:41.372731
CES5500000011,55000000,Financial activities,55,S,11,avg_weekly_earnings,2022,M12,December,1585.39,,2026-08-25 14:48:41.372731
CES5500000011,55000000,Financial activities,55,S,11,avg_weekly_earnings,2022,M11,November,1574.91,,2026-08-25 14:48:41.372731
CES5500000011,55000000,Financial activities,55,S,11,avg_weekly_earnings,2022,M10,October,1580.33,,2026-08-25 14:48:41.372731
CES5500000011,55000000,Financial activities,55,S,11,avg_weekly_earnings,2022,M09,September,1569.3,,2026-08-25 14:48:41.372731
CES5500000011,55000000,Financial activities,55,S,11,avg_weekly_earnings,2022,M08,August,1559.21,,2026-08-25 14:48:41.372731
CES5500000011,55000000,Financial activities,55,S,11,avg_weekly_earnings,2022,M07,July,1556.96,,2026-08-25 14:48:41.372731
CES5500000011,55000000,Financial activities,55,S,11,avg_weekly_earnings,2022,M06,June,1550.98,,2026-08-25 14:48:41.372731
CES5500000011,55000000,Financial activities,55,S,11,avg_weekly_earnings,2022,M05,May,1547.25,,2026-08-25 14:48:41.372731
CES5500000011,55000000,Financial activities,55,S,11,avg_weekly_earnings,2022,M04,April,1548.74,,2026-08-25 14:48:41.372731
CES5500000011,55000000,Financial activities,55,S,11,avg_weekly_earnings,2022,M03,March,1543.1,,2026-08-25 14:48:41.372731
CES5500000011,55000000,Financial activities,55,S,11,avg_weekly_earnings,2022,M02,February,1532.95,,2026-08-25 14:48:41.372731
CES5500000011,55000000,Financial activities,55,S,11,avg_weekly_earnings,2022,M01,January,1532.25,,2026-08-25 14:48:41.372731
CES5500000011,55000000,Financial activities,55,S,11,avg_weekly_earnings,2021,M12,December,1526.63,,2026-08-25 14:48:41.372731
CES5500000011,55000000,Financial activities,55,S,11,avg_weekly_earnings,2021,M11,November,1526.25,,2026-08-25 14:48:41.372731
CES5500000011,55000000,Financial activities,55,S,11,avg_weekly_earnings,2021,M10,October,1523.55,,2026-08-25 14:48:41.372731
CES5500000011,55000000,Financial activities,55,S,11,avg_weekly_earnings,2021,M09,September,1511.14,,2026-08-25 14:48:41.372731
CES5500000011,55000000,Financial activities,55,S,11,avg_weekly_earnings,2021,M08,August,1509.64,,2026-08-25 14:48:41.372731
CES5500000011,55000000,Financial activities,55,S,11,avg_weekly_earnings,2021,M07,July,1511.52,,2026-08-25 14:48:41.372731
CES5500000011,55000000,Financial activities,55,S,11,avg_weekly_earnings,2021,M06,June,1508.14,,2026-08-25 14:48:41.372731
CES5500000011,55000000,Financial activities,55,S,11,avg_weekly_earnings,2021,M05,May,1513.78,,2026-08-25 14:48:41.372731
CES5500000011,55000000,Financial activities,55,S,11,avg_weekly_earnings,2021,M04,April,1500.62,,2026-08-25 14:48:41.372731
CES5500000011,55000000,Financial activities,55,S,11,avg_weekly_earnings,2021,M03,March,1495.73,,2026-08-25 14:48:41.372731
CES5500000011,55000000,Financial activities,55,S,11,avg_weekly_earnings,2021,M02,February,1493.67,,2026-08-25 14:48:41.372731
CES5500000011,55000000,Financial activities,55,S,11,avg_weekly_earnings,2021,M01,January,1482.89,,2026-08-25 14:48:41.372731
CES6000000001,60000000,Professional and business services,60,S,01,all_employees_thousands,2026,M07,July,22518.0,P,2026-08-25 14:48:41.372731
CES6000000001,60000000,Professional and business services,60,S,01,all_employees_thousands,2026,M06,June,22500.0,P,2026-08-25 14:48:41.372731
CES6000000001,60000000,Professional and business services,60,S,01,all_employees_thousands,2026,M05,May,22466.0,,2026-08-25 14:48:41.372731
CES6000000001,60000000,Professional and business services,60,S,01,all_employees_thousands,2026,M04,April,22460.0,,2026-08-25 14:48:41.372731
CES6000000001,60000000,Professional and business services,60,S,01,all_employees_thousands,2026,M03,March,22440.0,,2026-08-25 14:48:41.372731
CES6000000001,60000000,Professional and business services,60,S,01,all_employees_thousands,2026,M02,February,22412.0,,2026-08-25 14:48:41.372731
CES6000000001,60000000,Professional and business services,60,S,01,all_employees_thousands,2026,M01,January,22408.0,,2026-08-25 14:48:41.372731
CES6000000001,60000000,Professional and business services,60,S,01,all_employees_thousands,2025,M12,December,22372.0,,2026-08-25 14:48:41.372731
CES6000000001,60000000,Professional and business services,60,S,01,all_employees_thousands,2025,M11,November,22391.0,,2026-08-25 14:48:41.372731
CES6000000001,60000000,Professional and business services,60,S,01,all_employees_thousands,2025,M10,October,22335.0,,2026-08-25 14:48:41.372731
CES6000000001,60000000,Professional and business services,60,S,01,all_employees_thousands,2025,M09,September,22359.0,,2026-08-25 14:48:41.372731
CES6000000001,60000000,Professional and business services,60,S,01,all_employees_thousands,2025,M08,August,22375.0,,2026-08-25 14:48:41.372731
CES6000000001,60000000,Professional and business services,60,S,01,all_employees_thousands,2025,M07,July,22403.0,,2026-08-25 14:48:41.372731
CES6000000001,60000000,Professional and business services,60,S,01,all_employees_thousands,2025,M06,June,22419.0,,2026-08-25 14:48:41.372731
CES6000000001,60000000,Professional and business services,60,S,01,all_employees_thousands,2025,M05,May,22450.0,,2026-08-25 14:48:41.372731
CES6000000001,60000000,Professional and business services,60,S,01,all_employees_thousands,2025,M04,April,22470.0,,2026-08-25 14:48:41.372731
CES6000000001,60000000,Professional and business services,60,S,01,all_employees_thousands,2025,M03,March,22457.0,,2026-08-25 14:48:41.372731
CES6000000001,60000000,Professional and business services,60,S,01,all_employees_thousands,2025,M02,February,22473.0,,2026-08-25 14:48:41.372731
CES6000000001,60000000,Professional and business services,60,S,01,all_employees_thousands,2025,M01,January,22480.0,,2026-08-25 14:48:41.372731
CES6000000001,60000000,Professional and business services,60,S,01,all_employees_thousands,2024,M12,December,22532.0,,2026-08-25 14:48:41.372731
CES6000000001,60000000,Professional and business services,60,S,01,all_employees_thousands,2024,M11,November,22499.0,,2026-08-25 14:48:41.372731
CES6000000001,60000000,Professional and business services,60,S,01,all_employees_thousands,2024,M10,October,22486.0,,2026-08-25 14:48:41.372731
CES6000000001,60000000,Professional and business services,60,S,01,all_employees_thousands,2024,M09,September,22525.0,,2026-08-25 14:48:41.372731
CES6000000001,60000000,Professional and business services,60,S,01,all_employees_thousands,2024,M08,August,22544.0,,2026-08-25 14:48:41.372731
CES6000000001,60000000,Professional and business services,60,S,01,all_employees_thousands,2024,M07,July,22584.0,,2026-08-25 14:48:41.372731
CES6000000001,60000000,Professional and business services,60,S,01,all_employees_thousands,2024,M06,June,22606.0,,2026-08-25 14:48:41.372731
CES6000000001,60000000,Professional and business services,60,S,01,all_employees_thousands,2024,M05,May,22633.0,,2026-08-25 14:48:41.372731
CES6000000001,60000000,Professional and business services,60,S,01,all_employees_thousands,2024,M04,April,22616.0,,2026-08-25 14:48:41.372731
CES6000000001,60000000,Professional and business services,60,S,01,all_employees_thousands,2024,M03,March,22631.0,,2026-08-25 14:48:41.372731
CES6000000001,60000000,Professional and business services,60,S,01,all_employees_thousands,2024,M02,February,22658.0,,2026-08-25 14:48:41.372731
CES6000000001,60000000,Professional and business services,60,S,01,all_employees_thousands,2024,M01,January,22668.0,,2026-08-25 14:48:41.372731
CES6000000001,60000000,Professional and business services,60,S,01,all_employees_thousands,2023,M12,December,22643.0,,2026-08-25 14:48:41.372731
CES6000000001,60000000,Professional and business services,60,S,01,all_employees_thousands,2023,M11,November,22661.0,,2026-08-25 14:48:41.372731
CES6000000001,60000000,Professional and business services,60,S,01,all_employees_thousands,2023,M10,October,22715.0,,2026-08-25 14:48:41.372731
CES6000000001,60000000,Professional and business services,60,S,01,all_employees_thousands,2023,M09,September,22743.0,,2026-08-25 14:48:41.372731
CES6000000001,60000000,Professional and business services,60,S,01,all_employees_thousands,2023,M08,August,22768.0,,2026-08-25 14:48:41.372731
CES6000000001,60000000,Professional and business services,60,S,01,all_employees_thousands,2023,M07,July,22779.0,,2026-08-25 14:48:41.372731
CES6000000001,60000000,Professional and business services,60,S,01,all_employees_thousands,2023,M06,June,22826.0,,2026-08-25 14:48:41.372731
CES6000000001,60000000,Professional and business services,60,S,01,all_employees_thousands,2023,M05,May,22850.0,,2026-08-25 14:48:41.372731
CES6000000001,60000000,Professional and business services,60,S,01,all_employees_thousands,2023,M04,April,22837.0,,2026-08-25 14:48:41.372731
CES6000000001,60000000,Professional and business services,60,S,01,all_employees_thousands,2023,M03,March,22832.0,,2026-08-25 14:48:41.372731
CES6000000001,60000000,Professional and business services,60,S,01,all_employees_thousands,2023,M02,February,22837.0,,2026-08-25 14:48:41.372731
CES6000000001,60000000,Professional and business services,60,S,01,all_employees_thousands,2023,M01,January,22791.0,,2026-08-25 14:48:41.372731
CES6000000001,60000000,Professional and business services,60,S,01,all_employees_thousands,2022,M12,December,22774.0,,2026-08-25 14:48:41.372731
CES6000000001,60000000,Professional and business services,60,S,01,all_employees_thousands,2022,M11,November,22792.0,,2026-08-25 14:48:41.372731
CES6000000001,60000000,Professional and business services,60,S,01,all_employees_thousands,2022,M10,October,22783.0,,2026-08-25 14:48:41.372731
CES6000000001,60000000,Professional and business services,60,S,01,all_employees_thousands,2022,M09,September,22744.0,,2026-08-25 14:48:41.372731
CES6000000001,60000000,Professional and business services,60,S,01,all_employees_thousands,2022,M08,August,22697.0,,2026-08-25 14:48:41.372731
CES6000000001,60000000,Professional and business services,60,S,01,all_employees_thousands,2022,M07,July,22658.0,,2026-08-25 14:48:41.372731
CES6000000001,60000000,Professional and business services,60,S,01,all_employees_thousands,2022,M06,June,22564.0,,2026-08-25 14:48:41.372731
CES6000000001,60000000,Professional and business services,60,S,01,all_employees_thousands,2022,M05,May,22503.0,,2026-08-25 14:48:41.372731
CES6000000001,60000000,Professional and business services,60,S,01,all_employees_thousands,2022,M04,April,22468.0,,2026-08-25 14:48:41.372731
CES6000000001,60000000,Professional and business services,60,S,01,all_employees_thousands,2022,M03,March,22483.0,,2026-08-25 14:48:41.372731
CES6000000001,60000000,Professional and business services,60,S,01,all_employees_thousands,2022,M02,February,22372.0,,2026-08-25 14:48:41.372731
CES6000000001,60000000,Professional and business services,60,S,01,all_employees_thousands,2022,M01,January,22183.0,,2026-08-25 14:48:41.372731
CES6000000001,60000000,Professional and business services,60,S,01,all_employees_thousands,2021,M12,December,22129.0,,2026-08-25 14:48:41.372731
CES6000000001,60000000,Professional and business services,60,S,01,all_employees_thousands,2021,M11,November,22019.0,,2026-08-25 14:48:41.372731
CES6000000001,60000000,Professional and business services,60,S,01,all_employees_thousands,2021,M10,October,21873.0,,2026-08-25 14:48:41.372731
CES6000000001,60000000,Professional and business services,60,S,01,all_employees_thousands,2021,M09,September,21636.0,,2026-08-25 14:48:41.372731
CES6000000001,60000000,Professional and business services,60,S,01,all_employees_thousands,2021,M08,August,21535.0,,2026-08-25 14:48:41.372731
CES6000000001,60000000,Professional and business services,60,S,01,all_employees_thousands,2021,M07,July,21418.0,,2026-08-25 14:48:41.372731
CES6000000001,60000000,Professional and business services,60,S,01,all_employees_thousands,2021,M06,June,21257.0,,2026-08-25 14:48:41.372731
CES6000000001,60000000,Professional and business services,60,S,01,all_employees_thousands,2021,M05,May,21176.0,,2026-08-25 14:48:41.372731
CES6000000001,60000000,Professional and business services,60,S,01,all_employees_thousands,2021,M04,April,21103.0,,2026-08-25 14:48:41.372731
CES6000000001,60000000,Professional and business services,60,S,01,all_employees_thousands,2021,M03,March,21109.0,,2026-08-25 14:48:41.372731
CES6000000001,60000000,Professional and business services,60,S,01,all_employees_thousands,2021,M02,February,20999.0,,2026-08-25 14:48:41.372731
CES6000000001,60000000,Professional and business services,60,S,01,all_employees_thousands,2021,M01,January,20922.0,,2026-08-25 14:48:41.372731
CES6000000002,60000000,Professional and business services,60,S,02,avg_weekly_hours,2026,M07,July,36.7,P,2026-08-25 14:48:41.372731
CES6000000002,60000000,Professional and business services,60,S,02,avg_weekly_hours,2026,M06,June,36.7,P,2026-08-25 14:48:41.372731
CES6000000002,60000000,Professional and business services,60,S,02,avg_weekly_hours,2026,M05,May,36.7,,2026-08-25 14:48:41.372731
CES6000000002,60000000,Professional and business services,60,S,02,avg_weekly_hours,2026,M04,April,36.7,,2026-08-25 14:48:41.372731
CES6000000002,60000000,Professional and business services,60,S,02,avg_weekly_hours,2026,M03,March,36.6,,2026-08-25 14:48:41.372731
CES6000000002,60000000,Professional and business services,60,S,02,avg_weekly_hours,2026,M02,February,36.6,,2026-08-25 14:48:41.372731
CES6000000002,60000000,Professional and business services,60,S,02,avg_weekly_hours,2026,M01,January,36.7,,2026-08-25 14:48:41.372731
CES6000000002,60000000,Professional and business services,60,S,02,avg_weekly_hours,2025,M12,December,36.5,,2026-08-25 14:48:41.372731
CES6000000002,60000000,Professional and business services,60,S,02,avg_weekly_hours,2025,M11,November,36.6,,2026-08-25 14:48:41.372731
CES6000000002,60000000,Professional and business services,60,S,02,avg_weekly_hours,2025,M10,October,36.6,,2026-08-25 14:48:41.372731
CES6000000002,60000000,Professional and business services,60,S,02,avg_weekly_hours,2025,M09,September,36.5,,2026-08-25 14:48:41.372731
CES6000000002,60000000,Professional and business services,60,S,02,avg_weekly_hours,2025,M08,August,36.5,,2026-08-25 14:48:41.372731
CES6000000002,60000000,Professional and business services,60,S,02,avg_weekly_hours,2025,M07,July,36.4,,2026-08-25 14:48:41.372731
CES6000000002,60000000,Professional and business services,60,S,02,avg_weekly_hours,2025,M06,June,36.4,,2026-08-25 14:48:41.372731
CES6000000002,60000000,Professional and business services,60,S,02,avg_weekly_hours,2025,M05,May,36.5,,2026-08-25 14:48:41.372731
CES6000000002,60000000,Professional and business services,60,S,02,avg_weekly_hours,2025,M04,April,36.5,,2026-08-25 14:48:41.372731
CES6000000002,60000000,Professional and business services,60,S,02,avg_weekly_hours,2025,M03,March,36.4,,2026-08-25 14:48:41.372731
CES6000000002,60000000,Professional and business services,60,S,02,avg_weekly_hours,2025,M02,February,36.3,,2026-08-25 14:48:41.372731
CES6000000002,60000000,Professional and business services,60,S,02,avg_weekly_hours,2025,M01,January,36.2,,2026-08-25 14:48:41.372731
CES6000000002,60000000,Professional and business services,60,S,02,avg_weekly_hours,2024,M12,December,36.3,,2026-08-25 14:48:41.372731
CES6000000002,60000000,Professional and business services,60,S,02,avg_weekly_hours,2024,M11,November,36.5,,2026-08-25 14:48:41.372731
CES6000000002,60000000,Professional and business services,60,S,02,avg_weekly_hours,2024,M10,October,36.3,,2026-08-25 14:48:41.372731
CES6000000002,60000000,Professional and business services,60,S,02,avg_weekly_hours,2024,M09,September,36.3,,2026-08-25 14:48:41.372731
CES6000000002,60000000,Professional and business services,60,S,02,avg_weekly_hours,2024,M08,August,36.4,,2026-08-25 14:48:41.372731
CES6000000002,60000000,Professional and business services,60,S,02,avg_weekly_hours,2024,M07,July,36.4,,2026-08-25 14:48:41.372731
CES6000000002,60000000,Professional and business services,60,S,02,avg_weekly_hours,2024,M06,June,36.4,,2026-08-25 14:48:41.372731
CES6000000002,60000000,Professional and business services,60,S,02,avg_weekly_hours,2024,M05,May,36.4,,2026-08-25 14:48:41.372731
CES6000000002,60000000,Professional and business services,60,S,02,avg_weekly_hours,2024,M04,April,36.4,,2026-08-25 14:48:41.372731
CES6000000002,60000000,Professional and business services,60,S,02,avg_weekly_hours,2024,M03,March,36.5,,2026-08-25 14:48:41.372731
CES6000000002,60000000,Professional and business services,60,S,02,avg_weekly_hours,2024,M02,February,36.5,,2026-08-25 14:48:41.372731
CES6000000002,60000000,Professional and business services,60,S,02,avg_weekly_hours,2024,M01,January,36.3,,2026-08-25 14:48:41.372731
CES6000000002,60000000,Professional and business services,60,S,02,avg_weekly_hours,2023,M12,December,36.5,,2026-08-25 14:48:41.372731
CES6000000002,60000000,Professional and business services,60,S,02,avg_weekly_hours,2023,M11,November,36.5,,2026-08-25 14:48:41.372731
CES6000000002,60000000,Professional and business services,60,S,02,avg_weekly_hours,2023,M10,October,36.4,,2026-08-25 14:48:41.372731
CES6000000002,60000000,Professional and business services,60,S,02,avg_weekly_hours,2023,M09,September,36.5,,2026-08-25 14:48:41.372731
CES6000000002,60000000,Professional and business services,60,S,02,avg_weekly_hours,2023,M08,August,36.4,,2026-08-25 14:48:41.372731
CES6000000002,60000000,Professional and business services,60,S,02,avg_weekly_hours,2023,M07,July,36.5,,2026-08-25 14:48:41.372731
CES6000000002,60000000,Professional and business services,60,S,02,avg_weekly_hours,2023,M06,June,36.5,,2026-08-25 14:48:41.372731
CES6000000002,60000000,Professional and business services,60,S,02,avg_weekly_hours,2023,M05,May,36.5,,2026-08-25 14:48:41.372731
CES6000000002,60000000,Professional and business services,60,S,02,avg_weekly_hours,2023,M04,April,36.5,,2026-08-25 14:48:41.372731
CES6000000002,60000000,Professional and business services,60,S,02,avg_weekly_hours,2023,M03,March,36.4,,2026-08-25 14:48:41.372731
CES6000000002,60000000,Professional and business services,60,S,02,avg_weekly_hours,2023,M02,February,36.6,,2026-08-25 14:48:41.372731
CES6000000002,60000000,Professional and business services,60,S,02,avg_weekly_hours,2023,M01,January,36.6,,2026-08-25 14:48:41.372731
CES6000000002,60000000,Professional and business services,60,S,02,avg_weekly_hours,2022,M12,December,36.4,,2026-08-25 14:48:41.372731
CES6000000002,60000000,Professional and business services,60,S,02,avg_weekly_hours,2022,M11,November,36.6,,2026-08-25 14:48:41.372731
CES6000000002,60000000,Professional and business services,60,S,02,avg_weekly_hours,2022,M10,October,36.7,,2026-08-25 14:48:41.372731
CES6000000002,60000000,Professional and business services,60,S,02,avg_weekly_hours,2022,M09,September,36.7,,2026-08-25 14:48:41.372731
CES6000000002,60000000,Professional and business services,60,S,02,avg_weekly_hours,2022,M08,August,36.6,,2026-08-25 14:48:41.372731
CES6000000002,60000000,Professional and business services,60,S,02,avg_weekly_hours,2022,M07,July,36.6,,2026-08-25 14:48:41.372731
CES6000000002,60000000,Professional and business services,60,S,02,avg_weekly_hours,2022,M06,June,36.6,,2026-08-25 14:48:41.372731
CES6000000002,60000000,Professional and business services,60,S,02,avg_weekly_hours,2022,M05,May,36.6,,2026-08-25 14:48:41.372731
CES6000000002,60000000,Professional and business services,60,S,02,avg_weekly_hours,2022,M04,April,36.7,,2026-08-25 14:48:41.372731
CES6000000002,60000000,Professional and business services,60,S,02,avg_weekly_hours,2022,M03,March,36.7,,2026-08-25 14:48:41.372731
CES6000000002,60000000,Professional and business services,60,S,02,avg_weekly_hours,2022,M02,February,36.7,,2026-08-25 14:48:41.372731
CES6000000002,60000000,Professional and business services,60,S,02,avg_weekly_hours,2022,M01,January,36.7,,2026-08-25 14:48:41.372731
CES6000000002,60000000,Professional and business services,60,S,02,avg_weekly_hours,2021,M12,December,36.7,,2026-08-25 14:48:41.372731
CES6000000002,60000000,Professional and business services,60,S,02,avg_weekly_hours,2021,M11,November,36.7,,2026-08-25 14:48:41.372731
CES6000000002,60000000,Professional and business services,60,S,02,avg_weekly_hours,2021,M10,October,36.7,,2026-08-25 14:48:41.372731
CES6000000002,60000000,Professional and business services,60,S,02,avg_weekly_hours,2021,M09,September,36.7,,2026-08-25 14:48:41.372731
CES6000000002,60000000,Professional and business services,60,S,02,avg_weekly_hours,2021,M08,August,36.6,,2026-08-25 14:48:41.372731
CES6000000002,60000000,Professional and business services,60,S,02,avg_weekly_hours,2021,M07,July,36.8,,2026-08-25 14:48:41.372731
CES6000000002,60000000,Professional and business services,60,S,02,avg_weekly_hours,2021,M06,June,36.6,,2026-08-25 14:48:41.372731
CES6000000002,60000000,Professional and business services,60,S,02,avg_weekly_hours,2021,M05,May,36.8,,2026-08-25 14:48:41.372731
CES6000000002,60000000,Professional and business services,60,S,02,avg_weekly_hours,2021,M04,April,36.7,,2026-08-25 14:48:41.372731
CES6000000002,60000000,Professional and business services,60,S,02,avg_weekly_hours,2021,M03,March,36.7,,2026-08-25 14:48:41.372731
CES6000000002,60000000,Professional and business services,60,S,02,avg_weekly_hours,2021,M02,February,36.4,,2026-08-25 14:48:41.372731
CES6000000002,60000000,Professional and business services,60,S,02,avg_weekly_hours,2021,M01,January,36.9,,2026-08-25 14:48:41.372731
CES6000000003,60000000,Professional and business services,60,S,03,avg_hourly_earnings,2026,M07,July,45.68,P,2026-08-25 14:48:41.372731
CES6000000003,60000000,Professional and business services,60,S,03,avg_hourly_earnings,2026,M06,June,45.67,P,2026-08-25 14:48:41.372731
CES6000000003,60000000,Professional and business services,60,S,03,avg_hourly_earnings,2026,M05,May,45.56,,2026-08-25 14:48:41.372731
CES6000000003,60000000,Professional and business services,60,S,03,avg_hourly_earnings,2026,M04,April,45.41,,2026-08-25 14:48:41.372731
CES6000000003,60000000,Professional and business services,60,S,03,avg_hourly_earnings,2026,M03,March,45.28,,2026-08-25 14:48:41.372731
CES6000000003,60000000,Professional and business services,60,S,03,avg_hourly_earnings,2026,M02,February,45.22,,2026-08-25 14:48:41.372731
CES6000000003,60000000,Professional and business services,60,S,03,avg_hourly_earnings,2026,M01,January,45.03,,2026-08-25 14:48:41.372731
CES6000000003,60000000,Professional and business services,60,S,03,avg_hourly_earnings,2025,M12,December,44.96,,2026-08-25 14:48:41.372731
CES6000000003,60000000,Professional and business services,60,S,03,avg_hourly_earnings,2025,M11,November,44.92,,2026-08-25 14:48:41.372731
CES6000000003,60000000,Professional and business services,60,S,03,avg_hourly_earnings,2025,M10,October,44.9,,2026-08-25 14:48:41.372731
CES6000000003,60000000,Professional and business services,60,S,03,avg_hourly_earnings,2025,M09,September,44.74,,2026-08-25 14:48:41.372731
CES6000000003,60000000,Professional and business services,60,S,03,avg_hourly_earnings,2025,M08,August,44.62,,2026-08-25 14:48:41.372731
CES6000000003,60000000,Professional and business services,60,S,03,avg_hourly_earnings,2025,M07,July,44.4,,2026-08-25 14:48:41.372731
CES6000000003,60000000,Professional and business services,60,S,03,avg_hourly_earnings,2025,M06,June,44.21,,2026-08-25 14:48:41.372731
CES6000000003,60000000,Professional and business services,60,S,03,avg_hourly_earnings,2025,M05,May,44.0,,2026-08-25 14:48:41.372731
CES6000000003,60000000,Professional and business services,60,S,03,avg_hourly_earnings,2025,M04,April,43.76,,2026-08-25 14:48:41.372731
CES6000000003,60000000,Professional and business services,60,S,03,avg_hourly_earnings,2025,M03,March,43.67,,2026-08-25 14:48:41.372731
CES6000000003,60000000,Professional and business services,60,S,03,avg_hourly_earnings,2025,M02,February,43.55,,2026-08-25 14:48:41.372731
CES6000000003,60000000,Professional and business services,60,S,03,avg_hourly_earnings,2025,M01,January,43.42,,2026-08-25 14:48:41.372731
CES6000000003,60000000,Professional and business services,60,S,03,avg_hourly_earnings,2024,M12,December,43.31,,2026-08-25 14:48:41.372731
CES6000000003,60000000,Professional and business services,60,S,03,avg_hourly_earnings,2024,M11,November,43.13,,2026-08-25 14:48:41.372731
CES6000000003,60000000,Professional and business services,60,S,03,avg_hourly_earnings,2024,M10,October,42.91,,2026-08-25 14:48:41.372731
CES6000000003,60000000,Professional and business services,60,S,03,avg_hourly_earnings,2024,M09,September,42.7,,2026-08-25 14:48:41.372731
CES6000000003,60000000,Professional and business services,60,S,03,avg_hourly_earnings,2024,M08,August,42.43,,2026-08-25 14:48:41.372731
CES6000000003,60000000,Professional and business services,60,S,03,avg_hourly_earnings,2024,M07,July,42.23,,2026-08-25 14:48:41.372731
CES6000000003,60000000,Professional and business services,60,S,03,avg_hourly_earnings,2024,M06,June,42.19,,2026-08-25 14:48:41.372731
CES6000000003,60000000,Professional and business services,60,S,03,avg_hourly_earnings,2024,M05,May,41.99,,2026-08-25 14:48:41.372731
CES6000000003,60000000,Professional and business services,60,S,03,avg_hourly_earnings,2024,M04,April,41.84,,2026-08-25 14:48:41.372731
CES6000000003,60000000,Professional and business services,60,S,03,avg_hourly_earnings,2024,M03,March,41.68,,2026-08-25 14:48:41.372731
CES6000000003,60000000,Professional and business services,60,S,03,avg_hourly_earnings,2024,M02,February,41.47,,2026-08-25 14:48:41.372731
CES6000000003,60000000,Professional and business services,60,S,03,avg_hourly_earnings,2024,M01,January,41.41,,2026-08-25 14:48:41.372731
CES6000000003,60000000,Professional and business services,60,S,03,avg_hourly_earnings,2023,M12,December,41.18,,2026-08-25 14:48:41.372731
CES6000000003,60000000,Professional and business services,60,S,03,avg_hourly_earnings,2023,M11,November,41.03,,2026-08-25 14:48:41.372731
CES6000000003,60000000,Professional and business services,60,S,03,avg_hourly_earnings,2023,M10,October,40.9,,2026-08-25 14:48:41.372731
CES6000000003,60000000,Professional and business services,60,S,03,avg_hourly_earnings,2023,M09,September,40.78,,2026-08-25 14:48:41.372731
CES6000000003,60000000,Professional and business services,60,S,03,avg_hourly_earnings,2023,M08,August,40.71,,2026-08-25 14:48:41.372731
CES6000000003,60000000,Professional and business services,60,S,03,avg_hourly_earnings,2023,M07,July,40.75,,2026-08-25 14:48:41.372731
CES6000000003,60000000,Professional and business services,60,S,03,avg_hourly_earnings,2023,M06,June,40.51,,2026-08-25 14:48:41.372731
CES6000000003,60000000,Professional and business services,60,S,03,avg_hourly_earnings,2023,M05,May,40.3,,2026-08-25 14:48:41.372731
CES6000000003,60000000,Professional and business services,60,S,03,avg_hourly_earnings,2023,M04,April,40.26,,2026-08-25 14:48:41.372731
CES6000000003,60000000,Professional and business services,60,S,03,avg_hourly_earnings,2023,M03,March,40.01,,2026-08-25 14:48:41.372731
CES6000000003,60000000,Professional and business services,60,S,03,avg_hourly_earnings,2023,M02,February,39.85,,2026-08-25 14:48:41.372731
CES6000000003,60000000,Professional and business services,60,S,03,avg_hourly_earnings,2023,M01,January,39.68,,2026-08-25 14:48:41.372731
CES6000000003,60000000,Professional and business services,60,S,03,avg_hourly_earnings,2022,M12,December,39.53,,2026-08-25 14:48:41.372731
CES6000000003,60000000,Professional and business services,60,S,03,avg_hourly_earnings,2022,M11,November,39.39,,2026-08-25 14:48:41.372731
CES6000000003,60000000,Professional and business services,60,S,03,avg_hourly_earnings,2022,M10,October,39.24,,2026-08-25 14:48:41.372731
CES6000000003,60000000,Professional and business services,60,S,03,avg_hourly_earnings,2022,M09,September,39.08,,2026-08-25 14:48:41.372731
CES6000000003,60000000,Professional and business services,60,S,03,avg_hourly_earnings,2022,M08,August,39.0,,2026-08-25 14:48:41.372731
CES6000000003,60000000,Professional and business services,60,S,03,avg_hourly_earnings,2022,M07,July,38.92,,2026-08-25 14:48:41.372731
CES6000000003,60000000,Professional and business services,60,S,03,avg_hourly_earnings,2022,M06,June,38.74,,2026-08-25 14:48:41.372731
CES6000000003,60000000,Professional and business services,60,S,03,avg_hourly_earnings,2022,M05,May,38.64,,2026-08-25 14:48:41.372731
CES6000000003,60000000,Professional and business services,60,S,03,avg_hourly_earnings,2022,M04,April,38.51,,2026-08-25 14:48:41.372731
CES6000000003,60000000,Professional and business services,60,S,03,avg_hourly_earnings,2022,M03,March,38.25,,2026-08-25 14:48:41.372731
CES6000000003,60000000,Professional and business services,60,S,03,avg_hourly_earnings,2022,M02,February,38.02,,2026-08-25 14:48:41.372731
CES6000000003,60000000,Professional and business services,60,S,03,avg_hourly_earnings,2022,M01,January,37.88,,2026-08-25 14:48:41.372731
CES6000000003,60000000,Professional and business services,60,S,03,avg_hourly_earnings,2021,M12,December,37.64,,2026-08-25 14:48:41.372731
CES6000000003,60000000,Professional and business services,60,S,03,avg_hourly_earnings,2021,M11,November,37.38,,2026-08-25 14:48:41.372731
CES6000000003,60000000,Professional and business services,60,S,03,avg_hourly_earnings,2021,M10,October,37.31,,2026-08-25 14:48:41.372731
CES6000000003,60000000,Professional and business services,60,S,03,avg_hourly_earnings,2021,M09,September,37.09,,2026-08-25 14:48:41.372731
CES6000000003,60000000,Professional and business services,60,S,03,avg_hourly_earnings,2021,M08,August,36.89,,2026-08-25 14:48:41.372731
CES6000000003,60000000,Professional and business services,60,S,03,avg_hourly_earnings,2021,M07,July,36.72,,2026-08-25 14:48:41.372731
CES6000000003,60000000,Professional and business services,60,S,03,avg_hourly_earnings,2021,M06,June,36.61,,2026-08-25 14:48:41.372731
CES6000000003,60000000,Professional and business services,60,S,03,avg_hourly_earnings,2021,M05,May,36.25,,2026-08-25 14:48:41.372731
CES6000000003,60000000,Professional and business services,60,S,03,avg_hourly_earnings,2021,M04,April,35.99,,2026-08-25 14:48:41.372731
CES6000000003,60000000,Professional and business services,60,S,03,avg_hourly_earnings,2021,M03,March,35.73,,2026-08-25 14:48:41.372731
CES6000000003,60000000,Professional and business services,60,S,03,avg_hourly_earnings,2021,M02,February,35.8,,2026-08-25 14:48:41.372731
CES6000000003,60000000,Professional and business services,60,S,03,avg_hourly_earnings,2021,M01,January,35.51,,2026-08-25 14:48:41.372731
CES6000000011,60000000,Professional and business services,60,S,11,avg_weekly_earnings,2026,M07,July,1676.46,P,2026-08-25 14:48:41.372731
CES6000000011,60000000,Professional and business services,60,S,11,avg_weekly_earnings,2026,M06,June,1676.09,P,2026-08-25 14:48:41.372731
CES6000000011,60000000,Professional and business services,60,S,11,avg_weekly_earnings,2026,M05,May,1672.05,,2026-08-25 14:48:41.372731
CES6000000011,60000000,Professional and business services,60,S,11,avg_weekly_earnings,2026,M04,April,1666.55,,2026-08-25 14:48:41.372731
CES6000000011,60000000,Professional and business services,60,S,11,avg_weekly_earnings,2026,M03,March,1657.25,,2026-08-25 14:48:41.372731
CES6000000011,60000000,Professional and business services,60,S,11,avg_weekly_earnings,2026,M02,February,1655.05,,2026-08-25 14:48:41.372731
CES6000000011,60000000,Professional and business services,60,S,11,avg_weekly_earnings,2026,M01,January,1652.6,,2026-08-25 14:48:41.372731
CES6000000011,60000000,Professional and business services,60,S,11,avg_weekly_earnings,2025,M12,December,1641.04,,2026-08-25 14:48:41.372731
CES6000000011,60000000,Professional and business services,60,S,11,avg_weekly_earnings,2025,M11,November,1644.07,,2026-08-25 14:48:41.372731
CES6000000011,60000000,Professional and business services,60,S,11,avg_weekly_earnings,2025,M10,October,1643.34,,2026-08-25 14:48:41.372731
CES6000000011,60000000,Professional and business services,60,S,11,avg_weekly_earnings,2025,M09,September,1633.01,,2026-08-25 14:48:41.372731
CES6000000011,60000000,Professional and business services,60,S,11,avg_weekly_earnings,2025,M08,August,1628.63,,2026-08-25 14:48:41.372731
CES6000000011,60000000,Professional and business services,60,S,11,avg_weekly_earnings,2025,M07,July,1616.16,,2026-08-25 14:48:41.372731
CES6000000011,60000000,Professional and business services,60,S,11,avg_weekly_earnings,2025,M06,June,1609.24,,2026-08-25 14:48:41.372731
CES6000000011,60000000,Professional and business services,60,S,11,avg_weekly_earnings,2025,M05,May,1606.0,,2026-08-25 14:48:41.372731
CES6000000011,60000000,Professional and business services,60,S,11,avg_weekly_earnings,2025,M04,April,1597.24,,2026-08-25 14:48:41.372731
CES6000000011,60000000,Professional and business services,60,S,11,avg_weekly_earnings,2025,M03,March,1589.59,,2026-08-25 14:48:41.372731
CES6000000011,60000000,Professional and business services,60,S,11,avg_weekly_earnings,2025,M02,February,1580.87,,2026-08-25 14:48:41.372731
CES6000000011,60000000,Professional and business services,60,S,11,avg_weekly_earnings,2025,M01,January,1571.8,,2026-08-25 14:48:41.372731
CES6000000011,60000000,Professional and business services,60,S,11,avg_weekly_earnings,2024,M12,December,1572.15,,2026-08-25 14:48:41.372731
CES6000000011,60000000,Professional and business services,60,S,11,avg_weekly_earnings,2024,M11,November,1574.25,,2026-08-25 14:48:41.372731
CES6000000011,60000000,Professional and business services,60,S,11,avg_weekly_earnings,2024,M10,October,1557.63,,2026-08-25 14:48:41.372731
CES6000000011,60000000,Professional and business services,60,S,11,avg_weekly_earnings,2024,M09,September,1550.01,,2026-08-25 14:48:41.372731
CES6000000011,60000000,Professional and business services,60,S,11,avg_weekly_earnings,2024,M08,August,1544.45,,2026-08-25 14:48:41.372731
CES6000000011,60000000,Professional and business services,60,S,11,avg_weekly_earnings,2024,M07,July,1537.17,,2026-08-25 14:48:41.372731
CES6000000011,60000000,Professional and business services,60,S,11,avg_weekly_earnings,2024,M06,June,1535.72,,2026-08-25 14:48:41.372731
CES6000000011,60000000,Professional and business services,60,S,11,avg_weekly_earnings,2024,M05,May,1528.44,,2026-08-25 14:48:41.372731
CES6000000011,60000000,Professional and business services,60,S,11,avg_weekly_earnings,2024,M04,April,1522.98,,2026-08-25 14:48:41.372731
CES6000000011,60000000,Professional and business services,60,S,11,avg_weekly_earnings,2024,M03,March,1521.32,,2026-08-25 14:48:41.372731
CES6000000011,60000000,Professional and business services,60,S,11,avg_weekly_earnings,2024,M02,February,1513.66,,2026-08-25 14:48:41.372731
CES6000000011,60000000,Professional and business services,60,S,11,avg_weekly_earnings,2024,M01,January,1503.18,,2026-08-25 14:48:41.372731
CES6000000011,60000000,Professional and business services,60,S,11,avg_weekly_earnings,2023,M12,December,1503.07,,2026-08-25 14:48:41.372731
CES6000000011,60000000,Professional and business services,60,S,11,avg_weekly_earnings,2023,M11,November,1497.6,,2026-08-25 14:48:41.372731
CES6000000011,60000000,Professional and business services,60,S,11,avg_weekly_earnings,2023,M10,October,1488.76,,2026-08-25 14:48:41.372731
CES6000000011,60000000,Professional and business services,60,S,11,avg_weekly_earnings,2023,M09,September,1488.47,,2026-08-25 14:48:41.372731
CES6000000011,60000000,Professional and business services,60,S,11,avg_weekly_earnings,2023,M08,August,1481.84,,2026-08-25 14:48:41.372731
CES6000000011,60000000,Professional and business services,60,S,11,avg_weekly_earnings,2023,M07,July,1487.38,,2026-08-25 14:48:41.372731
CES6000000011,60000000,Professional and business services,60,S,11,avg_weekly_earnings,2023,M06,June,1478.62,,2026-08-25 14:48:41.372731
CES6000000011,60000000,Professional and business services,60,S,11,avg_weekly_earnings,2023,M05,May,1470.95,,2026-08-25 14:48:41.372731
CES6000000011,60000000,Professional and business services,60,S,11,avg_weekly_earnings,2023,M04,April,1469.49,,2026-08-25 14:48:41.372731
CES6000000011,60000000,Professional and business services,60,S,11,avg_weekly_earnings,2023,M03,March,1456.36,,2026-08-25 14:48:41.372731
CES6000000011,60000000,Professional and business services,60,S,11,avg_weekly_earnings,2023,M02,February,1458.51,,2026-08-25 14:48:41.372731
CES6000000011,60000000,Professional and business services,60,S,11,avg_weekly_earnings,2023,M01,January,1452.29,,2026-08-25 14:48:41.372731
CES6000000011,60000000,Professional and business services,60,S,11,avg_weekly_earnings,2022,M12,December,1438.89,,2026-08-25 14:48:41.372731
CES6000000011,60000000,Professional and business services,60,S,11,avg_weekly_earnings,2022,M11,November,1441.67,,2026-08-25 14:48:41.372731
CES6000000011,60000000,Professional and business services,60,S,11,avg_weekly_earnings,2022,M10,October,1440.11,,2026-08-25 14:48:41.372731
CES6000000011,60000000,Professional and business services,60,S,11,avg_weekly_earnings,2022,M09,September,1434.24,,2026-08-25 14:48:41.372731
CES6000000011,60000000,Professional and business services,60,S,11,avg_weekly_earnings,2022,M08,August,1427.4,,2026-08-25 14:48:41.372731
CES6000000011,60000000,Professional and business services,60,S,11,avg_weekly_earnings,2022,M07,July,1424.47,,2026-08-25 14:48:41.372731
CES6000000011,60000000,Professional and business services,60,S,11,avg_weekly_earnings,2022,M06,June,1417.88,,2026-08-25 14:48:41.372731
CES6000000011,60000000,Professional and business services,60,S,11,avg_weekly_earnings,2022,M05,May,1414.22,,2026-08-25 14:48:41.372731
CES6000000011,60000000,Professional and business services,60,S,11,avg_weekly_earnings,2022,M04,April,1413.32,,2026-08-25 14:48:41.372731
CES6000000011,60000000,Professional and business services,60,S,11,avg_weekly_earnings,2022,M03,March,1403.78,,2026-08-25 14:48:41.372731
CES6000000011,60000000,Professional and business services,60,S,11,avg_weekly_earnings,2022,M02,February,1395.33,,2026-08-25 14:48:41.372731
CES6000000011,60000000,Professional and business services,60,S,11,avg_weekly_earnings,2022,M01,January,1390.2,,2026-08-25 14:48:41.372731
CES6000000011,60000000,Professional and business services,60,S,11,avg_weekly_earnings,2021,M12,December,1381.39,,2026-08-25 14:48:41.372731
CES6000000011,60000000,Professional and business services,60,S,11,avg_weekly_earnings,2021,M11,November,1371.85,,2026-08-25 14:48:41.372731
CES6000000011,60000000,Professional and business services,60,S,11,avg_weekly_earnings,2021,M10,October,1369.28,,2026-08-25 14:48:41.372731
CES6000000011,60000000,Professional and business services,60,S,11,avg_weekly_earnings,2021,M09,September,1361.2,,2026-08-25 14:48:41.372731
CES6000000011,60000000,Professional and business services,60,S,11,avg_weekly_earnings,2021,M08,August,1350.17,,2026-08-25 14:48:41.372731
CES6000000011,60000000,Professional and business services,60,S,11,avg_weekly_earnings,2021,M07,July,1351.3,,2026-08-25 14:48:41.372731
CES6000000011,60000000,Professional and business services,60,S,11,avg_weekly_earnings,2021,M06,June,1339.93,,2026-08-25 14:48:41.372731
CES6000000011,60000000,Professional and business services,60,S,11,avg_weekly_earnings,2021,M05,May,1334.0,,2026-08-25 14:48:41.372731
CES6000000011,60000000,Professional and business services,60,S,11,avg_weekly_earnings,2021,M04,April,1320.83,,2026-08-25 14:48:41.372731
CES6000000011,60000000,Professional and business services,60,S,11,avg_weekly_earnings,2021,M03,March,1311.29,,2026-08-25 14:48:41.372731
CES6000000011,60000000,Professional and business services,60,S,11,avg_weekly_earnings,2021,M02,February,1303.12,,2026-08-25 14:48:41.372731
CES6000000011,60000000,Professional and business services,60,S,11,avg_weekly_earnings,2021,M01,January,1310.32,,2026-08-25 14:48:41.372731
CES6500000001,65000000,Private education and health services,65,S,01,all_employees_thousands,2026,M07,July,27962.0,P,2026-08-25 14:48:41.372731
CES6500000001,65000000,Private education and health services,65,S,01,all_employees_thousands,2026,M06,June,27937.0,P,2026-08-25 14:48:41.372731
CES6500000001,65000000,Private education and health services,65,S,01,all_employees_thousands,2026,M05,May,27883.0,,2026-08-25 14:48:41.372731
CES6500000001,65000000,Private education and health services,65,S,01,all_employees_thousands,2026,M04,April,27859.0,,2026-08-25 14:48:41.372731
CES6500000001,65000000,Private education and health services,65,S,01,all_employees_thousands,2026,M03,March,27792.0,,2026-08-25 14:48:41.372731
CES6500000001,65000000,Private education and health services,65,S,01,all_employees_thousands,2026,M02,February,27697.0,,2026-08-25 14:48:41.372731
CES6500000001,65000000,Private education and health services,65,S,01,all_employees_thousands,2026,M01,January,27746.0,,2026-08-25 14:48:41.372731
CES6500000001,65000000,Private education and health services,65,S,01,all_employees_thousands,2025,M12,December,27627.0,,2026-08-25 14:48:41.372731
CES6500000001,65000000,Private education and health services,65,S,01,all_employees_thousands,2025,M11,November,27589.0,,2026-08-25 14:48:41.372731
CES6500000001,65000000,Private education and health services,65,S,01,all_employees_thousands,2025,M10,October,27533.0,,2026-08-25 14:48:41.372731
CES6500000001,65000000,Private education and health services,65,S,01,all_employees_thousands,2025,M09,September,27489.0,,2026-08-25 14:48:41.372731
CES6500000001,65000000,Private education and health services,65,S,01,all_employees_thousands,2025,M08,August,27435.0,,2026-08-25 14:48:41.372731
CES6500000001,65000000,Private education and health services,65,S,01,all_employees_thousands,2025,M07,July,27412.0,,2026-08-25 14:48:41.372731
CES6500000001,65000000,Private education and health services,65,S,01,all_employees_thousands,2025,M06,June,27325.0,,2026-08-25 14:48:41.372731
CES6500000001,65000000,Private education and health services,65,S,01,all_employees_thousands,2025,M05,May,27276.0,,2026-08-25 14:48:41.372731
CES6500000001,65000000,Private education and health services,65,S,01,all_employees_thousands,2025,M04,April,27216.0,,2026-08-25 14:48:41.372731
CES6500000001,65000000,Private education and health services,65,S,01,all_employees_thousands,2025,M03,March,27132.0,,2026-08-25 14:48:41.372731
CES6500000001,65000000,Private education and health services,65,S,01,all_employees_thousands,2025,M02,February,27064.0,,2026-08-25 14:48:41.372731
CES6500000001,65000000,Private education and health services,65,S,01,all_employees_thousands,2025,M01,January,27006.0,,2026-08-25 14:48:41.372731
CES6500000001,65000000,Private education and health services,65,S,01,all_employees_thousands,2024,M12,December,26945.0,,2026-08-25 14:48:41.372731
CES6500000001,65000000,Private education and health services,65,S,01,all_employees_thousands,2024,M11,November,26870.0,,2026-08-25 14:48:41.372731
CES6500000001,65000000,Private education and health services,65,S,01,all_employees_thousands,2024,M10,October,26786.0,,2026-08-25 14:48:41.372731
CES6500000001,65000000,Private education and health services,65,S,01,all_employees_thousands,2024,M09,September,26691.0,,2026-08-25 14:48:41.372731
CES6500000001,65000000,Private education and health services,65,S,01,all_employees_thousands,2024,M08,August,26573.0,,2026-08-25 14:48:41.372731
CES6500000001,65000000,Private education and health services,65,S,01,all_employees_thousands,2024,M07,July,26515.0,,2026-08-25 14:48:41.372731
CES6500000001,65000000,Private education and health services,65,S,01,all_employees_thousands,2024,M06,June,26474.0,,2026-08-25 14:48:41.372731
CES6500000001,65000000,Private education and health services,65,S,01,all_employees_thousands,2024,M05,May,26383.0,,2026-08-25 14:48:41.372731
CES6500000001,65000000,Private education and health services,65,S,01,all_employees_thousands,2024,M04,April,26313.0,,2026-08-25 14:48:41.372731
CES6500000001,65000000,Private education and health services,65,S,01,all_employees_thousands,2024,M03,March,26225.0,,2026-08-25 14:48:41.372731
CES6500000001,65000000,Private education and health services,65,S,01,all_employees_thousands,2024,M02,February,26130.0,,2026-08-25 14:48:41.372731
CES6500000001,65000000,Private education and health services,65,S,01,all_employees_thousands,2024,M01,January,26033.0,,2026-08-25 14:48:41.372731
CES6500000001,65000000,Private education and health services,65,S,01,all_employees_thousands,2023,M12,December,25935.0,,2026-08-25 14:48:41.372731
CES6500000001,65000000,Private education and health services,65,S,01,all_employees_thousands,2023,M11,November,25853.0,,2026-08-25 14:48:41.372731
CES6500000001,65000000,Private education and health services,65,S,01,all_employees_thousands,2023,M10,October,25735.0,,2026-08-25 14:48:41.372731
CES6500000001,65000000,Private education and health services,65,S,01,all_employees_thousands,2023,M09,September,25641.0,,2026-08-25 14:48:41.372731
CES6500000001,65000000,Private education and health services,65,S,01,all_employees_thousands,2023,M08,August,25544.0,,2026-08-25 14:48:41.372731
CES6500000001,65000000,Private education and health services,65,S,01,all_employees_thousands,2023,M07,July,25435.0,,2026-08-25 14:48:41.372731
CES6500000001,65000000,Private education and health services,65,S,01,all_employees_thousands,2023,M06,June,25314.0,,2026-08-25 14:48:41.372731
CES6500000001,65000000,Private education and health services,65,S,01,all_employees_thousands,2023,M05,May,25221.0,,2026-08-25 14:48:41.372731
CES6500000001,65000000,Private education and health services,65,S,01,all_employees_thousands,2023,M04,April,25113.0,,2026-08-25 14:48:41.372731
CES6500000001,65000000,Private education and health services,65,S,01,all_employees_thousands,2023,M03,March,25033.0,,2026-08-25 14:48:41.372731
CES6500000001,65000000,Private education and health services,65,S,01,all_employees_thousands,2023,M02,February,24956.0,,2026-08-25 14:48:41.372731
CES6500000001,65000000,Private education and health services,65,S,01,all_employees_thousands,2023,M01,January,24883.0,,2026-08-25 14:48:41.372731
CES6500000001,65000000,Private education and health services,65,S,01,all_employees_thousands,2022,M12,December,24773.0,,2026-08-25 14:48:41.372731
CES6500000001,65000000,Private education and health services,65,S,01,all_employees_thousands,2022,M11,November,24729.0,,2026-08-25 14:48:41.372731
CES6500000001,65000000,Private education and health services,65,S,01,all_employees_thousands,2022,M10,October,24642.0,,2026-08-25 14:48:41.372731
CES6500000001,65000000,Private education and health services,65,S,01,all_employees_thousands,2022,M09,September,24552.0,,2026-08-25 14:48:41.372731
CES6500000001,65000000,Private education and health services,65,S,01,all_employees_thousands,2022,M08,August,24468.0,,2026-08-25 14:48:41.372731
CES6500000001,65000000,Private education and health services,65,S,01,all_employees_thousands,2022,M07,July,24395.0,,2026-08-25 14:48:41.372731
CES6500000001,65000000,Private education and health services,65,S,01,all_employees_thousands,2022,M06,June,24267.0,,2026-08-25 14:48:41.372731
CES6500000001,65000000,Private education and health services,65,S,01,all_employees_thousands,2022,M05,May,24176.0,,2026-08-25 14:48:41.372731
CES6500000001,65000000,Private education and health services,65,S,01,all_employees_thousands,2022,M04,April,24117.0,,2026-08-25 14:48:41.372731
CES6500000001,65000000,Private education and health services,65,S,01,all_employees_thousands,2022,M03,March,24057.0,,2026-08-25 14:48:41.372731
CES6500000001,65000000,Private education and health services,65,S,01,all_employees_thousands,2022,M02,February,23984.0,,2026-08-25 14:48:41.372731
CES6500000001,65000000,Private education and health services,65,S,01,all_employees_thousands,2022,M01,January,23869.0,,2026-08-25 14:48:41.372731
CES6500000001,65000000,Private education and health services,65,S,01,all_employees_thousands,2021,M12,December,23886.0,,2026-08-25 14:48:41.372731
CES6500000001,65000000,Private education and health services,65,S,01,all_employees_thousands,2021,M11,November,23845.0,,2026-08-25 14:48:41.372731
CES6500000001,65000000,Private education and health services,65,S,01,all_employees_thousands,2021,M10,October,23800.0,,2026-08-25 14:48:41.372731
CES6500000001,65000000,Private education and health services,65,S,01,all_employees_thousands,2021,M09,September,23705.0,,2026-08-25 14:48:41.372731
CES6500000001,65000000,Private education and health services,65,S,01,all_employees_thousands,2021,M08,August,23708.0,,2026-08-25 14:48:41.372731
CES6500000001,65000000,Private education and health services,65,S,01,all_employees_thousands,2021,M07,July,23684.0,,2026-08-25 14:48:41.372731
CES6500000001,65000000,Private education and health services,65,S,01,all_employees_thousands,2021,M06,June,23642.0,,2026-08-25 14:48:41.372731
CES6500000001,65000000,Private education and health services,65,S,01,all_employees_thousands,2021,M05,May,23616.0,,2026-08-25 14:48:41.372731
CES6500000001,65000000,Private education and health services,65,S,01,all_employees_thousands,2021,M04,April,23584.0,,2026-08-25 14:48:41.372731
CES6500000001,65000000,Private education and health services,65,S,01,all_employees_thousands,2021,M03,March,23536.0,,2026-08-25 14:48:41.372731
CES6500000001,65000000,Private education and health services,65,S,01,all_employees_thousands,2021,M02,February,23413.0,,2026-08-25 14:48:41.372731
CES6500000001,65000000,Private education and health services,65,S,01,all_employees_thousands,2021,M01,January,23362.0,,2026-08-25 14:48:41.372731
CES6500000002,65000000,Private education and health services,65,S,02,avg_weekly_hours,2026,M07,July,32.8,P,2026-08-25 14:48:41.372731
CES6500000002,65000000,Private education and health services,65,S,02,avg_weekly_hours,2026,M06,June,32.7,P,2026-08-25 14:48:41.372731
CES6500000002,65000000,Private education and health services,65,S,02,avg_weekly_hours,2026,M05,May,32.6,,2026-08-25 14:48:41.372731
CES6500000002,65000000,Private education and health services,65,S,02,avg_weekly_hours,2026,M04,April,32.6,,2026-08-25 14:48:41.372731
CES6500000002,65000000,Private education and health services,65,S,02,avg_weekly_hours,2026,M03,March,32.4,,2026-08-25 14:48:41.372731
CES6500000002,65000000,Private education and health services,65,S,02,avg_weekly_hours,2026,M02,February,32.6,,2026-08-25 14:48:41.372731
CES6500000002,65000000,Private education and health services,65,S,02,avg_weekly_hours,2026,M01,January,32.7,,2026-08-25 14:48:41.372731
CES6500000002,65000000,Private education and health services,65,S,02,avg_weekly_hours,2025,M12,December,32.6,,2026-08-25 14:48:41.372731
CES6500000002,65000000,Private education and health services,65,S,02,avg_weekly_hours,2025,M11,November,32.7,,2026-08-25 14:48:41.372731
CES6500000002,65000000,Private education and health services,65,S,02,avg_weekly_hours,2025,M10,October,32.7,,2026-08-25 14:48:41.372731
CES6500000002,65000000,Private education and health services,65,S,02,avg_weekly_hours,2025,M09,September,32.7,,2026-08-25 14:48:41.372731
CES6500000002,65000000,Private education and health services,65,S,02,avg_weekly_hours,2025,M08,August,32.7,,2026-08-25 14:48:41.372731
CES6500000002,65000000,Private education and health services,65,S,02,avg_weekly_hours,2025,M07,July,32.7,,2026-08-25 14:48:41.372731
CES6500000002,65000000,Private education and health services,65,S,02,avg_weekly_hours,2025,M06,June,32.7,,2026-08-25 14:48:41.372731
CES6500000002,65000000,Private education and health services,65,S,02,avg_weekly_hours,2025,M05,May,32.7,,2026-08-25 14:48:41.372731
CES6500000002,65000000,Private education and health services,65,S,02,avg_weekly_hours,2025,M04,April,32.8,,2026-08-25 14:48:41.372731
CES6500000002,65000000,Private education and health services,65,S,02,avg_weekly_hours,2025,M03,March,32.6,,2026-08-25 14:48:41.372731
CES6500000002,65000000,Private education and health services,65,S,02,avg_weekly_hours,2025,M02,February,32.7,,2026-08-25 14:48:41.372731
CES6500000002,65000000,Private education and health services,65,S,02,avg_weekly_hours,2025,M01,January,32.8,,2026-08-25 14:48:41.372731
CES6500000002,65000000,Private education and health services,65,S,02,avg_weekly_hours,2024,M12,December,32.9,,2026-08-25 14:48:41.372731
CES6500000002,65000000,Private education and health services,65,S,02,avg_weekly_hours,2024,M11,November,33.0,,2026-08-25 14:48:41.372731
CES6500000002,65000000,Private education and health services,65,S,02,avg_weekly_hours,2024,M10,October,33.0,,2026-08-25 14:48:41.372731
CES6500000002,65000000,Private education and health services,65,S,02,avg_weekly_hours,2024,M09,September,33.0,,2026-08-25 14:48:41.372731
CES6500000002,65000000,Private education and health services,65,S,02,avg_weekly_hours,2024,M08,August,33.1,,2026-08-25 14:48:41.372731
CES6500000002,65000000,Private education and health services,65,S,02,avg_weekly_hours,2024,M07,July,33.0,,2026-08-25 14:48:41.372731
CES6500000002,65000000,Private education and health services,65,S,02,avg_weekly_hours,2024,M06,June,33.0,,2026-08-25 14:48:41.372731
CES6500000002,65000000,Private education and health services,65,S,02,avg_weekly_hours,2024,M05,May,33.1,,2026-08-25 14:48:41.372731
CES6500000002,65000000,Private education and health services,65,S,02,avg_weekly_hours,2024,M04,April,33.1,,2026-08-25 14:48:41.372731
CES6500000002,65000000,Private education and health services,65,S,02,avg_weekly_hours,2024,M03,March,33.2,,2026-08-25 14:48:41.372731
CES6500000002,65000000,Private education and health services,65,S,02,avg_weekly_hours,2024,M02,February,33.3,,2026-08-25 14:48:41.372731
CES6500000002,65000000,Private education and health services,65,S,02,avg_weekly_hours,2024,M01,January,33.2,,2026-08-25 14:48:41.372731
CES6500000002,65000000,Private education and health services,65,S,02,avg_weekly_hours,2023,M12,December,33.3,,2026-08-25 14:48:41.372731
CES6500000002,65000000,Private education and health services,65,S,02,avg_weekly_hours,2023,M11,November,33.2,,2026-08-25 14:48:41.372731
CES6500000002,65000000,Private education and health services,65,S,02,avg_weekly_hours,2023,M10,October,33.2,,2026-08-25 14:48:41.372731
CES6500000002,65000000,Private education and health services,65,S,02,avg_weekly_hours,2023,M09,September,33.3,,2026-08-25 14:48:41.372731
CES6500000002,65000000,Private education and health services,65,S,02,avg_weekly_hours,2023,M08,August,33.4,,2026-08-25 14:48:41.372731
CES6500000002,65000000,Private education and health services,65,S,02,avg_weekly_hours,2023,M07,July,33.3,,2026-08-25 14:48:41.372731
CES6500000002,65000000,Private education and health services,65,S,02,avg_weekly_hours,2023,M06,June,33.3,,2026-08-25 14:48:41.372731
CES6500000002,65000000,Private education and health services,65,S,02,avg_weekly_hours,2023,M05,May,33.3,,2026-08-25 14:48:41.372731
CES6500000002,65000000,Private education and health services,65,S,02,avg_weekly_hours,2023,M04,April,33.3,,2026-08-25 14:48:41.372731
CES6500000002,65000000,Private education and health services,65,S,02,avg_weekly_hours,2023,M03,March,33.3,,2026-08-25 14:48:41.372731
CES6500000002,65000000,Private education and health services,65,S,02,avg_weekly_hours,2023,M02,February,33.3,,2026-08-25 14:48:41.372731
CES6500000002,65000000,Private education and health services,65,S,02,avg_weekly_hours,2023,M01,January,33.5,,2026-08-25 14:48:41.372731
CES6500000002,65000000,Private education and health services,65,S,02,avg_weekly_hours,2022,M12,December,33.4,,2026-08-25 14:48:41.372731
CES6500000002,65000000,Private education and health services,65,S,02,avg_weekly_hours,2022,M11,November,33.4,,2026-08-25 14:48:41.372731
CES6500000002,65000000,Private education and health services,65,S,02,avg_weekly_hours,2022,M10,October,33.4,,2026-08-25 14:48:41.372731
CES6500000002,65000000,Private education and health services,65,S,02,avg_weekly_hours,2022,M09,September,33.5,,2026-08-25 14:48:41.372731
CES6500000002,65000000,Private education and health services,65,S,02,avg_weekly_hours,2022,M08,August,33.4,,2026-08-25 14:48:41.372731
CES6500000002,65000000,Private education and health services,65,S,02,avg_weekly_hours,2022,M07,July,33.4,,2026-08-25 14:48:41.372731
CES6500000002,65000000,Private education and health services,65,S,02,avg_weekly_hours,2022,M06,June,33.5,,2026-08-25 14:48:41.372731
CES6500000002,65000000,Private education and health services,65,S,02,avg_weekly_hours,2022,M05,May,33.5,,2026-08-25 14:48:41.372731
CES6500000002,65000000,Private education and health services,65,S,02,avg_weekly_hours,2022,M04,April,33.5,,2026-08-25 14:48:41.372731
CES6500000002,65000000,Private education and health services,65,S,02,avg_weekly_hours,2022,M03,March,33.5,,2026-08-25 14:48:41.372731
CES6500000002,65000000,Private education and health services,65,S,02,avg_weekly_hours,2022,M02,February,33.4,,2026-08-25 14:48:41.372731
CES6500000002,65000000,Private education and health services,65,S,02,avg_weekly_hours,2022,M01,January,33.4,,2026-08-25 14:48:41.372731
CES6500000002,65000000,Private education and health services,65,S,02,avg_weekly_hours,2021,M12,December,33.5,,2026-08-25 14:48:41.372731
CES6500000002,65000000,Private education and health services,65,S,02,avg_weekly_hours,2021,M11,November,33.4,,2026-08-25 14:48:41.372731
CES6500000002,65000000,Private education and health services,65,S,02,avg_weekly_hours,2021,M10,October,33.4,,2026-08-25 14:48:41.372731
CES6500000002,65000000,Private education and health services,65,S,02,avg_weekly_hours,2021,M09,September,33.4,,2026-08-25 14:48:41.372731
CES6500000002,65000000,Private education and health services,65,S,02,avg_weekly_hours,2021,M08,August,33.4,,2026-08-25 14:48:41.372731
CES6500000002,65000000,Private education and health services,65,S,02,avg_weekly_hours,2021,M07,July,33.4,,2026-08-25 14:48:41.372731
CES6500000002,65000000,Private education and health services,65,S,02,avg_weekly_hours,2021,M06,June,33.4,,2026-08-25 14:48:41.372731
CES6500000002,65000000,Private education and health services,65,S,02,avg_weekly_hours,2021,M05,May,33.4,,2026-08-25 14:48:41.372731
CES6500000002,65000000,Private education and health services,65,S,02,avg_weekly_hours,2021,M04,April,33.3,,2026-08-25 14:48:41.372731
CES6500000002,65000000,Private education and health services,65,S,02,avg_weekly_hours,2021,M03,March,33.5,,2026-08-25 14:48:41.372731
CES6500000002,65000000,Private education and health services,65,S,02,avg_weekly_hours,2021,M02,February,33.2,,2026-08-25 14:48:41.372731
CES6500000002,65000000,Private education and health services,65,S,02,avg_weekly_hours,2021,M01,January,33.7,,2026-08-25 14:48:41.372731
CES6500000003,65000000,Private education and health services,65,S,03,avg_hourly_earnings,2026,M07,July,36.18,P,2026-08-25 14:48:41.372731
CES6500000003,65000000,Private education and health services,65,S,03,avg_hourly_earnings,2026,M06,June,36.23,P,2026-08-25 14:48:41.372731
CES6500000003,65000000,Private education and health services,65,S,03,avg_hourly_earnings,2026,M05,May,36.23,,2026-08-25 14:48:41.372731
CES6500000003,65000000,Private education and health services,65,S,03,avg_hourly_earnings,2026,M04,April,36.23,,2026-08-25 14:48:41.372731
CES6500000003,65000000,Private education and health services,65,S,03,avg_hourly_earnings,2026,M03,March,36.18,,2026-08-25 14:48:41.372731
CES6500000003,65000000,Private education and health services,65,S,03,avg_hourly_earnings,2026,M02,February,36.21,,2026-08-25 14:48:41.372731
CES6500000003,65000000,Private education and health services,65,S,03,avg_hourly_earnings,2026,M01,January,36.13,,2026-08-25 14:48:41.372731
CES6500000003,65000000,Private education and health services,65,S,03,avg_hourly_earnings,2025,M12,December,35.95,,2026-08-25 14:48:41.372731
CES6500000003,65000000,Private education and health services,65,S,03,avg_hourly_earnings,2025,M11,November,36.12,,2026-08-25 14:48:41.372731
CES6500000003,65000000,Private education and health services,65,S,03,avg_hourly_earnings,2025,M10,October,35.95,,2026-08-25 14:48:41.372731
CES6500000003,65000000,Private education and health services,65,S,03,avg_hourly_earnings,2025,M09,September,35.69,,2026-08-25 14:48:41.372731
CES6500000003,65000000,Private education and health services,65,S,03,avg_hourly_earnings,2025,M08,August,35.75,,2026-08-25 14:48:41.372731
CES6500000003,65000000,Private education and health services,65,S,03,avg_hourly_earnings,2025,M07,July,35.58,,2026-08-25 14:48:41.372731
CES6500000003,65000000,Private education and health services,65,S,03,avg_hourly_earnings,2025,M06,June,35.49,,2026-08-25 14:48:41.372731
CES6500000003,65000000,Private education and health services,65,S,03,avg_hourly_earnings,2025,M05,May,35.5,,2026-08-25 14:48:41.372731
CES6500000003,65000000,Private education and health services,65,S,03,avg_hourly_earnings,2025,M04,April,35.33,,2026-08-25 14:48:41.372731
CES6500000003,65000000,Private education and health services,65,S,03,avg_hourly_earnings,2025,M03,March,35.34,,2026-08-25 14:48:41.372731
CES6500000003,65000000,Private education and health services,65,S,03,avg_hourly_earnings,2025,M02,February,35.25,,2026-08-25 14:48:41.372731
CES6500000003,65000000,Private education and health services,65,S,03,avg_hourly_earnings,2025,M01,January,35.15,,2026-08-25 14:48:41.372731
CES6500000003,65000000,Private education and health services,65,S,03,avg_hourly_earnings,2024,M12,December,35.01,,2026-08-25 14:48:41.372731
CES6500000003,65000000,Private education and health services,65,S,03,avg_hourly_earnings,2024,M11,November,34.87,,2026-08-25 14:48:41.372731
CES6500000003,65000000,Private education and health services,65,S,03,avg_hourly_earnings,2024,M10,October,34.72,,2026-08-25 14:48:41.372731
CES6500000003,65000000,Private education and health services,65,S,03,avg_hourly_earnings,2024,M09,September,34.66,,2026-08-25 14:48:41.372731
CES6500000003,65000000,Private education and health services,65,S,03,avg_hourly_earnings,2024,M08,August,34.51,,2026-08-25 14:48:41.372731
CES6500000003,65000000,Private education and health services,65,S,03,avg_hourly_earnings,2024,M07,July,34.41,,2026-08-25 14:48:41.372731
CES6500000003,65000000,Private education and health services,65,S,03,avg_hourly_earnings,2024,M06,June,34.32,,2026-08-25 14:48:41.372731
CES6500000003,65000000,Private education and health services,65,S,03,avg_hourly_earnings,2024,M05,May,34.16,,2026-08-25 14:48:41.372731
CES6500000003,65000000,Private education and health services,65,S,03,avg_hourly_earnings,2024,M04,April,34.04,,2026-08-25 14:48:41.372731
CES6500000003,65000000,Private education and health services,65,S,03,avg_hourly_earnings,2024,M03,March,33.93,,2026-08-25 14:48:41.372731
CES6500000003,65000000,Private education and health services,65,S,03,avg_hourly_earnings,2024,M02,February,33.77,,2026-08-25 14:48:41.372731
CES6500000003,65000000,Private education and health services,65,S,03,avg_hourly_earnings,2024,M01,January,33.72,,2026-08-25 14:48:41.372731
CES6500000003,65000000,Private education and health services,65,S,03,avg_hourly_earnings,2023,M12,December,33.56,,2026-08-25 14:48:41.372731
CES6500000003,65000000,Private education and health services,65,S,03,avg_hourly_earnings,2023,M11,November,33.51,,2026-08-25 14:48:41.372731
CES6500000003,65000000,Private education and health services,65,S,03,avg_hourly_earnings,2023,M10,October,33.51,,2026-08-25 14:48:41.372731
CES6500000003,65000000,Private education and health services,65,S,03,avg_hourly_earnings,2023,M09,September,33.44,,2026-08-25 14:48:41.372731
CES6500000003,65000000,Private education and health services,65,S,03,avg_hourly_earnings,2023,M08,August,33.29,,2026-08-25 14:48:41.372731
CES6500000003,65000000,Private education and health services,65,S,03,avg_hourly_earnings,2023,M07,July,33.23,,2026-08-25 14:48:41.372731
CES6500000003,65000000,Private education and health services,65,S,03,avg_hourly_earnings,2023,M06,June,33.1,,2026-08-25 14:48:41.372731
CES6500000003,65000000,Private education and health services,65,S,03,avg_hourly_earnings,2023,M05,May,32.99,,2026-08-25 14:48:41.372731
CES6500000003,65000000,Private education and health services,65,S,03,avg_hourly_earnings,2023,M04,April,32.93,,2026-08-25 14:48:41.372731
CES6500000003,65000000,Private education and health services,65,S,03,avg_hourly_earnings,2023,M03,March,32.84,,2026-08-25 14:48:41.372731
CES6500000003,65000000,Private education and health services,65,S,03,avg_hourly_earnings,2023,M02,February,32.66,,2026-08-25 14:48:41.372731
CES6500000003,65000000,Private education and health services,65,S,03,avg_hourly_earnings,2023,M01,January,32.63,,2026-08-25 14:48:41.372731
CES6500000003,65000000,Private education and health services,65,S,03,avg_hourly_earnings,2022,M12,December,32.57,,2026-08-25 14:48:41.372731
CES6500000003,65000000,Private education and health services,65,S,03,avg_hourly_earnings,2022,M11,November,32.45,,2026-08-25 14:48:41.372731
CES6500000003,65000000,Private education and health services,65,S,03,avg_hourly_earnings,2022,M10,October,32.28,,2026-08-25 14:48:41.372731
CES6500000003,65000000,Private education and health services,65,S,03,avg_hourly_earnings,2022,M09,September,32.11,,2026-08-25 14:48:41.372731
CES6500000003,65000000,Private education and health services,65,S,03,avg_hourly_earnings,2022,M08,August,32.1,,2026-08-25 14:48:41.372731
CES6500000003,65000000,Private education and health services,65,S,03,avg_hourly_earnings,2022,M07,July,32.02,,2026-08-25 14:48:41.372731
CES6500000003,65000000,Private education and health services,65,S,03,avg_hourly_earnings,2022,M06,June,31.83,,2026-08-25 14:48:41.372731
CES6500000003,65000000,Private education and health services,65,S,03,avg_hourly_earnings,2022,M05,May,31.66,,2026-08-25 14:48:41.372731
CES6500000003,65000000,Private education and health services,65,S,03,avg_hourly_earnings,2022,M04,April,31.53,,2026-08-25 14:48:41.372731
CES6500000003,65000000,Private education and health services,65,S,03,avg_hourly_earnings,2022,M03,March,31.41,,2026-08-25 14:48:41.372731
CES6500000003,65000000,Private education and health services,65,S,03,avg_hourly_earnings,2022,M02,February,31.33,,2026-08-25 14:48:41.372731
CES6500000003,65000000,Private education and health services,65,S,03,avg_hourly_earnings,2022,M01,January,31.27,,2026-08-25 14:48:41.372731
CES6500000003,65000000,Private education and health services,65,S,03,avg_hourly_earnings,2021,M12,December,31.03,,2026-08-25 14:48:41.372731
CES6500000003,65000000,Private education and health services,65,S,03,avg_hourly_earnings,2021,M11,November,30.85,,2026-08-25 14:48:41.372731
CES6500000003,65000000,Private education and health services,65,S,03,avg_hourly_earnings,2021,M10,October,30.71,,2026-08-25 14:48:41.372731
CES6500000003,65000000,Private education and health services,65,S,03,avg_hourly_earnings,2021,M09,September,30.56,,2026-08-25 14:48:41.372731
CES6500000003,65000000,Private education and health services,65,S,03,avg_hourly_earnings,2021,M08,August,30.14,,2026-08-25 14:48:41.372731
CES6500000003,65000000,Private education and health services,65,S,03,avg_hourly_earnings,2021,M07,July,30.0,,2026-08-25 14:48:41.372731
CES6500000003,65000000,Private education and health services,65,S,03,avg_hourly_earnings,2021,M06,June,29.85,,2026-08-25 14:48:41.372731
CES6500000003,65000000,Private education and health services,65,S,03,avg_hourly_earnings,2021,M05,May,29.74,,2026-08-25 14:48:41.372731
CES6500000003,65000000,Private education and health services,65,S,03,avg_hourly_earnings,2021,M04,April,29.65,,2026-08-25 14:48:41.372731
CES6500000003,65000000,Private education and health services,65,S,03,avg_hourly_earnings,2021,M03,March,29.43,,2026-08-25 14:48:41.372731
CES6500000003,65000000,Private education and health services,65,S,03,avg_hourly_earnings,2021,M02,February,29.42,,2026-08-25 14:48:41.372731
CES6500000003,65000000,Private education and health services,65,S,03,avg_hourly_earnings,2021,M01,January,29.32,,2026-08-25 14:48:41.372731
CES6500000011,65000000,Private education and health services,65,S,11,avg_weekly_earnings,2026,M07,July,1186.7,P,2026-08-25 14:48:41.372731
CES6500000011,65000000,Private education and health services,65,S,11,avg_weekly_earnings,2026,M06,June,1184.72,P,2026-08-25 14:48:41.372731
CES6500000011,65000000,Private education and health services,65,S,11,avg_weekly_earnings,2026,M05,May,1181.1,,2026-08-25 14:48:41.372731
CES6500000011,65000000,Private education and health services,65,S,11,avg_weekly_earnings,2026,M04,April,1181.1,,2026-08-25 14:48:41.372731
CES6500000011,65000000,Private education and health services,65,S,11,avg_weekly_earnings,2026,M03,March,1172.23,,2026-08-25 14:48:41.372731
CES6500000011,65000000,Private education and health services,65,S,11,avg_weekly_earnings,2026,M02,February,1180.45,,2026-08-25 14:48:41.372731
CES6500000011,65000000,Private education and health services,65,S,11,avg_weekly_earnings,2026,M01,January,1181.45,,2026-08-25 14:48:41.372731
CES6500000011,65000000,Private education and health services,65,S,11,avg_weekly_earnings,2025,M12,December,1171.97,,2026-08-25 14:48:41.372731
CES6500000011,65000000,Private education and health services,65,S,11,avg_weekly_earnings,2025,M11,November,1181.12,,2026-08-25 14:48:41.372731
CES6500000011,65000000,Private education and health services,65,S,11,avg_weekly_earnings,2025,M10,October,1175.57,,2026-08-25 14:48:41.372731
CES6500000011,65000000,Private education and health services,65,S,11,avg_weekly_earnings,2025,M09,September,1167.06,,2026-08-25 14:48:41.372731
CES6500000011,65000000,Private education and health services,65,S,11,avg_weekly_earnings,2025,M08,August,1169.03,,2026-08-25 14:48:41.372731
CES6500000011,65000000,Private education and health services,65,S,11,avg_weekly_earnings,2025,M07,July,1163.47,,2026-08-25 14:48:41.372731
CES6500000011,65000000,Private education and health services,65,S,11,avg_weekly_earnings,2025,M06,June,1160.52,,2026-08-25 14:48:41.372731
CES6500000011,65000000,Private education and health services,65,S,11,avg_weekly_earnings,2025,M05,May,1160.85,,2026-08-25 14:48:41.372731
CES6500000011,65000000,Private education and health services,65,S,11,avg_weekly_earnings,2025,M04,April,1158.82,,2026-08-25 14:48:41.372731
CES6500000011,65000000,Private education and health services,65,S,11,avg_weekly_earnings,2025,M03,March,1152.08,,2026-08-25 14:48:41.372731
CES6500000011,65000000,Private education and health services,65,S,11,avg_weekly_earnings,2025,M02,February,1152.68,,2026-08-25 14:48:41.372731
CES6500000011,65000000,Private education and health services,65,S,11,avg_weekly_earnings,2025,M01,January,1152.92,,2026-08-25 14:48:41.372731
CES6500000011,65000000,Private education and health services,65,S,11,avg_weekly_earnings,2024,M12,December,1151.83,,2026-08-25 14:48:41.372731
CES6500000011,65000000,Private education and health services,65,S,11,avg_weekly_earnings,2024,M11,November,1150.71,,2026-08-25 14:48:41.372731
CES6500000011,65000000,Private education and health services,65,S,11,avg_weekly_earnings,2024,M10,October,1145.76,,2026-08-25 14:48:41.372731
CES6500000011,65000000,Private education and health services,65,S,11,avg_weekly_earnings,2024,M09,September,1143.78,,2026-08-25 14:48:41.372731
CES6500000011,65000000,Private education and health services,65,S,11,avg_weekly_earnings,2024,M08,August,1142.28,,2026-08-25 14:48:41.372731
CES6500000011,65000000,Private education and health services,65,S,11,avg_weekly_earnings,2024,M07,July,1135.53,,2026-08-25 14:48:41.372731
CES6500000011,65000000,Private education and health services,65,S,11,avg_weekly_earnings,2024,M06,June,1132.56,,2026-08-25 14:48:41.372731
CES6500000011,65000000,Private education and health services,65,S,11,avg_weekly_earnings,2024,M05,May,1130.7,,2026-08-25 14:48:41.372731
CES6500000011,65000000,Private education and health services,65,S,11,avg_weekly_earnings,2024,M04,April,1126.72,,2026-08-25 14:48:41.372731
CES6500000011,65000000,Private education and health services,65,S,11,avg_weekly_earnings,2024,M03,March,1126.48,,2026-08-25 14:48:41.372731
CES6500000011,65000000,Private education and health services,65,S,11,avg_weekly_earnings,2024,M02,February,1124.54,,2026-08-25 14:48:41.372731
CES6500000011,65000000,Private education and health services,65,S,11,avg_weekly_earnings,2024,M01,January,1119.5,,2026-08-25 14:48:41.372731
CES6500000011,65000000,Private education and health services,65,S,11,avg_weekly_earnings,2023,M12,December,1117.55,,2026-08-25 14:48:41.372731
CES6500000011,65000000,Private education and health services,65,S,11,avg_weekly_earnings,2023,M11,November,1112.53,,2026-08-25 14:48:41.372731
CES6500000011,65000000,Private education and health services,65,S,11,avg_weekly_earnings,2023,M10,October,1112.53,,2026-08-25 14:48:41.372731
CES6500000011,65000000,Private education and health services,65,S,11,avg_weekly_earnings,2023,M09,September,1113.55,,2026-08-25 14:48:41.372731
CES6500000011,65000000,Private education and health services,65,S,11,avg_weekly_earnings,2023,M08,August,1111.89,,2026-08-25 14:48:41.372731
CES6500000011,65000000,Private education and health services,65,S,11,avg_weekly_earnings,2023,M07,July,1106.56,,2026-08-25 14:48:41.372731
CES6500000011,65000000,Private education and health services,65,S,11,avg_weekly_earnings,2023,M06,June,1102.23,,2026-08-25 14:48:41.372731
CES6500000011,65000000,Private education and health services,65,S,11,avg_weekly_earnings,2023,M05,May,1098.57,,2026-08-25 14:48:41.372731
CES6500000011,65000000,Private education and health services,65,S,11,avg_weekly_earnings,2023,M04,April,1096.57,,2026-08-25 14:48:41.372731
CES6500000011,65000000,Private education and health services,65,S,11,avg_weekly_earnings,2023,M03,March,1093.57,,2026-08-25 14:48:41.372731
CES6500000011,65000000,Private education and health services,65,S,11,avg_weekly_earnings,2023,M02,February,1087.58,,2026-08-25 14:48:41.372731
CES6500000011,65000000,Private education and health services,65,S,11,avg_weekly_earnings,2023,M01,January,1093.11,,2026-08-25 14:48:41.372731
CES6500000011,65000000,Private education and health services,65,S,11,avg_weekly_earnings,2022,M12,December,1087.84,,2026-08-25 14:48:41.372731
CES6500000011,65000000,Private education and health services,65,S,11,avg_weekly_earnings,2022,M11,November,1083.83,,2026-08-25 14:48:41.372731
CES6500000011,65000000,Private education and health services,65,S,11,avg_weekly_earnings,2022,M10,October,1078.15,,2026-08-25 14:48:41.372731
CES6500000011,65000000,Private education and health services,65,S,11,avg_weekly_earnings,2022,M09,September,1075.69,,2026-08-25 14:48:41.372731
CES6500000011,65000000,Private education and health services,65,S,11,avg_weekly_earnings,2022,M08,August,1072.14,,2026-08-25 14:48:41.372731
CES6500000011,65000000,Private education and health services,65,S,11,avg_weekly_earnings,2022,M07,July,1069.47,,2026-08-25 14:48:41.372731
CES6500000011,65000000,Private education and health services,65,S,11,avg_weekly_earnings,2022,M06,June,1066.31,,2026-08-25 14:48:41.372731
CES6500000011,65000000,Private education and health services,65,S,11,avg_weekly_earnings,2022,M05,May,1060.61,,2026-08-25 14:48:41.372731
CES6500000011,65000000,Private education and health services,65,S,11,avg_weekly_earnings,2022,M04,April,1056.26,,2026-08-25 14:48:41.372731
CES6500000011,65000000,Private education and health services,65,S,11,avg_weekly_earnings,2022,M03,March,1052.24,,2026-08-25 14:48:41.372731
CES6500000011,65000000,Private education and health services,65,S,11,avg_weekly_earnings,2022,M02,February,1046.42,,2026-08-25 14:48:41.372731
CES6500000011,65000000,Private education and health services,65,S,11,avg_weekly_earnings,2022,M01,January,1044.42,,2026-08-25 14:48:41.372731
CES6500000011,65000000,Private education and health services,65,S,11,avg_weekly_earnings,2021,M12,December,1039.51,,2026-08-25 14:48:41.372731
CES6500000011,65000000,Private education and health services,65,S,11,avg_weekly_earnings,2021,M11,November,1030.39,,2026-08-25 14:48:41.372731
CES6500000011,65000000,Private education and health services,65,S,11,avg_weekly_earnings,2021,M10,October,1025.71,,2026-08-25 14:48:41.372731
CES6500000011,65000000,Private education and health services,65,S,11,avg_weekly_earnings,2021,M09,September,1020.7,,2026-08-25 14:48:41.372731
CES6500000011,65000000,Private education and health services,65,S,11,avg_weekly_earnings,2021,M08,August,1006.68,,2026-08-25 14:48:41.372731
CES6500000011,65000000,Private education and health services,65,S,11,avg_weekly_earnings,2021,M07,July,1002.0,,2026-08-25 14:48:41.372731
CES6500000011,65000000,Private education and health services,65,S,11,avg_weekly_earnings,2021,M06,June,996.99,,2026-08-25 14:48:41.372731
CES6500000011,65000000,Private education and health services,65,S,11,avg_weekly_earnings,2021,M05,May,993.32,,2026-08-25 14:48:41.372731
CES6500000011,65000000,Private education and health services,65,S,11,avg_weekly_earnings,2021,M04,April,987.35,,2026-08-25 14:48:41.372731
CES6500000011,65000000,Private education and health services,65,S,11,avg_weekly_earnings,2021,M03,March,985.91,,2026-08-25 14:48:41.372731
CES6500000011,65000000,Private education and health services,65,S,11,avg_weekly_earnings,2021,M02,February,976.74,,2026-08-25 14:48:41.372731
CES6500000011,65000000,Private education and health services,65,S,11,avg_weekly_earnings,2021,M01,January,988.08,,2026-08-25 14:48:41.372731
CES7000000001,70000000,Leisure and hospitality,70,S,01,all_employees_thousands,2026,M07,July,16931.0,P,2026-08-25 14:48:41.372731
CES7000000001,70000000,Leisure and hospitality,70,S,01,all_employees_thousands,2026,M06,June,16971.0,P,2026-08-25 14:48:41.372731
CES7000000001,70000000,Leisure and hospitality,70,S,01,all_employees_thousands,2026,M05,May,17014.0,,2026-08-25 14:48:41.372731
CES7000000001,70000000,Leisure and hospitality,70,S,01,all_employees_thousands,2026,M04,April,16972.0,,2026-08-25 14:48:41.372731
CES7000000001,70000000,Leisure and hospitality,70,S,01,all_employees_thousands,2026,M03,March,16979.0,,2026-08-25 14:48:41.372731
CES7000000001,70000000,Leisure and hospitality,70,S,01,all_employees_thousands,2026,M02,February,16935.0,,2026-08-25 14:48:41.372731
CES7000000001,70000000,Leisure and hospitality,70,S,01,all_employees_thousands,2026,M01,January,16966.0,,2026-08-25 14:48:41.372731
CES7000000001,70000000,Leisure and hospitality,70,S,01,all_employees_thousands,2025,M12,December,16961.0,,2026-08-25 14:48:41.372731
CES7000000001,70000000,Leisure and hospitality,70,S,01,all_employees_thousands,2025,M11,November,16936.0,,2026-08-25 14:48:41.372731
CES7000000001,70000000,Leisure and hospitality,70,S,01,all_employees_thousands,2025,M10,October,16948.0,,2026-08-25 14:48:41.372731
CES7000000001,70000000,Leisure and hospitality,70,S,01,all_employees_thousands,2025,M09,September,16907.0,,2026-08-25 14:48:41.372731
CES7000000001,70000000,Leisure and hospitality,70,S,01,all_employees_thousands,2025,M08,August,16870.0,,2026-08-25 14:48:41.372731
CES7000000001,70000000,Leisure and hospitality,70,S,01,all_employees_thousands,2025,M07,July,16848.0,,2026-08-25 14:48:41.372731
CES7000000001,70000000,Leisure and hospitality,70,S,01,all_employees_thousands,2025,M06,June,16837.0,,2026-08-25 14:48:41.372731
CES7000000001,70000000,Leisure and hospitality,70,S,01,all_employees_thousands,2025,M05,May,16839.0,,2026-08-25 14:48:41.372731
CES7000000001,70000000,Leisure and hospitality,70,S,01,all_employees_thousands,2025,M04,April,16836.0,,2026-08-25 14:48:41.372731
CES7000000001,70000000,Leisure and hospitality,70,S,01,all_employees_thousands,2025,M03,March,16823.0,,2026-08-25 14:48:41.372731
CES7000000001,70000000,Leisure and hospitality,70,S,01,all_employees_thousands,2025,M02,February,16796.0,,2026-08-25 14:48:41.372731
CES7000000001,70000000,Leisure and hospitality,70,S,01,all_employees_thousands,2025,M01,January,16832.0,,2026-08-25 14:48:41.372731
CES7000000001,70000000,Leisure and hospitality,70,S,01,all_employees_thousands,2024,M12,December,16862.0,,2026-08-25 14:48:41.372731
CES7000000001,70000000,Leisure and hospitality,70,S,01,all_employees_thousands,2024,M11,November,16823.0,,2026-08-25 14:48:41.372731
CES7000000001,70000000,Leisure and hospitality,70,S,01,all_employees_thousands,2024,M10,October,16799.0,,2026-08-25 14:48:41.372731
CES7000000001,70000000,Leisure and hospitality,70,S,01,all_employees_thousands,2024,M09,September,16776.0,,2026-08-25 14:48:41.372731
CES7000000001,70000000,Leisure and hospitality,70,S,01,all_employees_thousands,2024,M08,August,16746.0,,2026-08-25 14:48:41.372731
CES7000000001,70000000,Leisure and hospitality,70,S,01,all_employees_thousands,2024,M07,July,16751.0,,2026-08-25 14:48:41.372731
CES7000000001,70000000,Leisure and hospitality,70,S,01,all_employees_thousands,2024,M06,June,16744.0,,2026-08-25 14:48:41.372731
CES7000000001,70000000,Leisure and hospitality,70,S,01,all_employees_thousands,2024,M05,May,16731.0,,2026-08-25 14:48:41.372731
CES7000000001,70000000,Leisure and hospitality,70,S,01,all_employees_thousands,2024,M04,April,16762.0,,2026-08-25 14:48:41.372731
CES7000000001,70000000,Leisure and hospitality,70,S,01,all_employees_thousands,2024,M03,March,16780.0,,2026-08-25 14:48:41.372731
CES7000000001,70000000,Leisure and hospitality,70,S,01,all_employees_thousands,2024,M02,February,16744.0,,2026-08-25 14:48:41.372731
CES7000000001,70000000,Leisure and hospitality,70,S,01,all_employees_thousands,2024,M01,January,16716.0,,2026-08-25 14:48:41.372731
CES7000000001,70000000,Leisure and hospitality,70,S,01,all_employees_thousands,2023,M12,December,16704.0,,2026-08-25 14:48:41.372731
CES7000000001,70000000,Leisure and hospitality,70,S,01,all_employees_thousands,2023,M11,November,16694.0,,2026-08-25 14:48:41.372731
CES7000000001,70000000,Leisure and hospitality,70,S,01,all_employees_thousands,2023,M10,October,16689.0,,2026-08-25 14:48:41.372731
CES7000000001,70000000,Leisure and hospitality,70,S,01,all_employees_thousands,2023,M09,September,16643.0,,2026-08-25 14:48:41.372731
CES7000000001,70000000,Leisure and hospitality,70,S,01,all_employees_thousands,2023,M08,August,16651.0,,2026-08-25 14:48:41.372731
CES7000000001,70000000,Leisure and hospitality,70,S,01,all_employees_thousands,2023,M07,July,16616.0,,2026-08-25 14:48:41.372731
CES7000000001,70000000,Leisure and hospitality,70,S,01,all_employees_thousands,2023,M06,June,16594.0,,2026-08-25 14:48:41.372731
CES7000000001,70000000,Leisure and hospitality,70,S,01,all_employees_thousands,2023,M05,May,16533.0,,2026-08-25 14:48:41.372731
CES7000000001,70000000,Leisure and hospitality,70,S,01,all_employees_thousands,2023,M04,April,16487.0,,2026-08-25 14:48:41.372731
CES7000000001,70000000,Leisure and hospitality,70,S,01,all_employees_thousands,2023,M03,March,16450.0,,2026-08-25 14:48:41.372731
CES7000000001,70000000,Leisure and hospitality,70,S,01,all_employees_thousands,2023,M02,February,16431.0,,2026-08-25 14:48:41.372731
CES7000000001,70000000,Leisure and hospitality,70,S,01,all_employees_thousands,2023,M01,January,16352.0,,2026-08-25 14:48:41.372731
CES7000000001,70000000,Leisure and hospitality,70,S,01,all_employees_thousands,2022,M12,December,16245.0,,2026-08-25 14:48:41.372731
CES7000000001,70000000,Leisure and hospitality,70,S,01,all_employees_thousands,2022,M11,November,16183.0,,2026-08-25 14:48:41.372731
CES7000000001,70000000,Leisure and hospitality,70,S,01,all_employees_thousands,2022,M10,October,16142.0,,2026-08-25 14:48:41.372731
CES7000000001,70000000,Leisure and hospitality,70,S,01,all_employees_thousands,2022,M09,September,16052.0,,2026-08-25 14:48:41.372731
CES7000000001,70000000,Leisure and hospitality,70,S,01,all_employees_thousands,2022,M08,August,15990.0,,2026-08-25 14:48:41.372731
CES7000000001,70000000,Leisure and hospitality,70,S,01,all_employees_thousands,2022,M07,July,15931.0,,2026-08-25 14:48:41.372731
CES7000000001,70000000,Leisure and hospitality,70,S,01,all_employees_thousands,2022,M06,June,15794.0,,2026-08-25 14:48:41.372731
CES7000000001,70000000,Leisure and hospitality,70,S,01,all_employees_thousands,2022,M05,May,15704.0,,2026-08-25 14:48:41.372731
CES7000000001,70000000,Leisure and hospitality,70,S,01,all_employees_thousands,2022,M04,April,15626.0,,2026-08-25 14:48:41.372731
CES7000000001,70000000,Leisure and hospitality,70,S,01,all_employees_thousands,2022,M03,March,15523.0,,2026-08-25 14:48:41.372731
CES7000000001,70000000,Leisure and hospitality,70,S,01,all_employees_thousands,2022,M02,February,15462.0,,2026-08-25 14:48:41.372731
CES7000000001,70000000,Leisure and hospitality,70,S,01,all_employees_thousands,2022,M01,January,15329.0,,2026-08-25 14:48:41.372731
CES7000000001,70000000,Leisure and hospitality,70,S,01,all_employees_thousands,2021,M12,December,15246.0,,2026-08-25 14:48:41.372731
CES7000000001,70000000,Leisure and hospitality,70,S,01,all_employees_thousands,2021,M11,November,15071.0,,2026-08-25 14:48:41.372731
CES7000000001,70000000,Leisure and hospitality,70,S,01,all_employees_thousands,2021,M10,October,14949.0,,2026-08-25 14:48:41.372731
CES7000000001,70000000,Leisure and hospitality,70,S,01,all_employees_thousands,2021,M09,September,14746.0,,2026-08-25 14:48:41.372731
CES7000000001,70000000,Leisure and hospitality,70,S,01,all_employees_thousands,2021,M08,August,14621.0,,2026-08-25 14:48:41.372731
CES7000000001,70000000,Leisure and hospitality,70,S,01,all_employees_thousands,2021,M07,July,14495.0,,2026-08-25 14:48:41.372731
CES7000000001,70000000,Leisure and hospitality,70,S,01,all_employees_thousands,2021,M06,June,14085.0,,2026-08-25 14:48:41.372731
CES7000000001,70000000,Leisure and hospitality,70,S,01,all_employees_thousands,2021,M05,May,13802.0,,2026-08-25 14:48:41.372731
CES7000000001,70000000,Leisure and hospitality,70,S,01,all_employees_thousands,2021,M04,April,13568.0,,2026-08-25 14:48:41.372731
CES7000000001,70000000,Leisure and hospitality,70,S,01,all_employees_thousands,2021,M03,March,13298.0,,2026-08-25 14:48:41.372731
CES7000000001,70000000,Leisure and hospitality,70,S,01,all_employees_thousands,2021,M02,February,13142.0,,2026-08-25 14:48:41.372731
CES7000000001,70000000,Leisure and hospitality,70,S,01,all_employees_thousands,2021,M01,January,12801.0,,2026-08-25 14:48:41.372731
CES7000000002,70000000,Leisure and hospitality,70,S,02,avg_weekly_hours,2026,M07,July,25.4,P,2026-08-25 14:48:41.372731
CES7000000002,70000000,Leisure and hospitality,70,S,02,avg_weekly_hours,2026,M06,June,25.5,P,2026-08-25 14:48:41.372731
CES7000000002,70000000,Leisure and hospitality,70,S,02,avg_weekly_hours,2026,M05,May,25.6,,2026-08-25 14:48:41.372731
CES7000000002,70000000,Leisure and hospitality,70,S,02,avg_weekly_hours,2026,M04,April,25.6,,2026-08-25 14:48:41.372731
CES7000000002,70000000,Leisure and hospitality,70,S,02,avg_weekly_hours,2026,M03,March,25.3,,2026-08-25 14:48:41.372731
CES7000000002,70000000,Leisure and hospitality,70,S,02,avg_weekly_hours,2026,M02,February,25.5,,2026-08-25 14:48:41.372731
CES7000000002,70000000,Leisure and hospitality,70,S,02,avg_weekly_hours,2026,M01,January,25.5,,2026-08-25 14:48:41.372731
CES7000000002,70000000,Leisure and hospitality,70,S,02,avg_weekly_hours,2025,M12,December,25.6,,2026-08-25 14:48:41.372731
CES7000000002,70000000,Leisure and hospitality,70,S,02,avg_weekly_hours,2025,M11,November,25.6,,2026-08-25 14:48:41.372731
CES7000000002,70000000,Leisure and hospitality,70,S,02,avg_weekly_hours,2025,M10,October,25.6,,2026-08-25 14:48:41.372731
CES7000000002,70000000,Leisure and hospitality,70,S,02,avg_weekly_hours,2025,M09,September,25.5,,2026-08-25 14:48:41.372731
CES7000000002,70000000,Leisure and hospitality,70,S,02,avg_weekly_hours,2025,M08,August,25.5,,2026-08-25 14:48:41.372731
CES7000000002,70000000,Leisure and hospitality,70,S,02,avg_weekly_hours,2025,M07,July,25.5,,2026-08-25 14:48:41.372731
CES7000000002,70000000,Leisure and hospitality,70,S,02,avg_weekly_hours,2025,M06,June,25.5,,2026-08-25 14:48:41.372731
CES7000000002,70000000,Leisure and hospitality,70,S,02,avg_weekly_hours,2025,M05,May,25.6,,2026-08-25 14:48:41.372731
CES7000000002,70000000,Leisure and hospitality,70,S,02,avg_weekly_hours,2025,M04,April,25.6,,2026-08-25 14:48:41.372731
CES7000000002,70000000,Leisure and hospitality,70,S,02,avg_weekly_hours,2025,M03,March,25.3,,2026-08-25 14:48:41.372731
CES7000000002,70000000,Leisure and hospitality,70,S,02,avg_weekly_hours,2025,M02,February,25.5,,2026-08-25 14:48:41.372731
CES7000000002,70000000,Leisure and hospitality,70,S,02,avg_weekly_hours,2025,M01,January,25.2,,2026-08-25 14:48:41.372731
CES7000000002,70000000,Leisure and hospitality,70,S,02,avg_weekly_hours,2024,M12,December,25.5,,2026-08-25 14:48:41.372731
CES7000000002,70000000,Leisure and hospitality,70,S,02,avg_weekly_hours,2024,M11,November,25.6,,2026-08-25 14:48:41.372731
CES7000000002,70000000,Leisure and hospitality,70,S,02,avg_weekly_hours,2024,M10,October,25.5,,2026-08-25 14:48:41.372731
CES7000000002,70000000,Leisure and hospitality,70,S,02,avg_weekly_hours,2024,M09,September,25.5,,2026-08-25 14:48:41.372731
CES7000000002,70000000,Leisure and hospitality,70,S,02,avg_weekly_hours,2024,M08,August,25.4,,2026-08-25 14:48:41.372731
CES7000000002,70000000,Leisure and hospitality,70,S,02,avg_weekly_hours,2024,M07,July,25.4,,2026-08-25 14:48:41.372731
CES7000000002,70000000,Leisure and hospitality,70,S,02,avg_weekly_hours,2024,M06,June,25.5,,2026-08-25 14:48:41.372731
CES7000000002,70000000,Leisure and hospitality,70,S,02,avg_weekly_hours,2024,M05,May,25.5,,2026-08-25 14:48:41.372731
CES7000000002,70000000,Leisure and hospitality,70,S,02,avg_weekly_hours,2024,M04,April,25.5,,2026-08-25 14:48:41.372731
CES7000000002,70000000,Leisure and hospitality,70,S,02,avg_weekly_hours,2024,M03,March,25.6,,2026-08-25 14:48:41.372731
CES7000000002,70000000,Leisure and hospitality,70,S,02,avg_weekly_hours,2024,M02,February,25.7,,2026-08-25 14:48:41.372731
CES7000000002,70000000,Leisure and hospitality,70,S,02,avg_weekly_hours,2024,M01,January,25.3,,2026-08-25 14:48:41.372731
CES7000000002,70000000,Leisure and hospitality,70,S,02,avg_weekly_hours,2023,M12,December,25.8,,2026-08-25 14:48:41.372731
CES7000000002,70000000,Leisure and hospitality,70,S,02,avg_weekly_hours,2023,M11,November,25.6,,2026-08-25 14:48:41.372731
CES7000000002,70000000,Leisure and hospitality,70,S,02,avg_weekly_hours,2023,M10,October,25.5,,2026-08-25 14:48:41.372731
CES7000000002,70000000,Leisure and hospitality,70,S,02,avg_weekly_hours,2023,M09,September,25.6,,2026-08-25 14:48:41.372731
CES7000000002,70000000,Leisure and hospitality,70,S,02,avg_weekly_hours,2023,M08,August,25.4,,2026-08-25 14:48:41.372731
CES7000000002,70000000,Leisure and hospitality,70,S,02,avg_weekly_hours,2023,M07,July,25.3,,2026-08-25 14:48:41.372731
CES7000000002,70000000,Leisure and hospitality,70,S,02,avg_weekly_hours,2023,M06,June,25.4,,2026-08-25 14:48:41.372731
CES7000000002,70000000,Leisure and hospitality,70,S,02,avg_weekly_hours,2023,M05,May,25.4,,2026-08-25 14:48:41.372731
CES7000000002,70000000,Leisure and hospitality,70,S,02,avg_weekly_hours,2023,M04,April,25.4,,2026-08-25 14:48:41.372731
CES7000000002,70000000,Leisure and hospitality,70,S,02,avg_weekly_hours,2023,M03,March,25.5,,2026-08-25 14:48:41.372731
CES7000000002,70000000,Leisure and hospitality,70,S,02,avg_weekly_hours,2023,M02,February,25.6,,2026-08-25 14:48:41.372731
CES7000000002,70000000,Leisure and hospitality,70,S,02,avg_weekly_hours,2023,M01,January,25.8,,2026-08-25 14:48:41.372731
CES7000000002,70000000,Leisure and hospitality,70,S,02,avg_weekly_hours,2022,M12,December,25.4,,2026-08-25 14:48:41.372731
CES7000000002,70000000,Leisure and hospitality,70,S,02,avg_weekly_hours,2022,M11,November,25.5,,2026-08-25 14:48:41.372731
CES7000000002,70000000,Leisure and hospitality,70,S,02,avg_weekly_hours,2022,M10,October,25.6,,2026-08-25 14:48:41.372731
CES7000000002,70000000,Leisure and hospitality,70,S,02,avg_weekly_hours,2022,M09,September,25.6,,2026-08-25 14:48:41.372731
CES7000000002,70000000,Leisure and hospitality,70,S,02,avg_weekly_hours,2022,M08,August,25.7,,2026-08-25 14:48:41.372731
CES7000000002,70000000,Leisure and hospitality,70,S,02,avg_weekly_hours,2022,M07,July,25.8,,2026-08-25 14:48:41.372731
CES7000000002,70000000,Leisure and hospitality,70,S,02,avg_weekly_hours,2022,M06,June,25.8,,2026-08-25 14:48:41.372731
CES7000000002,70000000,Leisure and hospitality,70,S,02,avg_weekly_hours,2022,M05,May,25.8,,2026-08-25 14:48:41.372731
CES7000000002,70000000,Leisure and hospitality,70,S,02,avg_weekly_hours,2022,M04,April,26.0,,2026-08-25 14:48:41.372731
CES7000000002,70000000,Leisure and hospitality,70,S,02,avg_weekly_hours,2022,M03,March,26.1,,2026-08-25 14:48:41.372731
CES7000000002,70000000,Leisure and hospitality,70,S,02,avg_weekly_hours,2022,M02,February,26.0,,2026-08-25 14:48:41.372731
CES7000000002,70000000,Leisure and hospitality,70,S,02,avg_weekly_hours,2022,M01,January,25.6,,2026-08-25 14:48:41.372731
CES7000000002,70000000,Leisure and hospitality,70,S,02,avg_weekly_hours,2021,M12,December,26.2,,2026-08-25 14:48:41.372731
CES7000000002,70000000,Leisure and hospitality,70,S,02,avg_weekly_hours,2021,M11,November,26.2,,2026-08-25 14:48:41.372731
CES7000000002,70000000,Leisure and hospitality,70,S,02,avg_weekly_hours,2021,M10,October,26.1,,2026-08-25 14:48:41.372731
CES7000000002,70000000,Leisure and hospitality,70,S,02,avg_weekly_hours,2021,M09,September,26.1,,2026-08-25 14:48:41.372731
CES7000000002,70000000,Leisure and hospitality,70,S,02,avg_weekly_hours,2021,M08,August,26.2,,2026-08-25 14:48:41.372731
CES7000000002,70000000,Leisure and hospitality,70,S,02,avg_weekly_hours,2021,M07,July,26.6,,2026-08-25 14:48:41.372731
CES7000000002,70000000,Leisure and hospitality,70,S,02,avg_weekly_hours,2021,M06,June,26.5,,2026-08-25 14:48:41.372731
CES7000000002,70000000,Leisure and hospitality,70,S,02,avg_weekly_hours,2021,M05,May,26.5,,2026-08-25 14:48:41.372731
CES7000000002,70000000,Leisure and hospitality,70,S,02,avg_weekly_hours,2021,M04,April,26.6,,2026-08-25 14:48:41.372731
CES7000000002,70000000,Leisure and hospitality,70,S,02,avg_weekly_hours,2021,M03,March,26.3,,2026-08-25 14:48:41.372731
CES7000000002,70000000,Leisure and hospitality,70,S,02,avg_weekly_hours,2021,M02,February,25.4,,2026-08-25 14:48:41.372731
CES7000000002,70000000,Leisure and hospitality,70,S,02,avg_weekly_hours,2021,M01,January,25.7,,2026-08-25 14:48:41.372731
CES7000000003,70000000,Leisure and hospitality,70,S,03,avg_hourly_earnings,2026,M07,July,23.63,P,2026-08-25 14:48:41.372731
CES7000000003,70000000,Leisure and hospitality,70,S,03,avg_hourly_earnings,2026,M06,June,23.64,P,2026-08-25 14:48:41.372731
CES7000000003,70000000,Leisure and hospitality,70,S,03,avg_hourly_earnings,2026,M05,May,23.59,,2026-08-25 14:48:41.372731
CES7000000003,70000000,Leisure and hospitality,70,S,03,avg_hourly_earnings,2026,M04,April,23.52,,2026-08-25 14:48:41.372731
CES7000000003,70000000,Leisure and hospitality,70,S,03,avg_hourly_earnings,2026,M03,March,23.47,,2026-08-25 14:48:41.372731
CES7000000003,70000000,Leisure and hospitality,70,S,03,avg_hourly_earnings,2026,M02,February,23.4,,2026-08-25 14:48:41.372731
CES7000000003,70000000,Leisure and hospitality,70,S,03,avg_hourly_earnings,2026,M01,January,23.3,,2026-08-25 14:48:41.372731
CES7000000003,70000000,Leisure and hospitality,70,S,03,avg_hourly_earnings,2025,M12,December,23.25,,2026-08-25 14:48:41.372731
CES7000000003,70000000,Leisure and hospitality,70,S,03,avg_hourly_earnings,2025,M11,November,23.17,,2026-08-25 14:48:41.372731
CES7000000003,70000000,Leisure and hospitality,70,S,03,avg_hourly_earnings,2025,M10,October,23.01,,2026-08-25 14:48:41.372731
CES7000000003,70000000,Leisure and hospitality,70,S,03,avg_hourly_earnings,2025,M09,September,23.0,,2026-08-25 14:48:41.372731
CES7000000003,70000000,Leisure and hospitality,70,S,03,avg_hourly_earnings,2025,M08,August,22.92,,2026-08-25 14:48:41.372731
CES7000000003,70000000,Leisure and hospitality,70,S,03,avg_hourly_earnings,2025,M07,July,22.81,,2026-08-25 14:48:41.372731
CES7000000003,70000000,Leisure and hospitality,70,S,03,avg_hourly_earnings,2025,M06,June,22.74,,2026-08-25 14:48:41.372731
CES7000000003,70000000,Leisure and hospitality,70,S,03,avg_hourly_earnings,2025,M05,May,22.68,,2026-08-25 14:48:41.372731
CES7000000003,70000000,Leisure and hospitality,70,S,03,avg_hourly_earnings,2025,M04,April,22.69,,2026-08-25 14:48:41.372731
CES7000000003,70000000,Leisure and hospitality,70,S,03,avg_hourly_earnings,2025,M03,March,22.73,,2026-08-25 14:48:41.372731
CES7000000003,70000000,Leisure and hospitality,70,S,03,avg_hourly_earnings,2025,M02,February,22.58,,2026-08-25 14:48:41.372731
CES7000000003,70000000,Leisure and hospitality,70,S,03,avg_hourly_earnings,2025,M01,January,22.5,,2026-08-25 14:48:41.372731
CES7000000003,70000000,Leisure and hospitality,70,S,03,avg_hourly_earnings,2024,M12,December,22.42,,2026-08-25 14:48:41.372731
CES7000000003,70000000,Leisure and hospitality,70,S,03,avg_hourly_earnings,2024,M11,November,22.34,,2026-08-25 14:48:41.372731
CES7000000003,70000000,Leisure and hospitality,70,S,03,avg_hourly_earnings,2024,M10,October,22.25,,2026-08-25 14:48:41.372731
CES7000000003,70000000,Leisure and hospitality,70,S,03,avg_hourly_earnings,2024,M09,September,22.18,,2026-08-25 14:48:41.372731
CES7000000003,70000000,Leisure and hospitality,70,S,03,avg_hourly_earnings,2024,M08,August,22.14,,2026-08-25 14:48:41.372731
CES7000000003,70000000,Leisure and hospitality,70,S,03,avg_hourly_earnings,2024,M07,July,22.07,,2026-08-25 14:48:41.372731
CES7000000003,70000000,Leisure and hospitality,70,S,03,avg_hourly_earnings,2024,M06,June,21.98,,2026-08-25 14:48:41.372731
CES7000000003,70000000,Leisure and hospitality,70,S,03,avg_hourly_earnings,2024,M05,May,21.92,,2026-08-25 14:48:41.372731
CES7000000003,70000000,Leisure and hospitality,70,S,03,avg_hourly_earnings,2024,M04,April,21.85,,2026-08-25 14:48:41.372731
CES7000000003,70000000,Leisure and hospitality,70,S,03,avg_hourly_earnings,2024,M03,March,21.79,,2026-08-25 14:48:41.372731
CES7000000003,70000000,Leisure and hospitality,70,S,03,avg_hourly_earnings,2024,M02,February,21.75,,2026-08-25 14:48:41.372731
CES7000000003,70000000,Leisure and hospitality,70,S,03,avg_hourly_earnings,2024,M01,January,21.67,,2026-08-25 14:48:41.372731
CES7000000003,70000000,Leisure and hospitality,70,S,03,avg_hourly_earnings,2023,M12,December,21.58,,2026-08-25 14:48:41.372731
CES7000000003,70000000,Leisure and hospitality,70,S,03,avg_hourly_earnings,2023,M11,November,21.54,,2026-08-25 14:48:41.372731
CES7000000003,70000000,Leisure and hospitality,70,S,03,avg_hourly_earnings,2023,M10,October,21.47,,2026-08-25 14:48:41.372731
CES7000000003,70000000,Leisure and hospitality,70,S,03,avg_hourly_earnings,2023,M09,September,21.36,,2026-08-25 14:48:41.372731
CES7000000003,70000000,Leisure and hospitality,70,S,03,avg_hourly_earnings,2023,M08,August,21.3,,2026-08-25 14:48:41.372731
CES7000000003,70000000,Leisure and hospitality,70,S,03,avg_hourly_earnings,2023,M07,July,21.28,,2026-08-25 14:48:41.372731
CES7000000003,70000000,Leisure and hospitality,70,S,03,avg_hourly_earnings,2023,M06,June,21.23,,2026-08-25 14:48:41.372731
CES7000000003,70000000,Leisure and hospitality,70,S,03,avg_hourly_earnings,2023,M05,May,21.08,,2026-08-25 14:48:41.372731
CES7000000003,70000000,Leisure and hospitality,70,S,03,avg_hourly_earnings,2023,M04,April,20.99,,2026-08-25 14:48:41.372731
CES7000000003,70000000,Leisure and hospitality,70,S,03,avg_hourly_earnings,2023,M03,March,20.87,,2026-08-25 14:48:41.372731
CES7000000003,70000000,Leisure and hospitality,70,S,03,avg_hourly_earnings,2023,M02,February,20.83,,2026-08-25 14:48:41.372731
CES7000000003,70000000,Leisure and hospitality,70,S,03,avg_hourly_earnings,2023,M01,January,20.8,,2026-08-25 14:48:41.372731
CES7000000003,70000000,Leisure and hospitality,70,S,03,avg_hourly_earnings,2022,M12,December,20.79,,2026-08-25 14:48:41.372731
CES7000000003,70000000,Leisure and hospitality,70,S,03,avg_hourly_earnings,2022,M11,November,20.62,,2026-08-25 14:48:41.372731
CES7000000003,70000000,Leisure and hospitality,70,S,03,avg_hourly_earnings,2022,M10,October,20.51,,2026-08-25 14:48:41.372731
CES7000000003,70000000,Leisure and hospitality,70,S,03,avg_hourly_earnings,2022,M09,September,20.43,,2026-08-25 14:48:41.372731
CES7000000003,70000000,Leisure and hospitality,70,S,03,avg_hourly_earnings,2022,M08,August,20.33,,2026-08-25 14:48:41.372731
CES7000000003,70000000,Leisure and hospitality,70,S,03,avg_hourly_earnings,2022,M07,July,20.21,,2026-08-25 14:48:41.372731
CES7000000003,70000000,Leisure and hospitality,70,S,03,avg_hourly_earnings,2022,M06,June,20.07,,2026-08-25 14:48:41.372731
CES7000000003,70000000,Leisure and hospitality,70,S,03,avg_hourly_earnings,2022,M05,May,20.04,,2026-08-25 14:48:41.372731
CES7000000003,70000000,Leisure and hospitality,70,S,03,avg_hourly_earnings,2022,M04,April,19.84,,2026-08-25 14:48:41.372731
CES7000000003,70000000,Leisure and hospitality,70,S,03,avg_hourly_earnings,2022,M03,March,19.67,,2026-08-25 14:48:41.372731
CES7000000003,70000000,Leisure and hospitality,70,S,03,avg_hourly_earnings,2022,M02,February,19.53,,2026-08-25 14:48:41.372731
CES7000000003,70000000,Leisure and hospitality,70,S,03,avg_hourly_earnings,2022,M01,January,19.46,,2026-08-25 14:48:41.372731
CES7000000003,70000000,Leisure and hospitality,70,S,03,avg_hourly_earnings,2021,M12,December,19.44,,2026-08-25 14:48:41.372731
CES7000000003,70000000,Leisure and hospitality,70,S,03,avg_hourly_earnings,2021,M11,November,19.34,,2026-08-25 14:48:41.372731
CES7000000003,70000000,Leisure and hospitality,70,S,03,avg_hourly_earnings,2021,M10,October,19.24,,2026-08-25 14:48:41.372731
CES7000000003,70000000,Leisure and hospitality,70,S,03,avg_hourly_earnings,2021,M09,September,18.97,,2026-08-25 14:48:41.372731
CES7000000003,70000000,Leisure and hospitality,70,S,03,avg_hourly_earnings,2021,M08,August,18.78,,2026-08-25 14:48:41.372731
CES7000000003,70000000,Leisure and hospitality,70,S,03,avg_hourly_earnings,2021,M07,July,18.56,,2026-08-25 14:48:41.372731
CES7000000003,70000000,Leisure and hospitality,70,S,03,avg_hourly_earnings,2021,M06,June,18.41,,2026-08-25 14:48:41.372731
CES7000000003,70000000,Leisure and hospitality,70,S,03,avg_hourly_earnings,2021,M05,May,18.11,,2026-08-25 14:48:41.372731
CES7000000003,70000000,Leisure and hospitality,70,S,03,avg_hourly_earnings,2021,M04,April,17.81,,2026-08-25 14:48:41.372731
CES7000000003,70000000,Leisure and hospitality,70,S,03,avg_hourly_earnings,2021,M03,March,17.54,,2026-08-25 14:48:41.372731
CES7000000003,70000000,Leisure and hospitality,70,S,03,avg_hourly_earnings,2021,M02,February,17.46,,2026-08-25 14:48:41.372731
CES7000000003,70000000,Leisure and hospitality,70,S,03,avg_hourly_earnings,2021,M01,January,17.2,,2026-08-25 14:48:41.372731
CES7000000011,70000000,Leisure and hospitality,70,S,11,avg_weekly_earnings,2026,M07,July,600.2,P,2026-08-25 14:48:41.372731
CES7000000011,70000000,Leisure and hospitality,70,S,11,avg_weekly_earnings,2026,M06,June,602.82,P,2026-08-25 14:48:41.372731
CES7000000011,70000000,Leisure and hospitality,70,S,11,avg_weekly_earnings,2026,M05,May,603.9,,2026-08-25 14:48:41.372731
CES7000000011,70000000,Leisure and hospitality,70,S,11,avg_weekly_earnings,2026,M04,April,602.11,,2026-08-25 14:48:41.372731
CES7000000011,70000000,Leisure and hospitality,70,S,11,avg_weekly_earnings,2026,M03,March,593.79,,2026-08-25 14:48:41.372731
CES7000000011,70000000,Leisure and hospitality,70,S,11,avg_weekly_earnings,2026,M02,February,596.7,,2026-08-25 14:48:41.372731
CES7000000011,70000000,Leisure and hospitality,70,S,11,avg_weekly_earnings,2026,M01,January,594.15,,2026-08-25 14:48:41.372731
CES7000000011,70000000,Leisure and hospitality,70,S,11,avg_weekly_earnings,2025,M12,December,595.2,,2026-08-25 14:48:41.372731
CES7000000011,70000000,Leisure and hospitality,70,S,11,avg_weekly_earnings,2025,M11,November,593.15,,2026-08-25 14:48:41.372731
CES7000000011,70000000,Leisure and hospitality,70,S,11,avg_weekly_earnings,2025,M10,October,589.06,,2026-08-25 14:48:41.372731
CES7000000011,70000000,Leisure and hospitality,70,S,11,avg_weekly_earnings,2025,M09,September,586.5,,2026-08-25 14:48:41.372731
CES7000000011,70000000,Leisure and hospitality,70,S,11,avg_weekly_earnings,2025,M08,August,584.46,,2026-08-25 14:48:41.372731
CES7000000011,70000000,Leisure and hospitality,70,S,11,avg_weekly_earnings,2025,M07,July,581.66,,2026-08-25 14:48:41.372731
CES7000000011,70000000,Leisure and hospitality,70,S,11,avg_weekly_earnings,2025,M06,June,579.87,,2026-08-25 14:48:41.372731
CES7000000011,70000000,Leisure and hospitality,70,S,11,avg_weekly_earnings,2025,M05,May,580.61,,2026-08-25 14:48:41.372731
CES7000000011,70000000,Leisure and hospitality,70,S,11,avg_weekly_earnings,2025,M04,April,580.86,,2026-08-25 14:48:41.372731
CES7000000011,70000000,Leisure and hospitality,70,S,11,avg_weekly_earnings,2025,M03,March,575.07,,2026-08-25 14:48:41.372731
CES7000000011,70000000,Leisure and hospitality,70,S,11,avg_weekly_earnings,2025,M02,February,575.79,,2026-08-25 14:48:41.372731
CES7000000011,70000000,Leisure and hospitality,70,S,11,avg_weekly_earnings,2025,M01,January,567.0,,2026-08-25 14:48:41.372731
CES7000000011,70000000,Leisure and hospitality,70,S,11,avg_weekly_earnings,2024,M12,December,571.71,,2026-08-25 14:48:41.372731
CES7000000011,70000000,Leisure and hospitality,70,S,11,avg_weekly_earnings,2024,M11,November,571.9,,2026-08-25 14:48:41.372731
CES7000000011,70000000,Leisure and hospitality,70,S,11,avg_weekly_earnings,2024,M10,October,567.38,,2026-08-25 14:48:41.372731
CES7000000011,70000000,Leisure and hospitality,70,S,11,avg_weekly_earnings,2024,M09,September,565.59,,2026-08-25 14:48:41.372731
CES7000000011,70000000,Leisure and hospitality,70,S,11,avg_weekly_earnings,2024,M08,August,562.36,,2026-08-25 14:48:41.372731
CES7000000011,70000000,Leisure and hospitality,70,S,11,avg_weekly_earnings,2024,M07,July,560.58,,2026-08-25 14:48:41.372731
CES7000000011,70000000,Leisure and hospitality,70,S,11,avg_weekly_earnings,2024,M06,June,560.49,,2026-08-25 14:48:41.372731
CES7000000011,70000000,Leisure and hospitality,70,S,11,avg_weekly_earnings,2024,M05,May,558.96,,2026-08-25 14:48:41.372731
CES7000000011,70000000,Leisure and hospitality,70,S,11,avg_weekly_earnings,2024,M04,April,557.18,,2026-08-25 14:48:41.372731
CES7000000011,70000000,Leisure and hospitality,70,S,11,avg_weekly_earnings,2024,M03,March,557.82,,2026-08-25 14:48:41.372731
CES7000000011,70000000,Leisure and hospitality,70,S,11,avg_weekly_earnings,2024,M02,February,558.98,,2026-08-25 14:48:41.372731
CES7000000011,70000000,Leisure and hospitality,70,S,11,avg_weekly_earnings,2024,M01,January,548.25,,2026-08-25 14:48:41.372731
CES7000000011,70000000,Leisure and hospitality,70,S,11,avg_weekly_earnings,2023,M12,December,556.76,,2026-08-25 14:48:41.372731
CES7000000011,70000000,Leisure and hospitality,70,S,11,avg_weekly_earnings,2023,M11,November,551.42,,2026-08-25 14:48:41.372731
CES7000000011,70000000,Leisure and hospitality,70,S,11,avg_weekly_earnings,2023,M10,October,547.49,,2026-08-25 14:48:41.372731
CES7000000011,70000000,Leisure and hospitality,70,S,11,avg_weekly_earnings,2023,M09,September,546.82,,2026-08-25 14:48:41.372731
CES7000000011,70000000,Leisure and hospitality,70,S,11,avg_weekly_earnings,2023,M08,August,541.02,,2026-08-25 14:48:41.372731
CES7000000011,70000000,Leisure and hospitality,70,S,11,avg_weekly_earnings,2023,M07,July,538.38,,2026-08-25 14:48:41.372731
CES7000000011,70000000,Leisure and hospitality,70,S,11,avg_weekly_earnings,2023,M06,June,539.24,,2026-08-25 14:48:41.372731
CES7000000011,70000000,Leisure and hospitality,70,S,11,avg_weekly_earnings,2023,M05,May,535.43,,2026-08-25 14:48:41.372731
CES7000000011,70000000,Leisure and hospitality,70,S,11,avg_weekly_earnings,2023,M04,April,533.15,,2026-08-25 14:48:41.372731
CES7000000011,70000000,Leisure and hospitality,70,S,11,avg_weekly_earnings,2023,M03,March,532.19,,2026-08-25 14:48:41.372731
CES7000000011,70000000,Leisure and hospitality,70,S,11,avg_weekly_earnings,2023,M02,February,533.25,,2026-08-25 14:48:41.372731
CES7000000011,70000000,Leisure and hospitality,70,S,11,avg_weekly_earnings,2023,M01,January,536.64,,2026-08-25 14:48:41.372731
CES7000000011,70000000,Leisure and hospitality,70,S,11,avg_weekly_earnings,2022,M12,December,528.07,,2026-08-25 14:48:41.372731
CES7000000011,70000000,Leisure and hospitality,70,S,11,avg_weekly_earnings,2022,M11,November,525.81,,2026-08-25 14:48:41.372731
CES7000000011,70000000,Leisure and hospitality,70,S,11,avg_weekly_earnings,2022,M10,October,525.06,,2026-08-25 14:48:41.372731
CES7000000011,70000000,Leisure and hospitality,70,S,11,avg_weekly_earnings,2022,M09,September,523.01,,2026-08-25 14:48:41.372731
CES7000000011,70000000,Leisure and hospitality,70,S,11,avg_weekly_earnings,2022,M08,August,522.48,,2026-08-25 14:48:41.372731
CES7000000011,70000000,Leisure and hospitality,70,S,11,avg_weekly_earnings,2022,M07,July,521.42,,2026-08-25 14:48:41.372731
CES7000000011,70000000,Leisure and hospitality,70,S,11,avg_weekly_earnings,2022,M06,June,517.81,,2026-08-25 14:48:41.372731
CES7000000011,70000000,Leisure and hospitality,70,S,11,avg_weekly_earnings,2022,M05,May,517.03,,2026-08-25 14:48:41.372731
CES7000000011,70000000,Leisure and hospitality,70,S,11,avg_weekly_earnings,2022,M04,April,515.84,,2026-08-25 14:48:41.372731
CES7000000011,70000000,Leisure and hospitality,70,S,11,avg_weekly_earnings,2022,M03,March,513.39,,2026-08-25 14:48:41.372731
CES7000000011,70000000,Leisure and hospitality,70,S,11,avg_weekly_earnings,2022,M02,February,507.78,,2026-08-25 14:48:41.372731
CES7000000011,70000000,Leisure and hospitality,70,S,11,avg_weekly_earnings,2022,M01,January,498.18,,2026-08-25 14:48:41.372731
CES7000000011,70000000,Leisure and hospitality,70,S,11,avg_weekly_earnings,2021,M12,December,509.33,,2026-08-25 14:48:41.372731
CES7000000011,70000000,Leisure and hospitality,70,S,11,avg_weekly_earnings,2021,M11,November,506.71,,2026-08-25 14:48:41.372731
CES7000000011,70000000,Leisure and hospitality,70,S,11,avg_weekly_earnings,2021,M10,October,502.16,,2026-08-25 14:48:41.372731
CES7000000011,70000000,Leisure and hospitality,70,S,11,avg_weekly_earnings,2021,M09,September,495.12,,2026-08-25 14:48:41.372731
CES7000000011,70000000,Leisure and hospitality,70,S,11,avg_weekly_earnings,2021,M08,August,492.04,,2026-08-25 14:48:41.372731
CES7000000011,70000000,Leisure and hospitality,70,S,11,avg_weekly_earnings,2021,M07,July,493.7,,2026-08-25 14:48:41.372731
CES7000000011,70000000,Leisure and hospitality,70,S,11,avg_weekly_earnings,2021,M06,June,487.87,,2026-08-25 14:48:41.372731
CES7000000011,70000000,Leisure and hospitality,70,S,11,avg_weekly_earnings,2021,M05,May,479.92,,2026-08-25 14:48:41.372731
CES7000000011,70000000,Leisure and hospitality,70,S,11,avg_weekly_earnings,2021,M04,April,473.75,,2026-08-25 14:48:41.372731
CES7000000011,70000000,Leisure and hospitality,70,S,11,avg_weekly_earnings,2021,M03,March,461.3,,2026-08-25 14:48:41.372731
CES7000000011,70000000,Leisure and hospitality,70,S,11,avg_weekly_earnings,2021,M02,February,443.48,,2026-08-25 14:48:41.372731
CES7000000011,70000000,Leisure and hospitality,70,S,11,avg_weekly_earnings,2021,M01,January,442.04,,2026-08-25 14:48:41.372731
CES8000000001,80000000,Other services,80,S,01,all_employees_thousands,2026,M07,July,6038.0,P,2026-08-25 14:48:41.372731
CES8000000001,80000000,Other services,80,S,01,all_employees_thousands,2026,M06,June,6029.0,P,2026-08-25 14:48:41.372731
CES8000000001,80000000,Other services,80,S,01,all_employees_thousands,2026,M05,May,6031.0,,2026-08-25 14:48:41.372731
CES8000000001,80000000,Other services,80,S,01,all_employees_thousands,2026,M04,April,6029.0,,2026-08-25 14:48:41.372731
CES8000000001,80000000,Other services,80,S,01,all_employees_thousands,2026,M03,March,6018.0,,2026-08-25 14:48:41.372731
CES8000000001,80000000,Other services,80,S,01,all_employees_thousands,2026,M02,February,6032.0,,2026-08-25 14:48:41.372731
CES8000000001,80000000,Other services,80,S,01,all_employees_thousands,2026,M01,January,6026.0,,2026-08-25 14:48:41.372731
CES8000000001,80000000,Other services,80,S,01,all_employees_thousands,2025,M12,December,6023.0,,2026-08-25 14:48:41.372731
CES8000000001,80000000,Other services,80,S,01,all_employees_thousands,2025,M11,November,6015.0,,2026-08-25 14:48:41.372731
CES8000000001,80000000,Other services,80,S,01,all_employees_thousands,2025,M10,October,5999.0,,2026-08-25 14:48:41.372731
CES8000000001,80000000,Other services,80,S,01,all_employees_thousands,2025,M09,September,6005.0,,2026-08-25 14:48:41.372731
CES8000000001,80000000,Other services,80,S,01,all_employees_thousands,2025,M08,August,6008.0,,2026-08-25 14:48:41.372731
CES8000000001,80000000,Other services,80,S,01,all_employees_thousands,2025,M07,July,5989.0,,2026-08-25 14:48:41.372731
CES8000000001,80000000,Other services,80,S,01,all_employees_thousands,2025,M06,June,5984.0,,2026-08-25 14:48:41.372731
CES8000000001,80000000,Other services,80,S,01,all_employees_thousands,2025,M05,May,5994.0,,2026-08-25 14:48:41.372731
CES8000000001,80000000,Other services,80,S,01,all_employees_thousands,2025,M04,April,5987.0,,2026-08-25 14:48:41.372731
CES8000000001,80000000,Other services,80,S,01,all_employees_thousands,2025,M03,March,5987.0,,2026-08-25 14:48:41.372731
CES8000000001,80000000,Other services,80,S,01,all_employees_thousands,2025,M02,February,5977.0,,2026-08-25 14:48:41.372731
CES8000000001,80000000,Other services,80,S,01,all_employees_thousands,2025,M01,January,5975.0,,2026-08-25 14:48:41.372731
CES8000000001,80000000,Other services,80,S,01,all_employees_thousands,2024,M12,December,5972.0,,2026-08-25 14:48:41.372731
CES8000000001,80000000,Other services,80,S,01,all_employees_thousands,2024,M11,November,5968.0,,2026-08-25 14:48:41.372731
CES8000000001,80000000,Other services,80,S,01,all_employees_thousands,2024,M10,October,5962.0,,2026-08-25 14:48:41.372731
CES8000000001,80000000,Other services,80,S,01,all_employees_thousands,2024,M09,September,5959.0,,2026-08-25 14:48:41.372731
CES8000000001,80000000,Other services,80,S,01,all_employees_thousands,2024,M08,August,5957.0,,2026-08-25 14:48:41.372731
CES8000000001,80000000,Other services,80,S,01,all_employees_thousands,2024,M07,July,5961.0,,2026-08-25 14:48:41.372731
CES8000000001,80000000,Other services,80,S,01,all_employees_thousands,2024,M06,June,5962.0,,2026-08-25 14:48:41.372731
CES8000000001,80000000,Other services,80,S,01,all_employees_thousands,2024,M05,May,5949.0,,2026-08-25 14:48:41.372731
CES8000000001,80000000,Other services,80,S,01,all_employees_thousands,2024,M04,April,5947.0,,2026-08-25 14:48:41.372731
CES8000000001,80000000,Other services,80,S,01,all_employees_thousands,2024,M03,March,5943.0,,2026-08-25 14:48:41.372731
CES8000000001,80000000,Other services,80,S,01,all_employees_thousands,2024,M02,February,5930.0,,2026-08-25 14:48:41.372731
CES8000000001,80000000,Other services,80,S,01,all_employees_thousands,2024,M01,January,5917.0,,2026-08-25 14:48:41.372731
CES8000000001,80000000,Other services,80,S,01,all_employees_thousands,2023,M12,December,5906.0,,2026-08-25 14:48:41.372731
CES8000000001,80000000,Other services,80,S,01,all_employees_thousands,2023,M11,November,5905.0,,2026-08-25 14:48:41.372731
CES8000000001,80000000,Other services,80,S,01,all_employees_thousands,2023,M10,October,5893.0,,2026-08-25 14:48:41.372731
CES8000000001,80000000,Other services,80,S,01,all_employees_thousands,2023,M09,September,5883.0,,2026-08-25 14:48:41.372731
CES8000000001,80000000,Other services,80,S,01,all_employees_thousands,2023,M08,August,5874.0,,2026-08-25 14:48:41.372731
CES8000000001,80000000,Other services,80,S,01,all_employees_thousands,2023,M07,July,5846.0,,2026-08-25 14:48:41.372731
CES8000000001,80000000,Other services,80,S,01,all_employees_thousands,2023,M06,June,5831.0,,2026-08-25 14:48:41.372731
CES8000000001,80000000,Other services,80,S,01,all_employees_thousands,2023,M05,May,5814.0,,2026-08-25 14:48:41.372731
CES8000000001,80000000,Other services,80,S,01,all_employees_thousands,2023,M04,April,5798.0,,2026-08-25 14:48:41.372731
CES8000000001,80000000,Other services,80,S,01,all_employees_thousands,2023,M03,March,5789.0,,2026-08-25 14:48:41.372731
CES8000000001,80000000,Other services,80,S,01,all_employees_thousands,2023,M02,February,5785.0,,2026-08-25 14:48:41.372731
CES8000000001,80000000,Other services,80,S,01,all_employees_thousands,2023,M01,January,5785.0,,2026-08-25 14:48:41.372731
CES8000000001,80000000,Other services,80,S,01,all_employees_thousands,2022,M12,December,5771.0,,2026-08-25 14:48:41.372731
CES8000000001,80000000,Other services,80,S,01,all_employees_thousands,2022,M11,November,5762.0,,2026-08-25 14:48:41.372731
CES8000000001,80000000,Other services,80,S,01,all_employees_thousands,2022,M10,October,5748.0,,2026-08-25 14:48:41.372731
CES8000000001,80000000,Other services,80,S,01,all_employees_thousands,2022,M09,September,5730.0,,2026-08-25 14:48:41.372731
CES8000000001,80000000,Other services,80,S,01,all_employees_thousands,2022,M08,August,5719.0,,2026-08-25 14:48:41.372731
CES8000000001,80000000,Other services,80,S,01,all_employees_thousands,2022,M07,July,5707.0,,2026-08-25 14:48:41.372731
CES8000000001,80000000,Other services,80,S,01,all_employees_thousands,2022,M06,June,5674.0,,2026-08-25 14:48:41.372731
CES8000000001,80000000,Other services,80,S,01,all_employees_thousands,2022,M05,May,5665.0,,2026-08-25 14:48:41.372731
CES8000000001,80000000,Other services,80,S,01,all_employees_thousands,2022,M04,April,5657.0,,2026-08-25 14:48:41.372731
CES8000000001,80000000,Other services,80,S,01,all_employees_thousands,2022,M03,March,5651.0,,2026-08-25 14:48:41.372731
CES8000000001,80000000,Other services,80,S,01,all_employees_thousands,2022,M02,February,5648.0,,2026-08-25 14:48:41.372731
CES8000000001,80000000,Other services,80,S,01,all_employees_thousands,2022,M01,January,5603.0,,2026-08-25 14:48:41.372731
CES8000000001,80000000,Other services,80,S,01,all_employees_thousands,2021,M12,December,5617.0,,2026-08-25 14:48:41.372731
CES8000000001,80000000,Other services,80,S,01,all_employees_thousands,2021,M11,November,5598.0,,2026-08-25 14:48:41.372731
CES8000000001,80000000,Other services,80,S,01,all_employees_thousands,2021,M10,October,5578.0,,2026-08-25 14:48:41.372731
CES8000000001,80000000,Other services,80,S,01,all_employees_thousands,2021,M09,September,5539.0,,2026-08-25 14:48:41.372731
CES8000000001,80000000,Other services,80,S,01,all_employees_thousands,2021,M08,August,5532.0,,2026-08-25 14:48:41.372731
CES8000000001,80000000,Other services,80,S,01,all_employees_thousands,2021,M07,July,5494.0,,2026-08-25 14:48:41.372731
CES8000000001,80000000,Other services,80,S,01,all_employees_thousands,2021,M06,June,5438.0,,2026-08-25 14:48:41.372731
CES8000000001,80000000,Other services,80,S,01,all_employees_thousands,2021,M05,May,5370.0,,2026-08-25 14:48:41.372731
CES8000000001,80000000,Other services,80,S,01,all_employees_thousands,2021,M04,April,5358.0,,2026-08-25 14:48:41.372731
CES8000000001,80000000,Other services,80,S,01,all_employees_thousands,2021,M03,March,5335.0,,2026-08-25 14:48:41.372731
CES8000000001,80000000,Other services,80,S,01,all_employees_thousands,2021,M02,February,5324.0,,2026-08-25 14:48:41.372731
CES8000000001,80000000,Other services,80,S,01,all_employees_thousands,2021,M01,January,5314.0,,2026-08-25 14:48:41.372731
CES8000000002,80000000,Other services,80,S,02,avg_weekly_hours,2026,M07,July,32.2,P,2026-08-25 14:48:41.372731
CES8000000002,80000000,Other services,80,S,02,avg_weekly_hours,2026,M06,June,32.1,P,2026-08-25 14:48:41.372731
CES8000000002,80000000,Other services,80,S,02,avg_weekly_hours,2026,M05,May,32.1,,2026-08-25 14:48:41.372731
CES8000000002,80000000,Other services,80,S,02,avg_weekly_hours,2026,M04,April,32.2,,2026-08-25 14:48:41.372731
CES8000000002,80000000,Other services,80,S,02,avg_weekly_hours,2026,M03,March,32.2,,2026-08-25 14:48:41.372731
CES8000000002,80000000,Other services,80,S,02,avg_weekly_hours,2026,M02,February,32.2,,2026-08-25 14:48:41.372731
CES8000000002,80000000,Other services,80,S,02,avg_weekly_hours,2026,M01,January,32.2,,2026-08-25 14:48:41.372731
CES8000000002,80000000,Other services,80,S,02,avg_weekly_hours,2025,M12,December,32.1,,2026-08-25 14:48:41.372731
CES8000000002,80000000,Other services,80,S,02,avg_weekly_hours,2025,M11,November,32.1,,2026-08-25 14:48:41.372731
CES8000000002,80000000,Other services,80,S,02,avg_weekly_hours,2025,M10,October,32.0,,2026-08-25 14:48:41.372731
CES8000000002,80000000,Other services,80,S,02,avg_weekly_hours,2025,M09,September,32.0,,2026-08-25 14:48:41.372731
CES8000000002,80000000,Other services,80,S,02,avg_weekly_hours,2025,M08,August,31.9,,2026-08-25 14:48:41.372731
CES8000000002,80000000,Other services,80,S,02,avg_weekly_hours,2025,M07,July,32.0,,2026-08-25 14:48:41.372731
CES8000000002,80000000,Other services,80,S,02,avg_weekly_hours,2025,M06,June,31.9,,2026-08-25 14:48:41.372731
CES8000000002,80000000,Other services,80,S,02,avg_weekly_hours,2025,M05,May,31.9,,2026-08-25 14:48:41.372731
CES8000000002,80000000,Other services,80,S,02,avg_weekly_hours,2025,M04,April,31.9,,2026-08-25 14:48:41.372731
CES8000000002,80000000,Other services,80,S,02,avg_weekly_hours,2025,M03,March,32.1,,2026-08-25 14:48:41.372731
CES8000000002,80000000,Other services,80,S,02,avg_weekly_hours,2025,M02,February,31.9,,2026-08-25 14:48:41.372731
CES8000000002,80000000,Other services,80,S,02,avg_weekly_hours,2025,M01,January,32.0,,2026-08-25 14:48:41.372731
CES8000000002,80000000,Other services,80,S,02,avg_weekly_hours,2024,M12,December,32.0,,2026-08-25 14:48:41.372731
CES8000000002,80000000,Other services,80,S,02,avg_weekly_hours,2024,M11,November,32.1,,2026-08-25 14:48:41.372731
CES8000000002,80000000,Other services,80,S,02,avg_weekly_hours,2024,M10,October,32.1,,2026-08-25 14:48:41.372731
CES8000000002,80000000,Other services,80,S,02,avg_weekly_hours,2024,M09,September,32.1,,2026-08-25 14:48:41.372731
CES8000000002,80000000,Other services,80,S,02,avg_weekly_hours,2024,M08,August,32.2,,2026-08-25 14:48:41.372731
CES8000000002,80000000,Other services,80,S,02,avg_weekly_hours,2024,M07,July,32.2,,2026-08-25 14:48:41.372731
CES8000000002,80000000,Other services,80,S,02,avg_weekly_hours,2024,M06,June,32.2,,2026-08-25 14:48:41.372731
CES8000000002,80000000,Other services,80,S,02,avg_weekly_hours,2024,M05,May,32.2,,2026-08-25 14:48:41.372731
CES8000000002,80000000,Other services,80,S,02,avg_weekly_hours,2024,M04,April,32.2,,2026-08-25 14:48:41.372731
CES8000000002,80000000,Other services,80,S,02,avg_weekly_hours,2024,M03,March,32.2,,2026-08-25 14:48:41.372731
CES8000000002,80000000,Other services,80,S,02,avg_weekly_hours,2024,M02,February,32.3,,2026-08-25 14:48:41.372731
CES8000000002,80000000,Other services,80,S,02,avg_weekly_hours,2024,M01,January,32.1,,2026-08-25 14:48:41.372731
CES8000000002,80000000,Other services,80,S,02,avg_weekly_hours,2023,M12,December,32.3,,2026-08-25 14:48:41.372731
CES8000000002,80000000,Other services,80,S,02,avg_weekly_hours,2023,M11,November,32.2,,2026-08-25 14:48:41.372731
CES8000000002,80000000,Other services,80,S,02,avg_weekly_hours,2023,M10,October,32.2,,2026-08-25 14:48:41.372731
CES8000000002,80000000,Other services,80,S,02,avg_weekly_hours,2023,M09,September,32.2,,2026-08-25 14:48:41.372731
CES8000000002,80000000,Other services,80,S,02,avg_weekly_hours,2023,M08,August,32.2,,2026-08-25 14:48:41.372731
CES8000000002,80000000,Other services,80,S,02,avg_weekly_hours,2023,M07,July,32.2,,2026-08-25 14:48:41.372731
CES8000000002,80000000,Other services,80,S,02,avg_weekly_hours,2023,M06,June,32.3,,2026-08-25 14:48:41.372731
CES8000000002,80000000,Other services,80,S,02,avg_weekly_hours,2023,M05,May,32.3,,2026-08-25 14:48:41.372731
CES8000000002,80000000,Other services,80,S,02,avg_weekly_hours,2023,M04,April,32.2,,2026-08-25 14:48:41.372731
CES8000000002,80000000,Other services,80,S,02,avg_weekly_hours,2023,M03,March,32.2,,2026-08-25 14:48:41.372731
CES8000000002,80000000,Other services,80,S,02,avg_weekly_hours,2023,M02,February,32.2,,2026-08-25 14:48:41.372731
CES8000000002,80000000,Other services,80,S,02,avg_weekly_hours,2023,M01,January,32.3,,2026-08-25 14:48:41.372731
CES8000000002,80000000,Other services,80,S,02,avg_weekly_hours,2022,M12,December,32.3,,2026-08-25 14:48:41.372731
CES8000000002,80000000,Other services,80,S,02,avg_weekly_hours,2022,M11,November,32.2,,2026-08-25 14:48:41.372731
CES8000000002,80000000,Other services,80,S,02,avg_weekly_hours,2022,M10,October,32.3,,2026-08-25 14:48:41.372731
CES8000000002,80000000,Other services,80,S,02,avg_weekly_hours,2022,M09,September,32.2,,2026-08-25 14:48:41.372731
CES8000000002,80000000,Other services,80,S,02,avg_weekly_hours,2022,M08,August,32.2,,2026-08-25 14:48:41.372731
CES8000000002,80000000,Other services,80,S,02,avg_weekly_hours,2022,M07,July,32.4,,2026-08-25 14:48:41.372731
CES8000000002,80000000,Other services,80,S,02,avg_weekly_hours,2022,M06,June,32.2,,2026-08-25 14:48:41.372731
CES8000000002,80000000,Other services,80,S,02,avg_weekly_hours,2022,M05,May,32.3,,2026-08-25 14:48:41.372731
CES8000000002,80000000,Other services,80,S,02,avg_weekly_hours,2022,M04,April,32.3,,2026-08-25 14:48:41.372731
CES8000000002,80000000,Other services,80,S,02,avg_weekly_hours,2022,M03,March,32.3,,2026-08-25 14:48:41.372731
CES8000000002,80000000,Other services,80,S,02,avg_weekly_hours,2022,M02,February,32.2,,2026-08-25 14:48:41.372731
CES8000000002,80000000,Other services,80,S,02,avg_weekly_hours,2022,M01,January,32.2,,2026-08-25 14:48:41.372731
CES8000000002,80000000,Other services,80,S,02,avg_weekly_hours,2021,M12,December,32.2,,2026-08-25 14:48:41.372731
CES8000000002,80000000,Other services,80,S,02,avg_weekly_hours,2021,M11,November,32.4,,2026-08-25 14:48:41.372731
CES8000000002,80000000,Other services,80,S,02,avg_weekly_hours,2021,M10,October,32.3,,2026-08-25 14:48:41.372731
CES8000000002,80000000,Other services,80,S,02,avg_weekly_hours,2021,M09,September,32.3,,2026-08-25 14:48:41.372731
CES8000000002,80000000,Other services,80,S,02,avg_weekly_hours,2021,M08,August,32.3,,2026-08-25 14:48:41.372731
CES8000000002,80000000,Other services,80,S,02,avg_weekly_hours,2021,M07,July,32.2,,2026-08-25 14:48:41.372731
CES8000000002,80000000,Other services,80,S,02,avg_weekly_hours,2021,M06,June,32.3,,2026-08-25 14:48:41.372731
CES8000000002,80000000,Other services,80,S,02,avg_weekly_hours,2021,M05,May,32.5,,2026-08-25 14:48:41.372731
CES8000000002,80000000,Other services,80,S,02,avg_weekly_hours,2021,M04,April,32.5,,2026-08-25 14:48:41.372731
CES8000000002,80000000,Other services,80,S,02,avg_weekly_hours,2021,M03,March,32.6,,2026-08-25 14:48:41.372731
CES8000000002,80000000,Other services,80,S,02,avg_weekly_hours,2021,M02,February,32.1,,2026-08-25 14:48:41.372731
CES8000000002,80000000,Other services,80,S,02,avg_weekly_hours,2021,M01,January,32.6,,2026-08-25 14:48:41.372731
CES8000000003,80000000,Other services,80,S,03,avg_hourly_earnings,2026,M07,July,34.05,P,2026-08-25 14:48:41.372731
CES8000000003,80000000,Other services,80,S,03,avg_hourly_earnings,2026,M06,June,34.03,P,2026-08-25 14:48:41.372731
CES8000000003,80000000,Other services,80,S,03,avg_hourly_earnings,2026,M05,May,33.92,,2026-08-25 14:48:41.372731
CES8000000003,80000000,Other services,80,S,03,avg_hourly_earnings,2026,M04,April,33.76,,2026-08-25 14:48:41.372731
CES8000000003,80000000,Other services,80,S,03,avg_hourly_earnings,2026,M03,March,33.68,,2026-08-25 14:48:41.372731
CES8000000003,80000000,Other services,80,S,03,avg_hourly_earnings,2026,M02,February,33.87,,2026-08-25 14:48:41.372731
CES8000000003,80000000,Other services,80,S,03,avg_hourly_earnings,2026,M01,January,33.76,,2026-08-25 14:48:41.372731
CES8000000003,80000000,Other services,80,S,03,avg_hourly_earnings,2025,M12,December,33.7,,2026-08-25 14:48:41.372731
CES8000000003,80000000,Other services,80,S,03,avg_hourly_earnings,2025,M11,November,33.57,,2026-08-25 14:48:41.372731
CES8000000003,80000000,Other services,80,S,03,avg_hourly_earnings,2025,M10,October,33.47,,2026-08-25 14:48:41.372731
CES8000000003,80000000,Other services,80,S,03,avg_hourly_earnings,2025,M09,September,33.35,,2026-08-25 14:48:41.372731
CES8000000003,80000000,Other services,80,S,03,avg_hourly_earnings,2025,M08,August,33.24,,2026-08-25 14:48:41.372731
CES8000000003,80000000,Other services,80,S,03,avg_hourly_earnings,2025,M07,July,33.08,,2026-08-25 14:48:41.372731
CES8000000003,80000000,Other services,80,S,03,avg_hourly_earnings,2025,M06,June,32.99,,2026-08-25 14:48:41.372731
CES8000000003,80000000,Other services,80,S,03,avg_hourly_earnings,2025,M05,May,32.86,,2026-08-25 14:48:41.372731
CES8000000003,80000000,Other services,80,S,03,avg_hourly_earnings,2025,M04,April,32.72,,2026-08-25 14:48:41.372731
CES8000000003,80000000,Other services,80,S,03,avg_hourly_earnings,2025,M03,March,32.64,,2026-08-25 14:48:41.372731
CES8000000003,80000000,Other services,80,S,03,avg_hourly_earnings,2025,M02,February,32.65,,2026-08-25 14:48:41.372731
CES8000000003,80000000,Other services,80,S,03,avg_hourly_earnings,2025,M01,January,32.59,,2026-08-25 14:48:41.372731
CES8000000003,80000000,Other services,80,S,03,avg_hourly_earnings,2024,M12,December,32.36,,2026-08-25 14:48:41.372731
CES8000000003,80000000,Other services,80,S,03,avg_hourly_earnings,2024,M11,November,32.26,,2026-08-25 14:48:41.372731
CES8000000003,80000000,Other services,80,S,03,avg_hourly_earnings,2024,M10,October,32.22,,2026-08-25 14:48:41.372731
CES8000000003,80000000,Other services,80,S,03,avg_hourly_earnings,2024,M09,September,32.09,,2026-08-25 14:48:41.372731
CES8000000003,80000000,Other services,80,S,03,avg_hourly_earnings,2024,M08,August,32.04,,2026-08-25 14:48:41.372731
CES8000000003,80000000,Other services,80,S,03,avg_hourly_earnings,2024,M07,July,31.94,,2026-08-25 14:48:41.372731
CES8000000003,80000000,Other services,80,S,03,avg_hourly_earnings,2024,M06,June,31.72,,2026-08-25 14:48:41.372731
CES8000000003,80000000,Other services,80,S,03,avg_hourly_earnings,2024,M05,May,31.68,,2026-08-25 14:48:41.372731
CES8000000003,80000000,Other services,80,S,03,avg_hourly_earnings,2024,M04,April,31.53,,2026-08-25 14:48:41.372731
CES8000000003,80000000,Other services,80,S,03,avg_hourly_earnings,2024,M03,March,31.41,,2026-08-25 14:48:41.372731
CES8000000003,80000000,Other services,80,S,03,avg_hourly_earnings,2024,M02,February,31.21,,2026-08-25 14:48:41.372731
CES8000000003,80000000,Other services,80,S,03,avg_hourly_earnings,2024,M01,January,31.15,,2026-08-25 14:48:41.372731
CES8000000003,80000000,Other services,80,S,03,avg_hourly_earnings,2023,M12,December,31.06,,2026-08-25 14:48:41.372731
CES8000000003,80000000,Other services,80,S,03,avg_hourly_earnings,2023,M11,November,30.91,,2026-08-25 14:48:41.372731
CES8000000003,80000000,Other services,80,S,03,avg_hourly_earnings,2023,M10,October,30.8,,2026-08-25 14:48:41.372731
CES8000000003,80000000,Other services,80,S,03,avg_hourly_earnings,2023,M09,September,30.69,,2026-08-25 14:48:41.372731
CES8000000003,80000000,Other services,80,S,03,avg_hourly_earnings,2023,M08,August,30.58,,2026-08-25 14:48:41.372731
CES8000000003,80000000,Other services,80,S,03,avg_hourly_earnings,2023,M07,July,30.47,,2026-08-25 14:48:41.372731
CES8000000003,80000000,Other services,80,S,03,avg_hourly_earnings,2023,M06,June,30.35,,2026-08-25 14:48:41.372731
CES8000000003,80000000,Other services,80,S,03,avg_hourly_earnings,2023,M05,May,30.16,,2026-08-25 14:48:41.372731
CES8000000003,80000000,Other services,80,S,03,avg_hourly_earnings,2023,M04,April,30.06,,2026-08-25 14:48:41.372731
CES8000000003,80000000,Other services,80,S,03,avg_hourly_earnings,2023,M03,March,29.94,,2026-08-25 14:48:41.372731
CES8000000003,80000000,Other services,80,S,03,avg_hourly_earnings,2023,M02,February,29.69,,2026-08-25 14:48:41.372731
CES8000000003,80000000,Other services,80,S,03,avg_hourly_earnings,2023,M01,January,29.55,,2026-08-25 14:48:41.372731
CES8000000003,80000000,Other services,80,S,03,avg_hourly_earnings,2022,M12,December,29.35,,2026-08-25 14:48:41.372731
CES8000000003,80000000,Other services,80,S,03,avg_hourly_earnings,2022,M11,November,29.43,,2026-08-25 14:48:41.372731
CES8000000003,80000000,Other services,80,S,03,avg_hourly_earnings,2022,M10,October,29.2,,2026-08-25 14:48:41.372731
CES8000000003,80000000,Other services,80,S,03,avg_hourly_earnings,2022,M09,September,29.12,,2026-08-25 14:48:41.372731
CES8000000003,80000000,Other services,80,S,03,avg_hourly_earnings,2022,M08,August,28.92,,2026-08-25 14:48:41.372731
CES8000000003,80000000,Other services,80,S,03,avg_hourly_earnings,2022,M07,July,28.89,,2026-08-25 14:48:41.372731
CES8000000003,80000000,Other services,80,S,03,avg_hourly_earnings,2022,M06,June,28.78,,2026-08-25 14:48:41.372731
CES8000000003,80000000,Other services,80,S,03,avg_hourly_earnings,2022,M05,May,28.66,,2026-08-25 14:48:41.372731
CES8000000003,80000000,Other services,80,S,03,avg_hourly_earnings,2022,M04,April,28.6,,2026-08-25 14:48:41.372731
CES8000000003,80000000,Other services,80,S,03,avg_hourly_earnings,2022,M03,March,28.43,,2026-08-25 14:48:41.372731
CES8000000003,80000000,Other services,80,S,03,avg_hourly_earnings,2022,M02,February,28.37,,2026-08-25 14:48:41.372731
CES8000000003,80000000,Other services,80,S,03,avg_hourly_earnings,2022,M01,January,28.32,,2026-08-25 14:48:41.372731
CES8000000003,80000000,Other services,80,S,03,avg_hourly_earnings,2021,M12,December,28.25,,2026-08-25 14:48:41.372731
CES8000000003,80000000,Other services,80,S,03,avg_hourly_earnings,2021,M11,November,28.17,,2026-08-25 14:48:41.372731
CES8000000003,80000000,Other services,80,S,03,avg_hourly_earnings,2021,M10,October,28.08,,2026-08-25 14:48:41.372731
CES8000000003,80000000,Other services,80,S,03,avg_hourly_earnings,2021,M09,September,27.92,,2026-08-25 14:48:41.372731
CES8000000003,80000000,Other services,80,S,03,avg_hourly_earnings,2021,M08,August,27.86,,2026-08-25 14:48:41.372731
CES8000000003,80000000,Other services,80,S,03,avg_hourly_earnings,2021,M07,July,27.68,,2026-08-25 14:48:41.372731
CES8000000003,80000000,Other services,80,S,03,avg_hourly_earnings,2021,M06,June,27.62,,2026-08-25 14:48:41.372731
CES8000000003,80000000,Other services,80,S,03,avg_hourly_earnings,2021,M05,May,27.57,,2026-08-25 14:48:41.372731
CES8000000003,80000000,Other services,80,S,03,avg_hourly_earnings,2021,M04,April,27.39,,2026-08-25 14:48:41.372731
CES8000000003,80000000,Other services,80,S,03,avg_hourly_earnings,2021,M03,March,27.27,,2026-08-25 14:48:41.372731
CES8000000003,80000000,Other services,80,S,03,avg_hourly_earnings,2021,M02,February,27.16,,2026-08-25 14:48:41.372731
CES8000000003,80000000,Other services,80,S,03,avg_hourly_earnings,2021,M01,January,26.94,,2026-08-25 14:48:41.372731
CES8000000011,80000000,Other services,80,S,11,avg_weekly_earnings,2026,M07,July,1096.41,P,2026-08-25 14:48:41.372731
CES8000000011,80000000,Other services,80,S,11,avg_weekly_earnings,2026,M06,June,1092.36,P,2026-08-25 14:48:41.372731
CES8000000011,80000000,Other services,80,S,11,avg_weekly_earnings,2026,M05,May,1088.83,,2026-08-25 14:48:41.372731
CES8000000011,80000000,Other services,80,S,11,avg_weekly_earnings,2026,M04,April,1087.07,,2026-08-25 14:48:41.372731
CES8000000011,80000000,Other services,80,S,11,avg_weekly_earnings,2026,M03,March,1084.5,,2026-08-25 14:48:41.372731
CES8000000011,80000000,Other services,80,S,11,avg_weekly_earnings,2026,M02,February,1090.61,,2026-08-25 14:48:41.372731
CES8000000011,80000000,Other services,80,S,11,avg_weekly_earnings,2026,M01,January,1087.07,,2026-08-25 14:48:41.372731
CES8000000011,80000000,Other services,80,S,11,avg_weekly_earnings,2025,M12,December,1081.77,,2026-08-25 14:48:41.372731
CES8000000011,80000000,Other services,80,S,11,avg_weekly_earnings,2025,M11,November,1077.6,,2026-08-25 14:48:41.372731
CES8000000011,80000000,Other services,80,S,11,avg_weekly_earnings,2025,M10,October,1071.04,,2026-08-25 14:48:41.372731
CES8000000011,80000000,Other services,80,S,11,avg_weekly_earnings,2025,M09,September,1067.2,,2026-08-25 14:48:41.372731
CES8000000011,80000000,Other services,80,S,11,avg_weekly_earnings,2025,M08,August,1060.36,,2026-08-25 14:48:41.372731
CES8000000011,80000000,Other services,80,S,11,avg_weekly_earnings,2025,M07,July,1058.56,,2026-08-25 14:48:41.372731
CES8000000011,80000000,Other services,80,S,11,avg_weekly_earnings,2025,M06,June,1052.38,,2026-08-25 14:48:41.372731
CES8000000011,80000000,Other services,80,S,11,avg_weekly_earnings,2025,M05,May,1048.23,,2026-08-25 14:48:41.372731
CES8000000011,80000000,Other services,80,S,11,avg_weekly_earnings,2025,M04,April,1043.77,,2026-08-25 14:48:41.372731
CES8000000011,80000000,Other services,80,S,11,avg_weekly_earnings,2025,M03,March,1047.74,,2026-08-25 14:48:41.372731
CES8000000011,80000000,Other services,80,S,11,avg_weekly_earnings,2025,M02,February,1041.54,,2026-08-25 14:48:41.372731
CES8000000011,80000000,Other services,80,S,11,avg_weekly_earnings,2025,M01,January,1042.88,,2026-08-25 14:48:41.372731
CES8000000011,80000000,Other services,80,S,11,avg_weekly_earnings,2024,M12,December,1035.52,,2026-08-25 14:48:41.372731
CES8000000011,80000000,Other services,80,S,11,avg_weekly_earnings,2024,M11,November,1035.55,,2026-08-25 14:48:41.372731
CES8000000011,80000000,Other services,80,S,11,avg_weekly_earnings,2024,M10,October,1034.26,,2026-08-25 14:48:41.372731
CES8000000011,80000000,Other services,80,S,11,avg_weekly_earnings,2024,M09,September,1030.09,,2026-08-25 14:48:41.372731
CES8000000011,80000000,Other services,80,S,11,avg_weekly_earnings,2024,M08,August,1031.69,,2026-08-25 14:48:41.372731
CES8000000011,80000000,Other services,80,S,11,avg_weekly_earnings,2024,M07,July,1028.47,,2026-08-25 14:48:41.372731
CES8000000011,80000000,Other services,80,S,11,avg_weekly_earnings,2024,M06,June,1021.38,,2026-08-25 14:48:41.372731
CES8000000011,80000000,Other services,80,S,11,avg_weekly_earnings,2024,M05,May,1020.1,,2026-08-25 14:48:41.372731
CES8000000011,80000000,Other services,80,S,11,avg_weekly_earnings,2024,M04,April,1015.27,,2026-08-25 14:48:41.372731
CES8000000011,80000000,Other services,80,S,11,avg_weekly_earnings,2024,M03,March,1011.4,,2026-08-25 14:48:41.372731
CES8000000011,80000000,Other services,80,S,11,avg_weekly_earnings,2024,M02,February,1008.08,,2026-08-25 14:48:41.372731
CES8000000011,80000000,Other services,80,S,11,avg_weekly_earnings,2024,M01,January,999.92,,2026-08-25 14:48:41.372731
CES8000000011,80000000,Other services,80,S,11,avg_weekly_earnings,2023,M12,December,1003.24,,2026-08-25 14:48:41.372731
CES8000000011,80000000,Other services,80,S,11,avg_weekly_earnings,2023,M11,November,995.3,,2026-08-25 14:48:41.372731
CES8000000011,80000000,Other services,80,S,11,avg_weekly_earnings,2023,M10,October,991.76,,2026-08-25 14:48:41.372731
CES8000000011,80000000,Other services,80,S,11,avg_weekly_earnings,2023,M09,September,988.22,,2026-08-25 14:48:41.372731
CES8000000011,80000000,Other services,80,S,11,avg_weekly_earnings,2023,M08,August,984.68,,2026-08-25 14:48:41.372731
CES8000000011,80000000,Other services,80,S,11,avg_weekly_earnings,2023,M07,July,981.13,,2026-08-25 14:48:41.372731
CES8000000011,80000000,Other services,80,S,11,avg_weekly_earnings,2023,M06,June,980.31,,2026-08-25 14:48:41.372731
CES8000000011,80000000,Other services,80,S,11,avg_weekly_earnings,2023,M05,May,974.17,,2026-08-25 14:48:41.372731
CES8000000011,80000000,Other services,80,S,11,avg_weekly_earnings,2023,M04,April,967.93,,2026-08-25 14:48:41.372731
CES8000000011,80000000,Other services,80,S,11,avg_weekly_earnings,2023,M03,March,964.07,,2026-08-25 14:48:41.372731
CES8000000011,80000000,Other services,80,S,11,avg_weekly_earnings,2023,M02,February,956.02,,2026-08-25 14:48:41.372731
CES8000000011,80000000,Other services,80,S,11,avg_weekly_earnings,2023,M01,January,954.47,,2026-08-25 14:48:41.372731
CES8000000011,80000000,Other services,80,S,11,avg_weekly_earnings,2022,M12,December,948.01,,2026-08-25 14:48:41.372731
CES8000000011,80000000,Other services,80,S,11,avg_weekly_earnings,2022,M11,November,947.65,,2026-08-25 14:48:41.372731
CES8000000011,80000000,Other services,80,S,11,avg_weekly_earnings,2022,M10,October,943.16,,2026-08-25 14:48:41.372731
CES8000000011,80000000,Other services,80,S,11,avg_weekly_earnings,2022,M09,September,937.66,,2026-08-25 14:48:41.372731
CES8000000011,80000000,Other services,80,S,11,avg_weekly_earnings,2022,M08,August,931.22,,2026-08-25 14:48:41.372731
CES8000000011,80000000,Other services,80,S,11,avg_weekly_earnings,2022,M07,July,936.04,,2026-08-25 14:48:41.372731
CES8000000011,80000000,Other services,80,S,11,avg_weekly_earnings,2022,M06,June,926.72,,2026-08-25 14:48:41.372731
CES8000000011,80000000,Other services,80,S,11,avg_weekly_earnings,2022,M05,May,925.72,,2026-08-25 14:48:41.372731
CES8000000011,80000000,Other services,80,S,11,avg_weekly_earnings,2022,M04,April,923.78,,2026-08-25 14:48:41.372731
CES8000000011,80000000,Other services,80,S,11,avg_weekly_earnings,2022,M03,March,918.29,,2026-08-25 14:48:41.372731
CES8000000011,80000000,Other services,80,S,11,avg_weekly_earnings,2022,M02,February,913.51,,2026-08-25 14:48:41.372731
CES8000000011,80000000,Other services,80,S,11,avg_weekly_earnings,2022,M01,January,911.9,,2026-08-25 14:48:41.372731
CES8000000011,80000000,Other services,80,S,11,avg_weekly_earnings,2021,M12,December,909.65,,2026-08-25 14:48:41.372731
CES8000000011,80000000,Other services,80,S,11,avg_weekly_earnings,2021,M11,November,912.71,,2026-08-25 14:48:41.372731
CES8000000011,80000000,Other services,80,S,11,avg_weekly_earnings,2021,M10,October,906.98,,2026-08-25 14:48:41.372731
CES8000000011,80000000,Other services,80,S,11,avg_weekly_earnings,2021,M09,September,901.82,,2026-08-25 14:48:41.372731
CES8000000011,80000000,Other services,80,S,11,avg_weekly_earnings,2021,M08,August,899.88,,2026-08-25 14:48:41.372731
CES8000000011,80000000,Other services,80,S,11,avg_weekly_earnings,2021,M07,July,891.3,,2026-08-25 14:48:41.372731
CES8000000011,80000000,Other services,80,S,11,avg_weekly_earnings,2021,M06,June,892.13,,2026-08-25 14:48:41.372731
CES8000000011,80000000,Other services,80,S,11,avg_weekly_earnings,2021,M05,May,896.03,,2026-08-25 14:48:41.372731
CES8000000011,80000000,Other services,80,S,11,avg_weekly_earnings,2021,M04,April,890.18,,2026-08-25 14:48:41.372731
CES8000000011,80000000,Other services,80,S,11,avg_weekly_earnings,2021,M03,March,889.0,,2026-08-25 14:48:41.372731
CES8000000011,80000000,Other services,80,S,11,avg_weekly_earnings,2021,M02,February,871.84,,2026-08-25 14:48:41.372731
CES8000000011,80000000,Other services,80,S,11,avg_weekly_earnings,2021,M01,January,878.24,,2026-08-25 14:48:41.372731
CES9000000001,90000000,Government,90,S,01,all_employees_thousands,2026,M07,July,23270.0,P,2026-08-25 14:48:41.372731
CES9000000001,90000000,Government,90,S,01,all_employees_thousands,2026,M06,June,23323.0,P,2026-08-25 14:48:41.372731
CES9000000001,90000000,Government,90,S,01,all_employees_thousands,2026,M05,May,23333.0,,2026-08-25 14:48:41.372731
CES9000000001,90000000,Government,90,S,01,all_employees_thousands,2026,M04,April,23331.0,,2026-08-25 14:48:41.372731
CES9000000001,90000000,Government,90,S,01,all_employees_thousands,2026,M03,March,23333.0,,2026-08-25 14:48:41.372731
CES9000000001,90000000,Government,90,S,01,all_employees_thousands,2026,M02,February,23321.0,,2026-08-25 14:48:41.372731
CES9000000001,90000000,Government,90,S,01,all_employees_thousands,2026,M01,January,23329.0,,2026-08-25 14:48:41.372731
CES9000000001,90000000,Government,90,S,01,all_employees_thousands,2025,M12,December,23349.0,,2026-08-25 14:48:41.372731
CES9000000001,90000000,Government,90,S,01,all_employees_thousands,2025,M11,November,23359.0,,2026-08-25 14:48:41.372731
CES9000000001,90000000,Government,90,S,01,all_employees_thousands,2025,M10,October,23390.0,,2026-08-25 14:48:41.372731
CES9000000001,90000000,Government,90,S,01,all_employees_thousands,2025,M09,September,23543.0,,2026-08-25 14:48:41.372731
CES9000000001,90000000,Government,90,S,01,all_employees_thousands,2025,M08,August,23535.0,,2026-08-25 14:48:41.372731
CES9000000001,90000000,Government,90,S,01,all_employees_thousands,2025,M07,July,23585.0,,2026-08-25 14:48:41.372731
CES9000000001,90000000,Government,90,S,01,all_employees_thousands,2025,M06,June,23586.0,,2026-08-25 14:48:41.372731
CES9000000001,90000000,Government,90,S,01,all_employees_thousands,2025,M05,May,23561.0,,2026-08-25 14:48:41.372731
CES9000000001,90000000,Government,90,S,01,all_employees_thousands,2025,M04,April,23568.0,,2026-08-25 14:48:41.372731
CES9000000001,90000000,Government,90,S,01,all_employees_thousands,2025,M03,March,23559.0,,2026-08-25 14:48:41.372731
CES9000000001,90000000,Government,90,S,01,all_employees_thousands,2025,M02,February,23559.0,,2026-08-25 14:48:41.372731
CES9000000001,90000000,Government,90,S,01,all_employees_thousands,2025,M01,January,23557.0,,2026-08-25 14:48:41.372731
CES9000000001,90000000,Government,90,S,01,all_employees_thousands,2024,M12,December,23529.0,,2026-08-25 14:48:41.372731
CES9000000001,90000000,Government,90,S,01,all_employees_thousands,2024,M11,November,23504.0,,2026-08-25 14:48:41.372731
CES9000000001,90000000,Government,90,S,01,all_employees_thousands,2024,M10,October,23486.0,,2026-08-25 14:48:41.372731
CES9000000001,90000000,Government,90,S,01,all_employees_thousands,2024,M09,September,23449.0,,2026-08-25 14:48:41.372731
CES9000000001,90000000,Government,90,S,01,all_employees_thousands,2024,M08,August,23436.0,,2026-08-25 14:48:41.372731
CES9000000001,90000000,Government,90,S,01,all_employees_thousands,2024,M07,July,23400.0,,2026-08-25 14:48:41.372731
CES9000000001,90000000,Government,90,S,01,all_employees_thousands,2024,M06,June,23339.0,,2026-08-25 14:48:41.372731
CES9000000001,90000000,Government,90,S,01,all_employees_thousands,2024,M05,May,23330.0,,2026-08-25 14:48:41.372731
CES9000000001,90000000,Government,90,S,01,all_employees_thousands,2024,M04,April,23297.0,,2026-08-25 14:48:41.372731
CES9000000001,90000000,Government,90,S,01,all_employees_thousands,2024,M03,March,23296.0,,2026-08-25 14:48:41.372731
CES9000000001,90000000,Government,90,S,01,all_employees_thousands,2024,M02,February,23211.0,,2026-08-25 14:48:41.372731
CES9000000001,90000000,Government,90,S,01,all_employees_thousands,2024,M01,January,23140.0,,2026-08-25 14:48:41.372731
CES9000000001,90000000,Government,90,S,01,all_employees_thousands,2023,M12,December,23091.0,,2026-08-25 14:48:41.372731
CES9000000001,90000000,Government,90,S,01,all_employees_thousands,2023,M11,November,23036.0,,2026-08-25 14:48:41.372731
CES9000000001,90000000,Government,90,S,01,all_employees_thousands,2023,M10,October,22993.0,,2026-08-25 14:48:41.372731
CES9000000001,90000000,Government,90,S,01,all_employees_thousands,2023,M09,September,22948.0,,2026-08-25 14:48:41.372731
CES9000000001,90000000,Government,90,S,01,all_employees_thousands,2023,M08,August,22907.0,,2026-08-25 14:48:41.372731
CES9000000001,90000000,Government,90,S,01,all_employees_thousands,2023,M07,July,22837.0,,2026-08-25 14:48:41.372731
CES9000000001,90000000,Government,90,S,01,all_employees_thousands,2023,M06,June,22792.0,,2026-08-25 14:48:41.372731
CES9000000001,90000000,Government,90,S,01,all_employees_thousands,2023,M05,May,22722.0,,2026-08-25 14:48:41.372731
CES9000000001,90000000,Government,90,S,01,all_employees_thousands,2023,M04,April,22642.0,,2026-08-25 14:48:41.372731
CES9000000001,90000000,Government,90,S,01,all_employees_thousands,2023,M03,March,22580.0,,2026-08-25 14:48:41.372731
CES9000000001,90000000,Government,90,S,01,all_employees_thousands,2023,M02,February,22538.0,,2026-08-25 14:48:41.372731
CES9000000001,90000000,Government,90,S,01,all_employees_thousands,2023,M01,January,22484.0,,2026-08-25 14:48:41.372731
CES9000000001,90000000,Government,90,S,01,all_employees_thousands,2022,M12,December,22365.0,,2026-08-25 14:48:41.372731
CES9000000001,90000000,Government,90,S,01,all_employees_thousands,2022,M11,November,22379.0,,2026-08-25 14:48:41.372731
CES9000000001,90000000,Government,90,S,01,all_employees_thousands,2022,M10,October,22293.0,,2026-08-25 14:48:41.372731
CES9000000001,90000000,Government,90,S,01,all_employees_thousands,2022,M09,September,22297.0,,2026-08-25 14:48:41.372731
CES9000000001,90000000,Government,90,S,01,all_employees_thousands,2022,M08,August,22306.0,,2026-08-25 14:48:41.372731
CES9000000001,90000000,Government,90,S,01,all_employees_thousands,2022,M07,July,22306.0,,2026-08-25 14:48:41.372731
CES9000000001,90000000,Government,90,S,01,all_employees_thousands,2022,M06,June,22142.0,,2026-08-25 14:48:41.372731
CES9000000001,90000000,Government,90,S,01,all_employees_thousands,2022,M05,May,22125.0,,2026-08-25 14:48:41.372731
CES9000000001,90000000,Government,90,S,01,all_employees_thousands,2022,M04,April,22069.0,,2026-08-25 14:48:41.372731
CES9000000001,90000000,Government,90,S,01,all_employees_thousands,2022,M03,March,22033.0,,2026-08-25 14:48:41.372731
CES9000000001,90000000,Government,90,S,01,all_employees_thousands,2022,M02,February,22032.0,,2026-08-25 14:48:41.372731
CES9000000001,90000000,Government,90,S,01,all_employees_thousands,2022,M01,January,22049.0,,2026-08-25 14:48:41.372731
CES9000000001,90000000,Government,90,S,01,all_employees_thousands,2021,M12,December,22062.0,,2026-08-25 14:48:41.372731
CES9000000001,90000000,Government,90,S,01,all_employees_thousands,2021,M11,November,22046.0,,2026-08-25 14:48:41.372731
CES9000000001,90000000,Government,90,S,01,all_employees_thousands,2021,M10,October,22027.0,,2026-08-25 14:48:41.372731
CES9000000001,90000000,Government,90,S,01,all_employees_thousands,2021,M09,September,22102.0,,2026-08-25 14:48:41.372731
CES9000000001,90000000,Government,90,S,01,all_employees_thousands,2021,M08,August,22136.0,,2026-08-25 14:48:41.372731
CES9000000001,90000000,Government,90,S,01,all_employees_thousands,2021,M07,July,22039.0,,2026-08-25 14:48:41.372731
CES9000000001,90000000,Government,90,S,01,all_employees_thousands,2021,M06,June,22031.0,,2026-08-25 14:48:41.372731
CES9000000001,90000000,Government,90,S,01,all_employees_thousands,2021,M05,May,21929.0,,2026-08-25 14:48:41.372731
CES9000000001,90000000,Government,90,S,01,all_employees_thousands,2021,M04,April,21893.0,,2026-08-25 14:48:41.372731
CES9000000001,90000000,Government,90,S,01,all_employees_thousands,2021,M03,March,21844.0,,2026-08-25 14:48:41.372731
CES9000000001,90000000,Government,90,S,01,all_employees_thousands,2021,M02,February,21754.0,,2026-08-25 14:48:41.372731
CES9000000001,90000000,Government,90,S,01,all_employees_thousands,2021,M01,January,21741.0,,2026-08-25 14:48:41.372731
