series_id,area_code,area_name,area_type,occupation_code,occupation_title,datatype_code,metric,year,period,value,footnote_codes,ingested_at
OEUN000000000000000000001,0000000,U.S. national,N,000000,All occupations,01,employment,2025,A01,155495730.0,,2026-08-25 13:40:00.180732
OEUN000000000000000000004,0000000,U.S. national,N,000000,All occupations,04,annual_mean_wage,2025,A01,69770.0,,2026-08-25 13:40:00.180732
OEUN000000000000000000013,0000000,U.S. national,N,000000,All occupations,13,annual_median_wage,2025,A01,50980.0,,2026-08-25 13:40:00.180732
OEUN000000000000000000003,0000000,U.S. national,N,000000,All occupations,03,hourly_mean_wage,2025,A01,33.54,,2026-08-25 13:40:00.180732
OEUN000000000000000000008,0000000,U.S. national,N,000000,All occupations,08,hourly_median_wage,2025,A01,24.51,,2026-08-25 13:40:00.180732
OEUN000000000000015125201,0000000,U.S. national,N,151252,Software Developers,01,employment,2025,A01,1687890.0,,2026-08-25 13:40:00.180732
OEUN000000000000015125204,0000000,U.S. national,N,151252,Software Developers,04,annual_mean_wage,2025,A01,148100.0,,2026-08-25 13:40:00.180732
OEUN000000000000015125213,0000000,U.S. national,N,151252,Software Developers,13,annual_median_wage,2025,A01,135980.0,,2026-08-25 13:40:00.180732
OEUN000000000000015125203,0000000,U.S. national,N,151252,Software Developers,03,hourly_mean_wage,2025,A01,71.2,,2026-08-25 13:40:00.180732
OEUN000000000000015125208,0000000,U.S. national,N,151252,Software Developers,08,hourly_median_wage,2025,A01,65.38,,2026-08-25 13:40:00.180732
OEUN000000000000015125401,0000000,U.S. national,N,151254,Web Developers,01,employment,2025,A01,70190.0,,2026-08-25 13:40:00.180732
OEUN000000000000015125404,0000000,U.S. national,N,151254,Web Developers,04,annual_mean_wage,2025,A01,98770.0,,2026-08-25 13:40:00.180732
OEUN000000000000015125413,0000000,U.S. national,N,151254,Web Developers,13,annual_median_wage,2025,A01,92650.0,,2026-08-25 13:40:00.180732
OEUN000000000000015125403,0000000,U.S. national,N,151254,Web Developers,03,hourly_mean_wage,2025,A01,47.49,,2026-08-25 13:40:00.180732
OEUN000000000000015125408,0000000,U.S. national,N,151254,Web Developers,08,hourly_median_wage,2025,A01,44.54,,2026-08-25 13:40:00.180732
OEUN000000000000015121101,0000000,U.S. national,N,151211,Computer Systems Analysts,01,employment,2025,A01,519530.0,,2026-08-25 13:40:00.180732
OEUN000000000000015121104,0000000,U.S. national,N,151211,Computer Systems Analysts,04,annual_mean_wage,2025,A01,114610.0,,2026-08-25 13:40:00.180732
OEUN000000000000015121113,0000000,U.S. national,N,151211,Computer Systems Analysts,13,annual_median_wage,2025,A01,105850.0,,2026-08-25 13:40:00.180732
OEUN000000000000015121103,0000000,U.S. national,N,151211,Computer Systems Analysts,03,hourly_mean_wage,2025,A01,55.1,,2026-08-25 13:40:00.180732
OEUN000000000000015121108,0000000,U.S. national,N,151211,Computer Systems Analysts,08,hourly_median_wage,2025,A01,50.89,,2026-08-25 13:40:00.180732
OEUN000000000000011202101,0000000,U.S. national,N,112021,Marketing Managers,01,employment,2025,A01,395240.0,,2026-08-25 13:40:00.180732
OEUN000000000000011202104,0000000,U.S. national,N,112021,Marketing Managers,04,annual_mean_wage,2025,A01,177770.0,,2026-08-25 13:40:00.180732
OEUN000000000000011202113,0000000,U.S. national,N,112021,Marketing Managers,13,annual_median_wage,2025,A01,166790.0,,2026-08-25 13:40:00.180732
OEUN000000000000011202103,0000000,U.S. national,N,112021,Marketing Managers,03,hourly_mean_wage,2025,A01,85.47,,2026-08-25 13:40:00.180732
OEUN000000000000011202108,0000000,U.S. national,N,112021,Marketing Managers,08,hourly_median_wage,2025,A01,80.19,,2026-08-25 13:40:00.180732
OEUN000000000000013111101,0000000,U.S. national,N,131111,Management Analysts,01,employment,2025,A01,898280.0,,2026-08-25 13:40:00.180732
OEUN000000000000013111104,0000000,U.S. national,N,131111,Management Analysts,04,annual_mean_wage,2025,A01,113790.0,,2026-08-25 13:40:00.180732
OEUN000000000000013111113,0000000,U.S. national,N,131111,Management Analysts,13,annual_median_wage,2025,A01,101860.0,,2026-08-25 13:40:00.180732
OEUN000000000000013111103,0000000,U.S. national,N,131111,Management Analysts,03,hourly_mean_wage,2025,A01,54.71,,2026-08-25 13:40:00.180732
OEUN000000000000013111108,0000000,U.S. national,N,131111,Management Analysts,08,hourly_median_wage,2025,A01,48.97,,2026-08-25 13:40:00.180732
OEUN000000000000029206101,0000000,U.S. national,N,292061,Licensed Practical and Licensed Vocational Nurses,01,employment,2025,A01,648410.0,,2026-08-25 13:40:00.180732
OEUN000000000000029206104,0000000,U.S. national,N,292061,Licensed Practical and Licensed Vocational Nurses,04,annual_mean_wage,2025,A01,67050.0,,2026-08-25 13:40:00.180732
OEUN000000000000029206113,0000000,U.S. national,N,292061,Licensed Practical and Licensed Vocational Nurses,13,annual_median_wage,2025,A01,64400.0,,2026-08-25 13:40:00.180732
OEUN000000000000029206103,0000000,U.S. national,N,292061,Licensed Practical and Licensed Vocational Nurses,03,hourly_mean_wage,2025,A01,32.24,,2026-08-25 13:40:00.180732
OEUN000000000000029206108,0000000,U.S. national,N,292061,Licensed Practical and Licensed Vocational Nurses,08,hourly_median_wage,2025,A01,30.96,,2026-08-25 13:40:00.180732
OEUN000000000000025119401,0000000,U.S. national,N,251194,"Career/Technical Education Teachers, Postsecondary",01,employment,2025,A01,114110.0,,2026-08-25 13:40:00.180732
OEUN000000000000025119404,0000000,U.S. national,N,251194,"Career/Technical Education Teachers, Postsecondary",04,annual_mean_wage,2025,A01,72060.0,,2026-08-25 13:40:00.180732
OEUN000000000000025119413,0000000,U.S. national,N,251194,"Career/Technical Education Teachers, Postsecondary",13,annual_median_wage,2025,A01,63820.0,,2026-08-25 13:40:00.180732
OEUN000000000000025119403,0000000,U.S. national,N,251194,"Career/Technical Education Teachers, Postsecondary",03,hourly_mean_wage,2025,A01,34.64,,2026-08-25 13:40:00.180732
OEUN000000000000025119408,0000000,U.S. national,N,251194,"Career/Technical Education Teachers, Postsecondary",08,hourly_median_wage,2025,A01,30.68,,2026-08-25 13:40:00.180732
OEUN000000000000041302101,0000000,U.S. national,N,413021,Insurance Sales Agents,01,employment,2025,A01,479100.0,,2026-08-25 13:40:00.180732
OEUN000000000000041302104,0000000,U.S. national,N,413021,Insurance Sales Agents,04,annual_mean_wage,2025,A01,81480.0,,2026-08-25 13:40:00.180732
OEUN000000000000041302113,0000000,U.S. national,N,413021,Insurance Sales Agents,13,annual_median_wage,2025,A01,62280.0,,2026-08-25 13:40:00.180732
OEUN000000000000041302103,0000000,U.S. national,N,413021,Insurance Sales Agents,03,hourly_mean_wage,2025,A01,39.18,,2026-08-25 13:40:00.180732
OEUN000000000000041302108,0000000,U.S. national,N,413021,Insurance Sales Agents,08,hourly_median_wage,2025,A01,29.94,,2026-08-25 13:40:00.180732
OEUN000000000000043601401,0000000,U.S. national,N,436014,Secretaries and Administrative Assistants,01,employment,2025,A01,1706790.0,,2026-08-25 13:40:00.180732
OEUN000000000000043601404,0000000,U.S. national,N,436014,Secretaries and Administrative Assistants,04,annual_mean_wage,2025,A01,49350.0,,2026-08-25 13:40:00.180732
OEUN000000000000043601413,0000000,U.S. national,N,436014,Secretaries and Administrative Assistants,13,annual_median_wage,2025,A01,47540.0,,2026-08-25 13:40:00.180732
OEUN000000000000043601403,0000000,U.S. national,N,436014,Secretaries and Administrative Assistants,03,hourly_mean_wage,2025,A01,23.73,,2026-08-25 13:40:00.180732
OEUN000000000000043601408,0000000,U.S. national,N,436014,Secretaries and Administrative Assistants,08,hourly_median_wage,2025,A01,22.86,,2026-08-25 13:40:00.180732
OEUM003562000000000000001,35620,"New York-Newark-Jersey City, NY-NJ-PA",M,000000,All occupations,01,employment,2025,A01,9492000.0,,2026-08-25 13:40:00.180732
OEUM003562000000000000004,35620,"New York-Newark-Jersey City, NY-NJ-PA",M,000000,All occupations,04,annual_mean_wage,2025,A01,86310.0,,2026-08-25 13:40:00.180732
OEUM003562000000000000013,35620,"New York-Newark-Jersey City, NY-NJ-PA",M,000000,All occupations,13,annual_median_wage,2025,A01,61430.0,,2026-08-25 13:40:00.180732
OEUM003562000000000000003,35620,"New York-Newark-Jersey City, NY-NJ-PA",M,000000,All occupations,03,hourly_mean_wage,2025,A01,41.5,,2026-08-25 13:40:00.180732
OEUM003562000000000000008,35620,"New York-Newark-Jersey City, NY-NJ-PA",M,000000,All occupations,08,hourly_median_wage,2025,A01,29.53,,2026-08-25 13:40:00.180732
OEUM003562000000015125201,35620,"New York-Newark-Jersey City, NY-NJ-PA",M,151252,Software Developers,01,employment,2025,A01,121000.0,,2026-08-25 13:40:00.180732
OEUM003562000000015125204,35620,"New York-Newark-Jersey City, NY-NJ-PA",M,151252,Software Developers,04,annual_mean_wage,2025,A01,165870.0,,2026-08-25 13:40:00.180732
OEUM003562000000015125213,35620,"New York-Newark-Jersey City, NY-NJ-PA",M,151252,Software Developers,13,annual_median_wage,2025,A01,166830.0,,2026-08-25 13:40:00.180732
OEUM003562000000015125203,35620,"New York-Newark-Jersey City, NY-NJ-PA",M,151252,Software Developers,03,hourly_mean_wage,2025,A01,79.75,,2026-08-25 13:40:00.180732
OEUM003562000000015125208,35620,"New York-Newark-Jersey City, NY-NJ-PA",M,151252,Software Developers,08,hourly_median_wage,2025,A01,80.21,,2026-08-25 13:40:00.180732
OEUM003562000000015125401,35620,"New York-Newark-Jersey City, NY-NJ-PA",M,151254,Web Developers,01,employment,2025,A01,4200.0,,2026-08-25 13:40:00.180732
OEUM003562000000015125404,35620,"New York-Newark-Jersey City, NY-NJ-PA",M,151254,Web Developers,04,annual_mean_wage,2025,A01,109450.0,,2026-08-25 13:40:00.180732
OEUM003562000000015125413,35620,"New York-Newark-Jersey City, NY-NJ-PA",M,151254,Web Developers,13,annual_median_wage,2025,A01,104820.0,,2026-08-25 13:40:00.180732
OEUM003562000000015125403,35620,"New York-Newark-Jersey City, NY-NJ-PA",M,151254,Web Developers,03,hourly_mean_wage,2025,A01,52.62,,2026-08-25 13:40:00.180732
OEUM003562000000015125408,35620,"New York-Newark-Jersey City, NY-NJ-PA",M,151254,Web Developers,08,hourly_median_wage,2025,A01,50.39,,2026-08-25 13:40:00.180732
OEUM003562000000015121101,35620,"New York-Newark-Jersey City, NY-NJ-PA",M,151211,Computer Systems Analysts,01,employment,2025,A01,26540.0,,2026-08-25 13:40:00.180732
OEUM003562000000015121104,35620,"New York-Newark-Jersey City, NY-NJ-PA",M,151211,Computer Systems Analysts,04,annual_mean_wage,2025,A01,129150.0,,2026-08-25 13:40:00.180732
OEUM003562000000015121113,35620,"New York-Newark-Jersey City, NY-NJ-PA",M,151211,Computer Systems Analysts,13,annual_median_wage,2025,A01,128340.0,,2026-08-25 13:40:00.180732
OEUM003562000000015121103,35620,"New York-Newark-Jersey City, NY-NJ-PA",M,151211,Computer Systems Analysts,03,hourly_mean_wage,2025,A01,62.09,,2026-08-25 13:40:00.180732
OEUM003562000000015121108,35620,"New York-Newark-Jersey City, NY-NJ-PA",M,151211,Computer Systems Analysts,08,hourly_median_wage,2025,A01,61.7,,2026-08-25 13:40:00.180732
OEUM003562000000011202101,35620,"New York-Newark-Jersey City, NY-NJ-PA",M,112021,Marketing Managers,01,employment,2025,A01,54730.0,,2026-08-25 13:40:00.180732
OEUM003562000000011202104,35620,"New York-Newark-Jersey City, NY-NJ-PA",M,112021,Marketing Managers,04,annual_mean_wage,2025,A01,207770.0,,2026-08-25 13:40:00.180732
OEUM003562000000011202113,35620,"New York-Newark-Jersey City, NY-NJ-PA",M,112021,Marketing Managers,13,annual_median_wage,2025,A01,192840.0,,2026-08-25 13:40:00.180732
OEUM003562000000011202103,35620,"New York-Newark-Jersey City, NY-NJ-PA",M,112021,Marketing Managers,03,hourly_mean_wage,2025,A01,99.89,,2026-08-25 13:40:00.180732
OEUM003562000000011202108,35620,"New York-Newark-Jersey City, NY-NJ-PA",M,112021,Marketing Managers,08,hourly_median_wage,2025,A01,92.71,,2026-08-25 13:40:00.180732
OEUM003562000000013111101,35620,"New York-Newark-Jersey City, NY-NJ-PA",M,131111,Management Analysts,01,employment,2025,A01,67630.0,,2026-08-25 13:40:00.180732
OEUM003562000000013111104,35620,"New York-Newark-Jersey City, NY-NJ-PA",M,131111,Management Analysts,04,annual_mean_wage,2025,A01,133590.0,,2026-08-25 13:40:00.180732
OEUM003562000000013111113,35620,"New York-Newark-Jersey City, NY-NJ-PA",M,131111,Management Analysts,13,annual_median_wage,2025,A01,124390.0,,2026-08-25 13:40:00.180732
OEUM003562000000013111103,35620,"New York-Newark-Jersey City, NY-NJ-PA",M,131111,Management Analysts,03,hourly_mean_wage,2025,A01,64.23,,2026-08-25 13:40:00.180732
OEUM003562000000013111108,35620,"New York-Newark-Jersey City, NY-NJ-PA",M,131111,Management Analysts,08,hourly_median_wage,2025,A01,59.81,,2026-08-25 13:40:00.180732
OEUM003562000000029206101,35620,"New York-Newark-Jersey City, NY-NJ-PA",M,292061,Licensed Practical and Licensed Vocational Nurses,01,employment,2025,A01,32410.0,,2026-08-25 13:40:00.180732
OEUM003562000000029206104,35620,"New York-Newark-Jersey City, NY-NJ-PA",M,292061,Licensed Practical and Licensed Vocational Nurses,04,annual_mean_wage,2025,A01,75020.0,,2026-08-25 13:40:00.180732
OEUM003562000000029206113,35620,"New York-Newark-Jersey City, NY-NJ-PA",M,292061,Licensed Practical and Licensed Vocational Nurses,13,annual_median_wage,2025,A01,75910.0,,2026-08-25 13:40:00.180732
OEUM003562000000029206103,35620,"New York-Newark-Jersey City, NY-NJ-PA",M,292061,Licensed Practical and Licensed Vocational Nurses,03,hourly_mean_wage,2025,A01,36.07,,2026-08-25 13:40:00.180732
OEUM003562000000029206108,35620,"New York-Newark-Jersey City, NY-NJ-PA",M,292061,Licensed Practical and Licensed Vocational Nurses,08,hourly_median_wage,2025,A01,36.5,,2026-08-25 13:40:00.180732
OEUM003562000000025119401,35620,"New York-Newark-Jersey City, NY-NJ-PA",M,251194,"Career/Technical Education Teachers, Postsecondary",01,employment,2025,A01,4820.0,,2026-08-25 13:40:00.180732
OEUM003562000000025119404,35620,"New York-Newark-Jersey City, NY-NJ-PA",M,251194,"Career/Technical Education Teachers, Postsecondary",04,annual_mean_wage,2025,A01,83210.0,,2026-08-25 13:40:00.180732
OEUM003562000000025119413,35620,"New York-Newark-Jersey City, NY-NJ-PA",M,251194,"Career/Technical Education Teachers, Postsecondary",13,annual_median_wage,2025,A01,78540.0,,2026-08-25 13:40:00.180732
OEUM003562000000025119403,35620,"New York-Newark-Jersey City, NY-NJ-PA",M,251194,"Career/Technical Education Teachers, Postsecondary",03,hourly_mean_wage,2025,A01,40.0,,2026-08-25 13:40:00.180732
OEUM003562000000025119408,35620,"New York-Newark-Jersey City, NY-NJ-PA",M,251194,"Career/Technical Education Teachers, Postsecondary",08,hourly_median_wage,2025,A01,37.76,,2026-08-25 13:40:00.180732
OEUM003562000000041302101,35620,"New York-Newark-Jersey City, NY-NJ-PA",M,413021,Insurance Sales Agents,01,employment,2025,A01,21280.0,,2026-08-25 13:40:00.180732
OEUM003562000000041302104,35620,"New York-Newark-Jersey City, NY-NJ-PA",M,413021,Insurance Sales Agents,04,annual_mean_wage,2025,A01,107190.0,,2026-08-25 13:40:00.180732
OEUM003562000000041302113,35620,"New York-Newark-Jersey City, NY-NJ-PA",M,413021,Insurance Sales Agents,13,annual_median_wage,2025,A01,80620.0,,2026-08-25 13:40:00.180732
OEUM003562000000041302103,35620,"New York-Newark-Jersey City, NY-NJ-PA",M,413021,Insurance Sales Agents,03,hourly_mean_wage,2025,A01,51.54,,2026-08-25 13:40:00.180732
OEUM003562000000041302108,35620,"New York-Newark-Jersey City, NY-NJ-PA",M,413021,Insurance Sales Agents,08,hourly_median_wage,2025,A01,38.76,,2026-08-25 13:40:00.180732
OEUM003562000000043601401,35620,"New York-Newark-Jersey City, NY-NJ-PA",M,436014,Secretaries and Administrative Assistants,01,employment,2025,A01,122680.0,,2026-08-25 13:40:00.180732
OEUM003562000000043601404,35620,"New York-Newark-Jersey City, NY-NJ-PA",M,436014,Secretaries and Administrative Assistants,04,annual_mean_wage,2025,A01,53310.0,,2026-08-25 13:40:00.180732
OEUM003562000000043601413,35620,"New York-Newark-Jersey City, NY-NJ-PA",M,436014,Secretaries and Administrative Assistants,13,annual_median_wage,2025,A01,51440.0,,2026-08-25 13:40:00.180732
OEUM003562000000043601403,35620,"New York-Newark-Jersey City, NY-NJ-PA",M,436014,Secretaries and Administrative Assistants,03,hourly_mean_wage,2025,A01,25.63,,2026-08-25 13:40:00.180732
OEUM003562000000043601408,35620,"New York-Newark-Jersey City, NY-NJ-PA",M,436014,Secretaries and Administrative Assistants,08,hourly_median_wage,2025,A01,24.73,,2026-08-25 13:40:00.180732
OEUM003108000000000000001,31080,"Los Angeles-Long Beach-Anaheim, CA",M,000000,All occupations,01,employment,2025,A01,6271560.0,,2026-08-25 13:40:00.180732
OEUM003108000000000000004,31080,"Los Angeles-Long Beach-Anaheim, CA",M,000000,All occupations,04,annual_mean_wage,2025,A01,77270.0,,2026-08-25 13:40:00.180732
OEUM003108000000000000013,31080,"Los Angeles-Long Beach-Anaheim, CA",M,000000,All occupations,13,annual_median_wage,2025,A01,55850.0,,2026-08-25 13:40:00.180732
OEUM003108000000000000003,31080,"Los Angeles-Long Beach-Anaheim, CA",M,000000,All occupations,03,hourly_mean_wage,2025,A01,37.15,,2026-08-25 13:40:00.180732
OEUM003108000000000000008,31080,"Los Angeles-Long Beach-Anaheim, CA",M,000000,All occupations,08,hourly_median_wage,2025,A01,26.85,,2026-08-25 13:40:00.180732
OEUM003108000000015125201,31080,"Los Angeles-Long Beach-Anaheim, CA",M,151252,Software Developers,01,employment,2025,A01,55540.0,,2026-08-25 13:40:00.180732
OEUM003108000000015125204,31080,"Los Angeles-Long Beach-Anaheim, CA",M,151252,Software Developers,04,annual_mean_wage,2025,A01,161900.0,,2026-08-25 13:40:00.180732
OEUM003108000000015125213,31080,"Los Angeles-Long Beach-Anaheim, CA",M,151252,Software Developers,13,annual_median_wage,2025,A01,160920.0,,2026-08-25 13:40:00.180732
OEUM003108000000015125203,31080,"Los Angeles-Long Beach-Anaheim, CA",M,151252,Software Developers,03,hourly_mean_wage,2025,A01,77.84,,2026-08-25 13:40:00.180732
OEUM003108000000015125208,31080,"Los Angeles-Long Beach-Anaheim, CA",M,151252,Software Developers,08,hourly_median_wage,2025,A01,77.37,,2026-08-25 13:40:00.180732
OEUM003108000000015125401,31080,"Los Angeles-Long Beach-Anaheim, CA",M,151254,Web Developers,01,employment,2025,A01,2310.0,,2026-08-25 13:40:00.180732
OEUM003108000000015125404,31080,"Los Angeles-Long Beach-Anaheim, CA",M,151254,Web Developers,04,annual_mean_wage,2025,A01,112710.0,,2026-08-25 13:40:00.180732
OEUM003108000000015125413,31080,"Los Angeles-Long Beach-Anaheim, CA",M,151254,Web Developers,13,annual_median_wage,2025,A01,107290.0,,2026-08-25 13:40:00.180732
OEUM003108000000015125403,31080,"Los Angeles-Long Beach-Anaheim, CA",M,151254,Web Developers,03,hourly_mean_wage,2025,A01,54.19,,2026-08-25 13:40:00.180732
OEUM003108000000015125408,31080,"Los Angeles-Long Beach-Anaheim, CA",M,151254,Web Developers,08,hourly_median_wage,2025,A01,51.58,,2026-08-25 13:40:00.180732
OEUM003108000000015121101,31080,"Los Angeles-Long Beach-Anaheim, CA",M,151211,Computer Systems Analysts,01,employment,2025,A01,16900.0,,2026-08-25 13:40:00.180732
OEUM003108000000015121104,31080,"Los Angeles-Long Beach-Anaheim, CA",M,151211,Computer Systems Analysts,04,annual_mean_wage,2025,A01,122800.0,,2026-08-25 13:40:00.180732
OEUM003108000000015121113,31080,"Los Angeles-Long Beach-Anaheim, CA",M,151211,Computer Systems Analysts,13,annual_median_wage,2025,A01,121560.0,,2026-08-25 13:40:00.180732
OEUM003108000000015121103,31080,"Los Angeles-Long Beach-Anaheim, CA",M,151211,Computer Systems Analysts,03,hourly_mean_wage,2025,A01,59.04,,2026-08-25 13:40:00.180732
OEUM003108000000015121108,31080,"Los Angeles-Long Beach-Anaheim, CA",M,151211,Computer Systems Analysts,08,hourly_median_wage,2025,A01,58.44,,2026-08-25 13:40:00.180732
OEUM003108000000011202101,31080,"Los Angeles-Long Beach-Anaheim, CA",M,112021,Marketing Managers,01,employment,2025,A01,18550.0,,2026-08-25 13:40:00.180732
OEUM003108000000011202104,31080,"Los Angeles-Long Beach-Anaheim, CA",M,112021,Marketing Managers,04,annual_mean_wage,2025,A01,193390.0,,2026-08-25 13:40:00.180732
OEUM003108000000011202113,31080,"Los Angeles-Long Beach-Anaheim, CA",M,112021,Marketing Managers,13,annual_median_wage,2025,A01,171900.0,,2026-08-25 13:40:00.180732
OEUM003108000000011202103,31080,"Los Angeles-Long Beach-Anaheim, CA",M,112021,Marketing Managers,03,hourly_mean_wage,2025,A01,92.98,,2026-08-25 13:40:00.180732
OEUM003108000000011202108,31080,"Los Angeles-Long Beach-Anaheim, CA",M,112021,Marketing Managers,08,hourly_median_wage,2025,A01,82.64,,2026-08-25 13:40:00.180732
OEUM003108000000013111101,31080,"Los Angeles-Long Beach-Anaheim, CA",M,131111,Management Analysts,01,employment,2025,A01,37060.0,,2026-08-25 13:40:00.180732
OEUM003108000000013111104,31080,"Los Angeles-Long Beach-Anaheim, CA",M,131111,Management Analysts,04,annual_mean_wage,2025,A01,121700.0,,2026-08-25 13:40:00.180732
OEUM003108000000013111113,31080,"Los Angeles-Long Beach-Anaheim, CA",M,131111,Management Analysts,13,annual_median_wage,2025,A01,104930.0,,2026-08-25 13:40:00.180732
OEUM003108000000013111103,31080,"Los Angeles-Long Beach-Anaheim, CA",M,131111,Management Analysts,03,hourly_mean_wage,2025,A01,58.51,,2026-08-25 13:40:00.180732
OEUM003108000000013111108,31080,"Los Angeles-Long Beach-Anaheim, CA",M,131111,Management Analysts,08,hourly_median_wage,2025,A01,50.45,,2026-08-25 13:40:00.180732
OEUM003108000000029206101,31080,"Los Angeles-Long Beach-Anaheim, CA",M,292061,Licensed Practical and Licensed Vocational Nurses,01,employment,2025,A01,33590.0,,2026-08-25 13:40:00.180732
OEUM003108000000029206104,31080,"Los Angeles-Long Beach-Anaheim, CA",M,292061,Licensed Practical and Licensed Vocational Nurses,04,annual_mean_wage,2025,A01,80810.0,,2026-08-25 13:40:00.180732
OEUM003108000000029206113,31080,"Los Angeles-Long Beach-Anaheim, CA",M,292061,Licensed Practical and Licensed Vocational Nurses,13,annual_median_wage,2025,A01,79310.0,,2026-08-25 13:40:00.180732
OEUM003108000000029206103,31080,"Los Angeles-Long Beach-Anaheim, CA",M,292061,Licensed Practical and Licensed Vocational Nurses,03,hourly_mean_wage,2025,A01,38.85,,2026-08-25 13:40:00.180732
OEUM003108000000029206108,31080,"Los Angeles-Long Beach-Anaheim, CA",M,292061,Licensed Practical and Licensed Vocational Nurses,08,hourly_median_wage,2025,A01,38.13,,2026-08-25 13:40:00.180732
OEUM003108000000025119401,31080,"Los Angeles-Long Beach-Anaheim, CA",M,251194,"Career/Technical Education Teachers, Postsecondary",01,employment,2025,A01,3670.0,,2026-08-25 13:40:00.180732
OEUM003108000000025119404,31080,"Los Angeles-Long Beach-Anaheim, CA",M,251194,"Career/Technical Education Teachers, Postsecondary",04,annual_mean_wage,2025,A01,89480.0,,2026-08-25 13:40:00.180732
OEUM003108000000025119413,31080,"Los Angeles-Long Beach-Anaheim, CA",M,251194,"Career/Technical Education Teachers, Postsecondary",13,annual_median_wage,2025,A01,75450.0,,2026-08-25 13:40:00.180732
OEUM003108000000025119403,31080,"Los Angeles-Long Beach-Anaheim, CA",M,251194,"Career/Technical Education Teachers, Postsecondary",03,hourly_mean_wage,2025,A01,43.02,,2026-08-25 13:40:00.180732
OEUM003108000000025119408,31080,"Los Angeles-Long Beach-Anaheim, CA",M,251194,"Career/Technical Education Teachers, Postsecondary",08,hourly_median_wage,2025,A01,36.27,,2026-08-25 13:40:00.180732
OEUM003108000000041302101,31080,"Los Angeles-Long Beach-Anaheim, CA",M,413021,Insurance Sales Agents,01,employment,2025,A01,14680.0,,2026-08-25 13:40:00.180732
OEUM003108000000041302104,31080,"Los Angeles-Long Beach-Anaheim, CA",M,413021,Insurance Sales Agents,04,annual_mean_wage,2025,A01,95480.0,,2026-08-25 13:40:00.180732
OEUM003108000000041302113,31080,"Los Angeles-Long Beach-Anaheim, CA",M,413021,Insurance Sales Agents,13,annual_median_wage,2025,A01,76870.0,,2026-08-25 13:40:00.180732
OEUM003108000000041302103,31080,"Los Angeles-Long Beach-Anaheim, CA",M,413021,Insurance Sales Agents,03,hourly_mean_wage,2025,A01,45.91,,2026-08-25 13:40:00.180732
OEUM003108000000041302108,31080,"Los Angeles-Long Beach-Anaheim, CA",M,413021,Insurance Sales Agents,08,hourly_median_wage,2025,A01,36.96,,2026-08-25 13:40:00.180732
OEUM003108000000043601401,31080,"Los Angeles-Long Beach-Anaheim, CA",M,436014,Secretaries and Administrative Assistants,01,employment,2025,A01,58800.0,,2026-08-25 13:40:00.180732
OEUM003108000000043601404,31080,"Los Angeles-Long Beach-Anaheim, CA",M,436014,Secretaries and Administrative Assistants,04,annual_mean_wage,2025,A01,56320.0,,2026-08-25 13:40:00.180732
OEUM003108000000043601413,31080,"Los Angeles-Long Beach-Anaheim, CA",M,436014,Secretaries and Administrative Assistants,13,annual_median_wage,2025,A01,53550.0,,2026-08-25 13:40:00.180732
OEUM003108000000043601403,31080,"Los Angeles-Long Beach-Anaheim, CA",M,436014,Secretaries and Administrative Assistants,03,hourly_mean_wage,2025,A01,27.08,,2026-08-25 13:40:00.180732
OEUM003108000000043601408,31080,"Los Angeles-Long Beach-Anaheim, CA",M,436014,Secretaries and Administrative Assistants,08,hourly_median_wage,2025,A01,25.75,,2026-08-25 13:40:00.180732
OEUM001698000000000000001,16980,"Chicago-Naperville-Elgin, IL-IN-WI",M,000000,All occupations,01,employment,2025,A01,4513280.0,,2026-08-25 13:40:00.180732
OEUM001698000000000000004,16980,"Chicago-Naperville-Elgin, IL-IN-WI",M,000000,All occupations,04,annual_mean_wage,2025,A01,73380.0,,2026-08-25 13:40:00.180732
OEUM001698000000000000013,16980,"Chicago-Naperville-Elgin, IL-IN-WI",M,000000,All occupations,13,annual_median_wage,2025,A01,54720.0,,2026-08-25 13:40:00.180732
OEUM001698000000000000003,16980,"Chicago-Naperville-Elgin, IL-IN-WI",M,000000,All occupations,03,hourly_mean_wage,2025,A01,35.28,,2026-08-25 13:40:00.180732
OEUM001698000000000000008,16980,"Chicago-Naperville-Elgin, IL-IN-WI",M,000000,All occupations,08,hourly_median_wage,2025,A01,26.31,,2026-08-25 13:40:00.180732
OEUM001698000000015125201,16980,"Chicago-Naperville-Elgin, IL-IN-WI",M,151252,Software Developers,01,employment,2025,A01,40370.0,,2026-08-25 13:40:00.180732
OEUM001698000000015125204,16980,"Chicago-Naperville-Elgin, IL-IN-WI",M,151252,Software Developers,04,annual_mean_wage,2025,A01,141640.0,,2026-08-25 13:40:00.180732
OEUM001698000000015125213,16980,"Chicago-Naperville-Elgin, IL-IN-WI",M,151252,Software Developers,13,annual_median_wage,2025,A01,134380.0,,2026-08-25 13:40:00.180732
OEUM001698000000015125203,16980,"Chicago-Naperville-Elgin, IL-IN-WI",M,151252,Software Developers,03,hourly_mean_wage,2025,A01,68.1,,2026-08-25 13:40:00.180732
OEUM001698000000015125208,16980,"Chicago-Naperville-Elgin, IL-IN-WI",M,151252,Software Developers,08,hourly_median_wage,2025,A01,64.6,,2026-08-25 13:40:00.180732
OEUM001698000000015125401,16980,"Chicago-Naperville-Elgin, IL-IN-WI",M,151254,Web Developers,01,employment,2025,A01,2790.0,,2026-08-25 13:40:00.180732
OEUM001698000000015125404,16980,"Chicago-Naperville-Elgin, IL-IN-WI",M,151254,Web Developers,04,annual_mean_wage,2025,A01,101800.0,,2026-08-25 13:40:00.180732
OEUM001698000000015125413,16980,"Chicago-Naperville-Elgin, IL-IN-WI",M,151254,Web Developers,13,annual_median_wage,2025,A01,96870.0,,2026-08-25 13:40:00.180732
OEUM001698000000015125403,16980,"Chicago-Naperville-Elgin, IL-IN-WI",M,151254,Web Developers,03,hourly_mean_wage,2025,A01,48.94,,2026-08-25 13:40:00.180732
OEUM001698000000015125408,16980,"Chicago-Naperville-Elgin, IL-IN-WI",M,151254,Web Developers,08,hourly_median_wage,2025,A01,46.57,,2026-08-25 13:40:00.180732
OEUM001698000000015121101,16980,"Chicago-Naperville-Elgin, IL-IN-WI",M,151211,Computer Systems Analysts,01,employment,2025,A01,14660.0,,2026-08-25 13:40:00.180732
OEUM001698000000015121104,16980,"Chicago-Naperville-Elgin, IL-IN-WI",M,151211,Computer Systems Analysts,04,annual_mean_wage,2025,A01,107270.0,,2026-08-25 13:40:00.180732
OEUM001698000000015121113,16980,"Chicago-Naperville-Elgin, IL-IN-WI",M,151211,Computer Systems Analysts,13,annual_median_wage,2025,A01,103490.0,,2026-08-25 13:40:00.180732
OEUM001698000000015121103,16980,"Chicago-Naperville-Elgin, IL-IN-WI",M,151211,Computer Systems Analysts,03,hourly_mean_wage,2025,A01,51.57,,2026-08-25 13:40:00.180732
OEUM001698000000015121108,16980,"Chicago-Naperville-Elgin, IL-IN-WI",M,151211,Computer Systems Analysts,08,hourly_median_wage,2025,A01,49.76,,2026-08-25 13:40:00.180732
OEUM001698000000011202101,16980,"Chicago-Naperville-Elgin, IL-IN-WI",M,112021,Marketing Managers,01,employment,2025,A01,17400.0,,2026-08-25 13:40:00.180732
OEUM001698000000011202104,16980,"Chicago-Naperville-Elgin, IL-IN-WI",M,112021,Marketing Managers,04,annual_mean_wage,2025,A01,173020.0,,2026-08-25 13:40:00.180732
OEUM001698000000011202113,16980,"Chicago-Naperville-Elgin, IL-IN-WI",M,112021,Marketing Managers,13,annual_median_wage,2025,A01,165340.0,,2026-08-25 13:40:00.180732
OEUM001698000000011202103,16980,"Chicago-Naperville-Elgin, IL-IN-WI",M,112021,Marketing Managers,03,hourly_mean_wage,2025,A01,83.19,,2026-08-25 13:40:00.180732
OEUM001698000000011202108,16980,"Chicago-Naperville-Elgin, IL-IN-WI",M,112021,Marketing Managers,08,hourly_median_wage,2025,A01,79.49,,2026-08-25 13:40:00.180732
OEUM001698000000013111101,16980,"Chicago-Naperville-Elgin, IL-IN-WI",M,131111,Management Analysts,01,employment,2025,A01,37510.0,,2026-08-25 13:40:00.180732
OEUM001698000000013111104,16980,"Chicago-Naperville-Elgin, IL-IN-WI",M,131111,Management Analysts,04,annual_mean_wage,2025,A01,116590.0,,2026-08-25 13:40:00.180732
OEUM001698000000013111113,16980,"Chicago-Naperville-Elgin, IL-IN-WI",M,131111,Management Analysts,13,annual_median_wage,2025,A01,105090.0,,2026-08-25 13:40:00.180732
OEUM001698000000013111103,16980,"Chicago-Naperville-Elgin, IL-IN-WI",M,131111,Management Analysts,03,hourly_mean_wage,2025,A01,56.05,,2026-08-25 13:40:00.180732
OEUM001698000000013111108,16980,"Chicago-Naperville-Elgin, IL-IN-WI",M,131111,Management Analysts,08,hourly_median_wage,2025,A01,50.53,,2026-08-25 13:40:00.180732
OEUM001698000000029206101,16980,"Chicago-Naperville-Elgin, IL-IN-WI",M,292061,Licensed Practical and Licensed Vocational Nurses,01,employment,2025,A01,11420.0,,2026-08-25 13:40:00.180732
OEUM001698000000029206104,16980,"Chicago-Naperville-Elgin, IL-IN-WI",M,292061,Licensed Practical and Licensed Vocational Nurses,04,annual_mean_wage,2025,A01,77430.0,,2026-08-25 13:40:00.180732
OEUM001698000000029206113,16980,"Chicago-Naperville-Elgin, IL-IN-WI",M,292061,Licensed Practical and Licensed Vocational Nurses,13,annual_median_wage,2025,A01,78070.0,,2026-08-25 13:40:00.180732
OEUM001698000000029206103,16980,"Chicago-Naperville-Elgin, IL-IN-WI",M,292061,Licensed Practical and Licensed Vocational Nurses,03,hourly_mean_wage,2025,A01,37.22,,2026-08-25 13:40:00.180732
OEUM001698000000029206108,16980,"Chicago-Naperville-Elgin, IL-IN-WI",M,292061,Licensed Practical and Licensed Vocational Nurses,08,hourly_median_wage,2025,A01,37.54,,2026-08-25 13:40:00.180732
OEUM001698000000025119401,16980,"Chicago-Naperville-Elgin, IL-IN-WI",M,251194,"Career/Technical Education Teachers, Postsecondary",01,employment,2025,A01,3160.0,,2026-08-25 13:40:00.180732
OEUM001698000000025119404,16980,"Chicago-Naperville-Elgin, IL-IN-WI",M,251194,"Career/Technical Education Teachers, Postsecondary",04,annual_mean_wage,2025,A01,75800.0,,2026-08-25 13:40:00.180732
OEUM001698000000025119413,16980,"Chicago-Naperville-Elgin, IL-IN-WI",M,251194,"Career/Technical Education Teachers, Postsecondary",13,annual_median_wage,2025,A01,63100.0,,2026-08-25 13:40:00.180732
OEUM001698000000025119403,16980,"Chicago-Naperville-Elgin, IL-IN-WI",M,251194,"Career/Technical Education Teachers, Postsecondary",03,hourly_mean_wage,2025,A01,36.44,,2026-08-25 13:40:00.180732
OEUM001698000000025119408,16980,"Chicago-Naperville-Elgin, IL-IN-WI",M,251194,"Career/Technical Education Teachers, Postsecondary",08,hourly_median_wage,2025,A01,30.34,,2026-08-25 13:40:00.180732
OEUM001698000000041302101,16980,"Chicago-Naperville-Elgin, IL-IN-WI",M,413021,Insurance Sales Agents,01,employment,2025,A01,11870.0,,2026-08-25 13:40:00.180732
OEUM001698000000041302104,16980,"Chicago-Naperville-Elgin, IL-IN-WI",M,413021,Insurance Sales Agents,04,annual_mean_wage,2025,A01,87860.0,,2026-08-25 13:40:00.180732
OEUM001698000000041302113,16980,"Chicago-Naperville-Elgin, IL-IN-WI",M,413021,Insurance Sales Agents,13,annual_median_wage,2025,A01,69240.0,,2026-08-25 13:40:00.180732
OEUM001698000000041302103,16980,"Chicago-Naperville-Elgin, IL-IN-WI",M,413021,Insurance Sales Agents,03,hourly_mean_wage,2025,A01,42.24,,2026-08-25 13:40:00.180732
OEUM001698000000041302108,16980,"Chicago-Naperville-Elgin, IL-IN-WI",M,413021,Insurance Sales Agents,08,hourly_median_wage,2025,A01,33.29,,2026-08-25 13:40:00.180732
OEUM001698000000043601401,16980,"Chicago-Naperville-Elgin, IL-IN-WI",M,436014,Secretaries and Administrative Assistants,01,employment,2025,A01,50190.0,,2026-08-25 13:40:00.180732
OEUM001698000000043601404,16980,"Chicago-Naperville-Elgin, IL-IN-WI",M,436014,Secretaries and Administrative Assistants,04,annual_mean_wage,2025,A01,54630.0,,2026-08-25 13:40:00.180732
OEUM001698000000043601413,16980,"Chicago-Naperville-Elgin, IL-IN-WI",M,436014,Secretaries and Administrative Assistants,13,annual_median_wage,2025,A01,50440.0,,2026-08-25 13:40:00.180732
OEUM001698000000043601403,16980,"Chicago-Naperville-Elgin, IL-IN-WI",M,436014,Secretaries and Administrative Assistants,03,hourly_mean_wage,2025,A01,26.26,,2026-08-25 13:40:00.180732
OEUM001698000000043601408,16980,"Chicago-Naperville-Elgin, IL-IN-WI",M,436014,Secretaries and Administrative Assistants,08,hourly_median_wage,2025,A01,24.25,,2026-08-25 13:40:00.180732
OEUM001910000000000000001,19100,"Dallas-Fort Worth-Arlington, TX",M,000000,All occupations,01,employment,2025,A01,4049800.0,,2026-08-25 13:40:00.180732
OEUM001910000000000000004,19100,"Dallas-Fort Worth-Arlington, TX",M,000000,All occupations,04,annual_mean_wage,2025,A01,70630.0,,2026-08-25 13:40:00.180732
OEUM001910000000000000013,19100,"Dallas-Fort Worth-Arlington, TX",M,000000,All occupations,13,annual_median_wage,2025,A01,51440.0,,2026-08-25 13:40:00.180732
OEUM001910000000000000003,19100,"Dallas-Fort Worth-Arlington, TX",M,000000,All occupations,03,hourly_mean_wage,2025,A01,33.96,,2026-08-25 13:40:00.180732
OEUM001910000000000000008,19100,"Dallas-Fort Worth-Arlington, TX",M,000000,All occupations,08,hourly_median_wage,2025,A01,24.73,,2026-08-25 13:40:00.180732
OEUM001910000000015125201,19100,"Dallas-Fort Worth-Arlington, TX",M,151252,Software Developers,01,employment,2025,A01,67030.0,,2026-08-25 13:40:00.180732
OEUM001910000000015125204,19100,"Dallas-Fort Worth-Arlington, TX",M,151252,Software Developers,04,annual_mean_wage,2025,A01,138810.0,,2026-08-25 13:40:00.180732
OEUM001910000000015125213,19100,"Dallas-Fort Worth-Arlington, TX",M,151252,Software Developers,13,annual_median_wage,2025,A01,133290.0,,2026-08-25 13:40:00.180732
OEUM001910000000015125203,19100,"Dallas-Fort Worth-Arlington, TX",M,151252,Software Developers,03,hourly_mean_wage,2025,A01,66.74,,2026-08-25 13:40:00.180732
OEUM001910000000015125208,19100,"Dallas-Fort Worth-Arlington, TX",M,151252,Software Developers,08,hourly_median_wage,2025,A01,64.08,,2026-08-25 13:40:00.180732
OEUM001910000000015125401,19100,"Dallas-Fort Worth-Arlington, TX",M,151254,Web Developers,01,employment,2025,A01,1660.0,,2026-08-25 13:40:00.180732
OEUM001910000000015125404,19100,"Dallas-Fort Worth-Arlington, TX",M,151254,Web Developers,04,annual_mean_wage,2025,A01,101890.0,,2026-08-25 13:40:00.180732
OEUM001910000000015125413,19100,"Dallas-Fort Worth-Arlington, TX",M,151254,Web Developers,13,annual_median_wage,2025,A01,96740.0,,2026-08-25 13:40:00.180732
OEUM001910000000015125403,19100,"Dallas-Fort Worth-Arlington, TX",M,151254,Web Developers,03,hourly_mean_wage,2025,A01,48.99,,2026-08-25 13:40:00.180732
OEUM001910000000015125408,19100,"Dallas-Fort Worth-Arlington, TX",M,151254,Web Developers,08,hourly_median_wage,2025,A01,46.51,,2026-08-25 13:40:00.180732
OEUM001910000000015121101,19100,"Dallas-Fort Worth-Arlington, TX",M,151211,Computer Systems Analysts,01,employment,2025,A01,20000.0,,2026-08-25 13:40:00.180732
OEUM001910000000015121104,19100,"Dallas-Fort Worth-Arlington, TX",M,151211,Computer Systems Analysts,04,annual_mean_wage,2025,A01,121900.0,,2026-08-25 13:40:00.180732
OEUM001910000000015121113,19100,"Dallas-Fort Worth-Arlington, TX",M,151211,Computer Systems Analysts,13,annual_median_wage,2025,A01,122520.0,,2026-08-25 13:40:00.180732
OEUM001910000000015121103,19100,"Dallas-Fort Worth-Arlington, TX",M,151211,Computer Systems Analysts,03,hourly_mean_wage,2025,A01,58.61,,2026-08-25 13:40:00.180732
OEUM001910000000015121108,19100,"Dallas-Fort Worth-Arlington, TX",M,151211,Computer Systems Analysts,08,hourly_median_wage,2025,A01,58.9,,2026-08-25 13:40:00.180732
OEUM001910000000011202101,19100,"Dallas-Fort Worth-Arlington, TX",M,112021,Marketing Managers,01,employment,2025,A01,16320.0,,2026-08-25 13:40:00.180732
OEUM001910000000011202104,19100,"Dallas-Fort Worth-Arlington, TX",M,112021,Marketing Managers,04,annual_mean_wage,2025,A01,164130.0,,2026-08-25 13:40:00.180732
OEUM001910000000011202113,19100,"Dallas-Fort Worth-Arlington, TX",M,112021,Marketing Managers,13,annual_median_wage,2025,A01,155460.0,,2026-08-25 13:40:00.180732
OEUM001910000000011202103,19100,"Dallas-Fort Worth-Arlington, TX",M,112021,Marketing Managers,03,hourly_mean_wage,2025,A01,78.91,,2026-08-25 13:40:00.180732
OEUM001910000000011202108,19100,"Dallas-Fort Worth-Arlington, TX",M,112021,Marketing Managers,08,hourly_median_wage,2025,A01,74.74,,2026-08-25 13:40:00.180732
OEUM001910000000013111101,19100,"Dallas-Fort Worth-Arlington, TX",M,131111,Management Analysts,01,employment,2025,A01,18010.0,,2026-08-25 13:40:00.180732
OEUM001910000000013111104,19100,"Dallas-Fort Worth-Arlington, TX",M,131111,Management Analysts,04,annual_mean_wage,2025,A01,112240.0,,2026-08-25 13:40:00.180732
OEUM001910000000013111113,19100,"Dallas-Fort Worth-Arlington, TX",M,131111,Management Analysts,13,annual_median_wage,2025,A01,102860.0,,2026-08-25 13:40:00.180732
OEUM001910000000013111103,19100,"Dallas-Fort Worth-Arlington, TX",M,131111,Management Analysts,03,hourly_mean_wage,2025,A01,53.96,,2026-08-25 13:40:00.180732
OEUM001910000000013111108,19100,"Dallas-Fort Worth-Arlington, TX",M,131111,Management Analysts,08,hourly_median_wage,2025,A01,49.45,,2026-08-25 13:40:00.180732
OEUM001910000000029206101,19100,"Dallas-Fort Worth-Arlington, TX",M,292061,Licensed Practical and Licensed Vocational Nurses,01,employment,2025,A01,12590.0,,2026-08-25 13:40:00.180732
OEUM001910000000029206104,19100,"Dallas-Fort Worth-Arlington, TX",M,292061,Licensed Practical and Licensed Vocational Nurses,04,annual_mean_wage,2025,A01,66110.0,,2026-08-25 13:40:00.180732
OEUM001910000000029206113,19100,"Dallas-Fort Worth-Arlington, TX",M,292061,Licensed Practical and Licensed Vocational Nurses,13,annual_median_wage,2025,A01,64370.0,,2026-08-25 13:40:00.180732
OEUM001910000000029206103,19100,"Dallas-Fort Worth-Arlington, TX",M,292061,Licensed Practical and Licensed Vocational Nurses,03,hourly_mean_wage,2025,A01,31.78,,2026-08-25 13:40:00.180732
OEUM001910000000029206108,19100,"Dallas-Fort Worth-Arlington, TX",M,292061,Licensed Practical and Licensed Vocational Nurses,08,hourly_median_wage,2025,A01,30.95,,2026-08-25 13:40:00.180732
OEUM001910000000025119401,19100,"Dallas-Fort Worth-Arlington, TX",M,251194,"Career/Technical Education Teachers, Postsecondary",01,employment,2025,A01,3110.0,,2026-08-25 13:40:00.180732
OEUM001910000000025119404,19100,"Dallas-Fort Worth-Arlington, TX",M,251194,"Career/Technical Education Teachers, Postsecondary",04,annual_mean_wage,2025,A01,70420.0,,2026-08-25 13:40:00.180732
OEUM001910000000025119413,19100,"Dallas-Fort Worth-Arlington, TX",M,251194,"Career/Technical Education Teachers, Postsecondary",13,annual_median_wage,2025,A01,61360.0,,2026-08-25 13:40:00.180732
OEUM001910000000025119403,19100,"Dallas-Fort Worth-Arlington, TX",M,251194,"Career/Technical Education Teachers, Postsecondary",03,hourly_mean_wage,2025,A01,33.86,,2026-08-25 13:40:00.180732
OEUM001910000000025119408,19100,"Dallas-Fort Worth-Arlington, TX",M,251194,"Career/Technical Education Teachers, Postsecondary",08,hourly_median_wage,2025,A01,29.5,,2026-08-25 13:40:00.180732
OEUM001910000000041302101,19100,"Dallas-Fort Worth-Arlington, TX",M,413021,Insurance Sales Agents,01,employment,2025,A01,15800.0,,2026-08-25 13:40:00.180732
OEUM001910000000041302104,19100,"Dallas-Fort Worth-Arlington, TX",M,413021,Insurance Sales Agents,04,annual_mean_wage,2025,A01,76750.0,,2026-08-25 13:40:00.180732
OEUM001910000000041302113,19100,"Dallas-Fort Worth-Arlington, TX",M,413021,Insurance Sales Agents,13,annual_median_wage,2025,A01,59510.0,,2026-08-25 13:40:00.180732
OEUM001910000000041302103,19100,"Dallas-Fort Worth-Arlington, TX",M,413021,Insurance Sales Agents,03,hourly_mean_wage,2025,A01,36.9,,2026-08-25 13:40:00.180732
OEUM001910000000041302108,19100,"Dallas-Fort Worth-Arlington, TX",M,413021,Insurance Sales Agents,08,hourly_median_wage,2025,A01,28.61,,2026-08-25 13:40:00.180732
OEUM001910000000043601401,19100,"Dallas-Fort Worth-Arlington, TX",M,436014,Secretaries and Administrative Assistants,01,employment,2025,A01,37550.0,,2026-08-25 13:40:00.180732
OEUM001910000000043601404,19100,"Dallas-Fort Worth-Arlington, TX",M,436014,Secretaries and Administrative Assistants,04,annual_mean_wage,2025,A01,48260.0,,2026-08-25 13:40:00.180732
OEUM001910000000043601413,19100,"Dallas-Fort Worth-Arlington, TX",M,436014,Secretaries and Administrative Assistants,13,annual_median_wage,2025,A01,47450.0,,2026-08-25 13:40:00.180732
OEUM001910000000043601403,19100,"Dallas-Fort Worth-Arlington, TX",M,436014,Secretaries and Administrative Assistants,03,hourly_mean_wage,2025,A01,23.2,,2026-08-25 13:40:00.180732
OEUM001910000000043601408,19100,"Dallas-Fort Worth-Arlington, TX",M,436014,Secretaries and Administrative Assistants,08,hourly_median_wage,2025,A01,22.81,,2026-08-25 13:40:00.180732
OEUM002642000000000000001,26420,"Houston-The Woodlands-Sugar Land, TX",M,000000,All occupations,01,employment,2025,A01,3289720.0,,2026-08-25 13:40:00.180732
OEUM002642000000000000004,26420,"Houston-The Woodlands-Sugar Land, TX",M,000000,All occupations,04,annual_mean_wage,2025,A01,67610.0,,2026-08-25 13:40:00.180732
OEUM002642000000000000013,26420,"Houston-The Woodlands-Sugar Land, TX",M,000000,All occupations,13,annual_median_wage,2025,A01,49410.0,,2026-08-25 13:40:00.180732
OEUM002642000000000000003,26420,"Houston-The Woodlands-Sugar Land, TX",M,000000,All occupations,03,hourly_mean_wage,2025,A01,32.51,,2026-08-25 13:40:00.180732
OEUM002642000000000000008,26420,"Houston-The Woodlands-Sugar Land, TX",M,000000,All occupations,08,hourly_median_wage,2025,A01,23.76,,2026-08-25 13:40:00.180732
OEUM002642000000015125201,26420,"Houston-The Woodlands-Sugar Land, TX",M,151252,Software Developers,01,employment,2025,A01,22940.0,,2026-08-25 13:40:00.180732
OEUM002642000000015125204,26420,"Houston-The Woodlands-Sugar Land, TX",M,151252,Software Developers,04,annual_mean_wage,2025,A01,133130.0,,2026-08-25 13:40:00.180732
OEUM002642000000015125213,26420,"Houston-The Woodlands-Sugar Land, TX",M,151252,Software Developers,13,annual_median_wage,2025,A01,129440.0,,2026-08-25 13:40:00.180732
OEUM002642000000015125203,26420,"Houston-The Woodlands-Sugar Land, TX",M,151252,Software Developers,03,hourly_mean_wage,2025,A01,64.01,,2026-08-25 13:40:00.180732
OEUM002642000000015125208,26420,"Houston-The Woodlands-Sugar Land, TX",M,151252,Software Developers,08,hourly_median_wage,2025,A01,62.23,,2026-08-25 13:40:00.180732
OEUM002642000000015125401,26420,"Houston-The Woodlands-Sugar Land, TX",M,151254,Web Developers,01,employment,2025,A01,1060.0,,2026-08-25 13:40:00.180732
OEUM002642000000015125404,26420,"Houston-The Woodlands-Sugar Land, TX",M,151254,Web Developers,04,annual_mean_wage,2025,A01,94200.0,,2026-08-25 13:40:00.180732
OEUM002642000000015125413,26420,"Houston-The Woodlands-Sugar Land, TX",M,151254,Web Developers,13,annual_median_wage,2025,A01,89040.0,,2026-08-25 13:40:00.180732
OEUM002642000000015125403,26420,"Houston-The Woodlands-Sugar Land, TX",M,151254,Web Developers,03,hourly_mean_wage,2025,A01,45.29,,2026-08-25 13:40:00.180732
OEUM002642000000015125408,26420,"Houston-The Woodlands-Sugar Land, TX",M,151254,Web Developers,08,hourly_median_wage,2025,A01,42.81,,2026-08-25 13:40:00.180732
OEUM002642000000015121101,26420,"Houston-The Woodlands-Sugar Land, TX",M,151211,Computer Systems Analysts,01,employment,2025,A01,8510.0,,2026-08-25 13:40:00.180732
OEUM002642000000015121104,26420,"Houston-The Woodlands-Sugar Land, TX",M,151211,Computer Systems Analysts,04,annual_mean_wage,2025,A01,119050.0,,2026-08-25 13:40:00.180732
OEUM002642000000015121113,26420,"Houston-The Woodlands-Sugar Land, TX",M,151211,Computer Systems Analysts,13,annual_median_wage,2025,A01,113440.0,,2026-08-25 13:40:00.180732
OEUM002642000000015121103,26420,"Houston-The Woodlands-Sugar Land, TX",M,151211,Computer Systems Analysts,03,hourly_mean_wage,2025,A01,57.23,,2026-08-25 13:40:00.180732
OEUM002642000000015121108,26420,"Houston-The Woodlands-Sugar Land, TX",M,151211,Computer Systems Analysts,08,hourly_median_wage,2025,A01,54.54,,2026-08-25 13:40:00.180732
OEUM002642000000011202101,26420,"Houston-The Woodlands-Sugar Land, TX",M,112021,Marketing Managers,01,employment,2025,A01,8930.0,,2026-08-25 13:40:00.180732
OEUM002642000000011202104,26420,"Houston-The Woodlands-Sugar Land, TX",M,112021,Marketing Managers,04,annual_mean_wage,2025,A01,161610.0,,2026-08-25 13:40:00.180732
OEUM002642000000011202113,26420,"Houston-The Woodlands-Sugar Land, TX",M,112021,Marketing Managers,13,annual_median_wage,2025,A01,153030.0,,2026-08-25 13:40:00.180732
OEUM002642000000011202103,26420,"Houston-The Woodlands-Sugar Land, TX",M,112021,Marketing Managers,03,hourly_mean_wage,2025,A01,77.7,,2026-08-25 13:40:00.180732
OEUM002642000000011202108,26420,"Houston-The Woodlands-Sugar Land, TX",M,112021,Marketing Managers,08,hourly_median_wage,2025,A01,73.57,,2026-08-25 13:40:00.180732
OEUM002642000000013111101,26420,"Houston-The Woodlands-Sugar Land, TX",M,131111,Management Analysts,01,employment,2025,A01,9050.0,,2026-08-25 13:40:00.180732
OEUM002642000000013111104,26420,"Houston-The Woodlands-Sugar Land, TX",M,131111,Management Analysts,04,annual_mean_wage,2025,A01,112520.0,,2026-08-25 13:40:00.180732
OEUM002642000000013111113,26420,"Houston-The Woodlands-Sugar Land, TX",M,131111,Management Analysts,13,annual_median_wage,2025,A01,101120.0,,2026-08-25 13:40:00.180732
OEUM002642000000013111103,26420,"Houston-The Woodlands-Sugar Land, TX",M,131111,Management Analysts,03,hourly_mean_wage,2025,A01,54.09,,2026-08-25 13:40:00.180732
OEUM002642000000013111108,26420,"Houston-The Woodlands-Sugar Land, TX",M,131111,Management Analysts,08,hourly_median_wage,2025,A01,48.62,,2026-08-25 13:40:00.180732
OEUM002642000000029206101,26420,"Houston-The Woodlands-Sugar Land, TX",M,292061,Licensed Practical and Licensed Vocational Nurses,01,employment,2025,A01,10730.0,,2026-08-25 13:40:00.180732
OEUM002642000000029206104,26420,"Houston-The Woodlands-Sugar Land, TX",M,292061,Licensed Practical and Licensed Vocational Nurses,04,annual_mean_wage,2025,A01,65290.0,,2026-08-25 13:40:00.180732
OEUM002642000000029206113,26420,"Houston-The Woodlands-Sugar Land, TX",M,292061,Licensed Practical and Licensed Vocational Nurses,13,annual_median_wage,2025,A01,63670.0,,2026-08-25 13:40:00.180732
OEUM002642000000029206103,26420,"Houston-The Woodlands-Sugar Land, TX",M,292061,Licensed Practical and Licensed Vocational Nurses,03,hourly_mean_wage,2025,A01,31.39,,2026-08-25 13:40:00.180732
OEUM002642000000029206108,26420,"Houston-The Woodlands-Sugar Land, TX",M,292061,Licensed Practical and Licensed Vocational Nurses,08,hourly_median_wage,2025,A01,30.61,,2026-08-25 13:40:00.180732
OEUM002642000000025119401,26420,"Houston-The Woodlands-Sugar Land, TX",M,251194,"Career/Technical Education Teachers, Postsecondary",01,employment,2025,A01,2440.0,,2026-08-25 13:40:00.180732
OEUM002642000000025119404,26420,"Houston-The Woodlands-Sugar Land, TX",M,251194,"Career/Technical Education Teachers, Postsecondary",04,annual_mean_wage,2025,A01,74770.0,,2026-08-25 13:40:00.180732
OEUM002642000000025119413,26420,"Houston-The Woodlands-Sugar Land, TX",M,251194,"Career/Technical Education Teachers, Postsecondary",13,annual_median_wage,2025,A01,74570.0,,2026-08-25 13:40:00.180732
OEUM002642000000025119403,26420,"Houston-The Woodlands-Sugar Land, TX",M,251194,"Career/Technical Education Teachers, Postsecondary",03,hourly_mean_wage,2025,A01,35.95,,2026-08-25 13:40:00.180732
OEUM002642000000025119408,26420,"Houston-The Woodlands-Sugar Land, TX",M,251194,"Career/Technical Education Teachers, Postsecondary",08,hourly_median_wage,2025,A01,35.85,,2026-08-25 13:40:00.180732
OEUM002642000000041302101,26420,"Houston-The Woodlands-Sugar Land, TX",M,413021,Insurance Sales Agents,01,employment,2025,A01,8000.0,,2026-08-25 13:40:00.180732
OEUM002642000000041302104,26420,"Houston-The Woodlands-Sugar Land, TX",M,413021,Insurance Sales Agents,04,annual_mean_wage,2025,A01,70050.0,,2026-08-25 13:40:00.180732
OEUM002642000000041302113,26420,"Houston-The Woodlands-Sugar Land, TX",M,413021,Insurance Sales Agents,13,annual_median_wage,2025,A01,46460.0,,2026-08-25 13:40:00.180732
OEUM002642000000041302103,26420,"Houston-The Woodlands-Sugar Land, TX",M,413021,Insurance Sales Agents,03,hourly_mean_wage,2025,A01,33.68,,2026-08-25 13:40:00.180732
OEUM002642000000041302108,26420,"Houston-The Woodlands-Sugar Land, TX",M,413021,Insurance Sales Agents,08,hourly_median_wage,2025,A01,22.34,,2026-08-25 13:40:00.180732
OEUM002642000000043601401,26420,"Houston-The Woodlands-Sugar Land, TX",M,436014,Secretaries and Administrative Assistants,01,employment,2025,A01,33710.0,,2026-08-25 13:40:00.180732
OEUM002642000000043601404,26420,"Houston-The Woodlands-Sugar Land, TX",M,436014,Secretaries and Administrative Assistants,04,annual_mean_wage,2025,A01,47460.0,,2026-08-25 13:40:00.180732
OEUM002642000000043601413,26420,"Houston-The Woodlands-Sugar Land, TX",M,436014,Secretaries and Administrative Assistants,13,annual_median_wage,2025,A01,46750.0,,2026-08-25 13:40:00.180732
OEUM002642000000043601403,26420,"Houston-The Woodlands-Sugar Land, TX",M,436014,Secretaries and Administrative Assistants,03,hourly_mean_wage,2025,A01,22.82,,2026-08-25 13:40:00.180732
OEUM002642000000043601408,26420,"Houston-The Woodlands-Sugar Land, TX",M,436014,Secretaries and Administrative Assistants,08,hourly_median_wage,2025,A01,22.48,,2026-08-25 13:40:00.180732
OEUM004790000000000000001,47900,"Washington-Arlington-Alexandria, DC-VA-MD-WV",M,000000,All occupations,01,employment,2025,A01,3136190.0,,2026-08-25 13:40:00.180732
OEUM004790000000000000004,47900,"Washington-Arlington-Alexandria, DC-VA-MD-WV",M,000000,All occupations,04,annual_mean_wage,2025,A01,91930.0,,2026-08-25 13:40:00.180732
OEUM004790000000000000013,47900,"Washington-Arlington-Alexandria, DC-VA-MD-WV",M,000000,All occupations,13,annual_median_wage,2025,A01,71060.0,,2026-08-25 13:40:00.180732
OEUM004790000000000000003,47900,"Washington-Arlington-Alexandria, DC-VA-MD-WV",M,000000,All occupations,03,hourly_mean_wage,2025,A01,44.2,,2026-08-25 13:40:00.180732
OEUM004790000000000000008,47900,"Washington-Arlington-Alexandria, DC-VA-MD-WV",M,000000,All occupations,08,hourly_median_wage,2025,A01,34.16,,2026-08-25 13:40:00.180732
OEUM004790000000015125201,47900,"Washington-Arlington-Alexandria, DC-VA-MD-WV",M,151252,Software Developers,01,employment,2025,A01,69060.0,,2026-08-25 13:40:00.180732
OEUM004790000000015125204,47900,"Washington-Arlington-Alexandria, DC-VA-MD-WV",M,151252,Software Developers,04,annual_mean_wage,2025,A01,153100.0,,2026-08-25 13:40:00.180732
OEUM004790000000015125213,47900,"Washington-Arlington-Alexandria, DC-VA-MD-WV",M,151252,Software Developers,13,annual_median_wage,2025,A01,154930.0,,2026-08-25 13:40:00.180732
OEUM004790000000015125203,47900,"Washington-Arlington-Alexandria, DC-VA-MD-WV",M,151252,Software Developers,03,hourly_mean_wage,2025,A01,73.61,,2026-08-25 13:40:00.180732
OEUM004790000000015125208,47900,"Washington-Arlington-Alexandria, DC-VA-MD-WV",M,151252,Software Developers,08,hourly_median_wage,2025,A01,74.49,,2026-08-25 13:40:00.180732
OEUM004790000000015125401,47900,"Washington-Arlington-Alexandria, DC-VA-MD-WV",M,151254,Web Developers,01,employment,2025,A01,3840.0,,2026-08-25 13:40:00.180732
OEUM004790000000015125404,47900,"Washington-Arlington-Alexandria, DC-VA-MD-WV",M,151254,Web Developers,04,annual_mean_wage,2025,A01,135690.0,,2026-08-25 13:40:00.180732
OEUM004790000000015125413,47900,"Washington-Arlington-Alexandria, DC-VA-MD-WV",M,151254,Web Developers,13,annual_median_wage,2025,A01,134350.0,,2026-08-25 13:40:00.180732
OEUM004790000000015125403,47900,"Washington-Arlington-Alexandria, DC-VA-MD-WV",M,151254,Web Developers,03,hourly_mean_wage,2025,A01,65.24,,2026-08-25 13:40:00.180732
OEUM004790000000015125408,47900,"Washington-Arlington-Alexandria, DC-VA-MD-WV",M,151254,Web Developers,08,hourly_median_wage,2025,A01,64.59,,2026-08-25 13:40:00.180732
OEUM004790000000015121101,47900,"Washington-Arlington-Alexandria, DC-VA-MD-WV",M,151211,Computer Systems Analysts,01,employment,2025,A01,18620.0,,2026-08-25 13:40:00.180732
OEUM004790000000015121104,47900,"Washington-Arlington-Alexandria, DC-VA-MD-WV",M,151211,Computer Systems Analysts,04,annual_mean_wage,2025,A01,128780.0,,2026-08-25 13:40:00.180732
OEUM004790000000015121113,47900,"Washington-Arlington-Alexandria, DC-VA-MD-WV",M,151211,Computer Systems Analysts,13,annual_median_wage,2025,A01,127040.0,,2026-08-25 13:40:00.180732
OEUM004790000000015121103,47900,"Washington-Arlington-Alexandria, DC-VA-MD-WV",M,151211,Computer Systems Analysts,03,hourly_mean_wage,2025,A01,61.91,,2026-08-25 13:40:00.180732
OEUM004790000000015121108,47900,"Washington-Arlington-Alexandria, DC-VA-MD-WV",M,151211,Computer Systems Analysts,08,hourly_median_wage,2025,A01,61.08,,2026-08-25 13:40:00.180732
OEUM004790000000011202101,47900,"Washington-Arlington-Alexandria, DC-VA-MD-WV",M,112021,Marketing Managers,01,employment,2025,A01,8900.0,,2026-08-25 13:40:00.180732
OEUM004790000000011202104,47900,"Washington-Arlington-Alexandria, DC-VA-MD-WV",M,112021,Marketing Managers,04,annual_mean_wage,2025,A01,195000.0,,2026-08-25 13:40:00.180732
OEUM004790000000011202113,47900,"Washington-Arlington-Alexandria, DC-VA-MD-WV",M,112021,Marketing Managers,13,annual_median_wage,2025,A01,181260.0,,2026-08-25 13:40:00.180732
OEUM004790000000011202103,47900,"Washington-Arlington-Alexandria, DC-VA-MD-WV",M,112021,Marketing Managers,03,hourly_mean_wage,2025,A01,93.75,,2026-08-25 13:40:00.180732
OEUM004790000000011202108,47900,"Washington-Arlington-Alexandria, DC-VA-MD-WV",M,112021,Marketing Managers,08,hourly_median_wage,2025,A01,87.14,,2026-08-25 13:40:00.180732
OEUM004790000000013111101,47900,"Washington-Arlington-Alexandria, DC-VA-MD-WV",M,131111,Management Analysts,01,employment,2025,A01,62360.0,,2026-08-25 13:40:00.180732
OEUM004790000000013111104,47900,"Washington-Arlington-Alexandria, DC-VA-MD-WV",M,131111,Management Analysts,04,annual_mean_wage,2025,A01,145310.0,,2026-08-25 13:40:00.180732
OEUM004790000000013111113,47900,"Washington-Arlington-Alexandria, DC-VA-MD-WV",M,131111,Management Analysts,13,annual_median_wage,2025,A01,126830.0,,2026-08-25 13:40:00.180732
OEUM004790000000013111103,47900,"Washington-Arlington-Alexandria, DC-VA-MD-WV",M,131111,Management Analysts,03,hourly_mean_wage,2025,A01,69.86,,2026-08-25 13:40:00.180732
OEUM004790000000013111108,47900,"Washington-Arlington-Alexandria, DC-VA-MD-WV",M,131111,Management Analysts,08,hourly_median_wage,2025,A01,60.97,,2026-08-25 13:40:00.180732
OEUM004790000000029206101,47900,"Washington-Arlington-Alexandria, DC-VA-MD-WV",M,292061,Licensed Practical and Licensed Vocational Nurses,01,employment,2025,A01,7170.0,,2026-08-25 13:40:00.180732
OEUM004790000000029206104,47900,"Washington-Arlington-Alexandria, DC-VA-MD-WV",M,292061,Licensed Practical and Licensed Vocational Nurses,04,annual_mean_wage,2025,A01,74560.0,,2026-08-25 13:40:00.180732
OEUM004790000000029206113,47900,"Washington-Arlington-Alexandria, DC-VA-MD-WV",M,292061,Licensed Practical and Licensed Vocational Nurses,13,annual_median_wage,2025,A01,75860.0,,2026-08-25 13:40:00.180732
OEUM004790000000029206103,47900,"Washington-Arlington-Alexandria, DC-VA-MD-WV",M,292061,Licensed Practical and Licensed Vocational Nurses,03,hourly_mean_wage,2025,A01,35.85,,2026-08-25 13:40:00.180732
OEUM004790000000029206108,47900,"Washington-Arlington-Alexandria, DC-VA-MD-WV",M,292061,Licensed Practical and Licensed Vocational Nurses,08,hourly_median_wage,2025,A01,36.47,,2026-08-25 13:40:00.180732
OEUM004790000000025119401,47900,"Washington-Arlington-Alexandria, DC-VA-MD-WV",M,251194,"Career/Technical Education Teachers, Postsecondary",01,employment,2025,A01,770.0,,2026-08-25 13:40:00.180732
OEUM004790000000025119404,47900,"Washington-Arlington-Alexandria, DC-VA-MD-WV",M,251194,"Career/Technical Education Teachers, Postsecondary",04,annual_mean_wage,2025,A01,70480.0,,2026-08-25 13:40:00.180732
OEUM004790000000025119413,47900,"Washington-Arlington-Alexandria, DC-VA-MD-WV",M,251194,"Career/Technical Education Teachers, Postsecondary",13,annual_median_wage,2025,A01,60290.0,,2026-08-25 13:40:00.180732
OEUM004790000000025119403,47900,"Washington-Arlington-Alexandria, DC-VA-MD-WV",M,251194,"Career/Technical Education Teachers, Postsecondary",03,hourly_mean_wage,2025,A01,33.89,,2026-08-25 13:40:00.180732
OEUM004790000000025119408,47900,"Washington-Arlington-Alexandria, DC-VA-MD-WV",M,251194,"Career/Technical Education Teachers, Postsecondary",08,hourly_median_wage,2025,A01,28.98,,2026-08-25 13:40:00.180732
OEUM004790000000041302101,47900,"Washington-Arlington-Alexandria, DC-VA-MD-WV",M,413021,Insurance Sales Agents,01,employment,2025,A01,4030.0,,2026-08-25 13:40:00.180732
OEUM004790000000041302104,47900,"Washington-Arlington-Alexandria, DC-VA-MD-WV",M,413021,Insurance Sales Agents,04,annual_mean_wage,2025,A01,79780.0,,2026-08-25 13:40:00.180732
OEUM004790000000041302113,47900,"Washington-Arlington-Alexandria, DC-VA-MD-WV",M,413021,Insurance Sales Agents,13,annual_median_wage,2025,A01,65260.0,,2026-08-25 13:40:00.180732
OEUM004790000000041302103,47900,"Washington-Arlington-Alexandria, DC-VA-MD-WV",M,413021,Insurance Sales Agents,03,hourly_mean_wage,2025,A01,38.35,,2026-08-25 13:40:00.180732
OEUM004790000000041302108,47900,"Washington-Arlington-Alexandria, DC-VA-MD-WV",M,413021,Insurance Sales Agents,08,hourly_median_wage,2025,A01,31.37,,2026-08-25 13:40:00.180732
OEUM004790000000043601401,47900,"Washington-Arlington-Alexandria, DC-VA-MD-WV",M,436014,Secretaries and Administrative Assistants,01,employment,2025,A01,37010.0,,2026-08-25 13:40:00.180732
OEUM004790000000043601404,47900,"Washington-Arlington-Alexandria, DC-VA-MD-WV",M,436014,Secretaries and Administrative Assistants,04,annual_mean_wage,2025,A01,56400.0,,2026-08-25 13:40:00.180732
OEUM004790000000043601413,47900,"Washington-Arlington-Alexandria, DC-VA-MD-WV",M,436014,Secretaries and Administrative Assistants,13,annual_median_wage,2025,A01,53660.0,,2026-08-25 13:40:00.180732
OEUM004790000000043601403,47900,"Washington-Arlington-Alexandria, DC-VA-MD-WV",M,436014,Secretaries and Administrative Assistants,03,hourly_mean_wage,2025,A01,27.12,,2026-08-25 13:40:00.180732
OEUM004790000000043601408,47900,"Washington-Arlington-Alexandria, DC-VA-MD-WV",M,436014,Secretaries and Administrative Assistants,08,hourly_median_wage,2025,A01,25.8,,2026-08-25 13:40:00.180732
OEUM003310000000000000001,33100,"Miami-Fort Lauderdale-Pompano Beach, FL",M,000000,All occupations,01,employment,2025,A01,2819940.0,,2026-08-25 13:40:00.180732
OEUM003310000000000000004,33100,"Miami-Fort Lauderdale-Pompano Beach, FL",M,000000,All occupations,04,annual_mean_wage,2025,A01,67190.0,,2026-08-25 13:40:00.180732
OEUM003310000000000000013,33100,"Miami-Fort Lauderdale-Pompano Beach, FL",M,000000,All occupations,13,annual_median_wage,2025,A01,48640.0,,2026-08-25 13:40:00.180732
OEUM003310000000000000003,33100,"Miami-Fort Lauderdale-Pompano Beach, FL",M,000000,All occupations,03,hourly_mean_wage,2025,A01,32.3,,2026-08-25 13:40:00.180732
OEUM003310000000000000008,33100,"Miami-Fort Lauderdale-Pompano Beach, FL",M,000000,All occupations,08,hourly_median_wage,2025,A01,23.39,,2026-08-25 13:40:00.180732
OEUM003310000000015125201,33100,"Miami-Fort Lauderdale-Pompano Beach, FL",M,151252,Software Developers,01,employment,2025,A01,18900.0,,2026-08-25 13:40:00.180732
OEUM003310000000015125204,33100,"Miami-Fort Lauderdale-Pompano Beach, FL",M,151252,Software Developers,04,annual_mean_wage,2025,A01,144730.0,,2026-08-25 13:40:00.180732
OEUM003310000000015125213,33100,"Miami-Fort Lauderdale-Pompano Beach, FL",M,151252,Software Developers,13,annual_median_wage,2025,A01,132650.0,,2026-08-25 13:40:00.180732
OEUM003310000000015125203,33100,"Miami-Fort Lauderdale-Pompano Beach, FL",M,151252,Software Developers,03,hourly_mean_wage,2025,A01,69.58,,2026-08-25 13:40:00.180732
OEUM003310000000015125208,33100,"Miami-Fort Lauderdale-Pompano Beach, FL",M,151252,Software Developers,08,hourly_median_wage,2025,A01,63.77,,2026-08-25 13:40:00.180732
OEUM003310000000015125401,33100,"Miami-Fort Lauderdale-Pompano Beach, FL",M,151254,Web Developers,01,employment,2025,A01,1160.0,,2026-08-25 13:40:00.180732
OEUM003310000000015125404,33100,"Miami-Fort Lauderdale-Pompano Beach, FL",M,151254,Web Developers,04,annual_mean_wage,2025,A01,,8,2026-08-25 13:40:00.180732
OEUM003310000000015125413,33100,"Miami-Fort Lauderdale-Pompano Beach, FL",M,151254,Web Developers,13,annual_median_wage,2025,A01,,8,2026-08-25 13:40:00.180732
OEUM003310000000015125403,33100,"Miami-Fort Lauderdale-Pompano Beach, FL",M,151254,Web Developers,03,hourly_mean_wage,2025,A01,,8,2026-08-25 13:40:00.180732
OEUM003310000000015125408,33100,"Miami-Fort Lauderdale-Pompano Beach, FL",M,151254,Web Developers,08,hourly_median_wage,2025,A01,,8,2026-08-25 13:40:00.180732
OEUM003310000000015121101,33100,"Miami-Fort Lauderdale-Pompano Beach, FL",M,151211,Computer Systems Analysts,01,employment,2025,A01,9000.0,,2026-08-25 13:40:00.180732
OEUM003310000000015121104,33100,"Miami-Fort Lauderdale-Pompano Beach, FL",M,151211,Computer Systems Analysts,04,annual_mean_wage,2025,A01,106670.0,,2026-08-25 13:40:00.180732
OEUM003310000000015121113,33100,"Miami-Fort Lauderdale-Pompano Beach, FL",M,151211,Computer Systems Analysts,13,annual_median_wage,2025,A01,103650.0,,2026-08-25 13:40:00.180732
OEUM003310000000015121103,33100,"Miami-Fort Lauderdale-Pompano Beach, FL",M,151211,Computer Systems Analysts,03,hourly_mean_wage,2025,A01,51.28,,2026-08-25 13:40:00.180732
OEUM003310000000015121108,33100,"Miami-Fort Lauderdale-Pompano Beach, FL",M,151211,Computer Systems Analysts,08,hourly_median_wage,2025,A01,49.83,,2026-08-25 13:40:00.180732
OEUM003310000000011202101,33100,"Miami-Fort Lauderdale-Pompano Beach, FL",M,112021,Marketing Managers,01,employment,2025,A01,7530.0,,2026-08-25 13:40:00.180732
OEUM003310000000011202104,33100,"Miami-Fort Lauderdale-Pompano Beach, FL",M,112021,Marketing Managers,04,annual_mean_wage,2025,A01,155840.0,,2026-08-25 13:40:00.180732
OEUM003310000000011202113,33100,"Miami-Fort Lauderdale-Pompano Beach, FL",M,112021,Marketing Managers,13,annual_median_wage,2025,A01,135870.0,,2026-08-25 13:40:00.180732
OEUM003310000000011202103,33100,"Miami-Fort Lauderdale-Pompano Beach, FL",M,112021,Marketing Managers,03,hourly_mean_wage,2025,A01,74.92,,2026-08-25 13:40:00.180732
OEUM003310000000011202108,33100,"Miami-Fort Lauderdale-Pompano Beach, FL",M,112021,Marketing Managers,08,hourly_median_wage,2025,A01,65.32,,2026-08-25 13:40:00.180732
OEUM003310000000013111101,33100,"Miami-Fort Lauderdale-Pompano Beach, FL",M,131111,Management Analysts,01,employment,2025,A01,16540.0,,2026-08-25 13:40:00.180732
OEUM003310000000013111104,33100,"Miami-Fort Lauderdale-Pompano Beach, FL",M,131111,Management Analysts,04,annual_mean_wage,2025,A01,106550.0,,2026-08-25 13:40:00.180732
OEUM003310000000013111113,33100,"Miami-Fort Lauderdale-Pompano Beach, FL",M,131111,Management Analysts,13,annual_median_wage,2025,A01,94290.0,,2026-08-25 13:40:00.180732
OEUM003310000000013111103,33100,"Miami-Fort Lauderdale-Pompano Beach, FL",M,131111,Management Analysts,03,hourly_mean_wage,2025,A01,51.23,,2026-08-25 13:40:00.180732
OEUM003310000000013111108,33100,"Miami-Fort Lauderdale-Pompano Beach, FL",M,131111,Management Analysts,08,hourly_median_wage,2025,A01,45.33,,2026-08-25 13:40:00.180732
OEUM003310000000029206101,33100,"Miami-Fort Lauderdale-Pompano Beach, FL",M,292061,Licensed Practical and Licensed Vocational Nurses,01,employment,2025,A01,8900.0,,2026-08-25 13:40:00.180732
OEUM003310000000029206104,33100,"Miami-Fort Lauderdale-Pompano Beach, FL",M,292061,Licensed Practical and Licensed Vocational Nurses,04,annual_mean_wage,2025,A01,63610.0,,2026-08-25 13:40:00.180732
OEUM003310000000029206113,33100,"Miami-Fort Lauderdale-Pompano Beach, FL",M,292061,Licensed Practical and Licensed Vocational Nurses,13,annual_median_wage,2025,A01,62610.0,,2026-08-25 13:40:00.180732
OEUM003310000000029206103,33100,"Miami-Fort Lauderdale-Pompano Beach, FL",M,292061,Licensed Practical and Licensed Vocational Nurses,03,hourly_mean_wage,2025,A01,30.58,,2026-08-25 13:40:00.180732
OEUM003310000000029206108,33100,"Miami-Fort Lauderdale-Pompano Beach, FL",M,292061,Licensed Practical and Licensed Vocational Nurses,08,hourly_median_wage,2025,A01,30.1,,2026-08-25 13:40:00.180732
OEUM003310000000025119401,33100,"Miami-Fort Lauderdale-Pompano Beach, FL",M,251194,"Career/Technical Education Teachers, Postsecondary",01,employment,2025,A01,2490.0,,2026-08-25 13:40:00.180732
OEUM003310000000025119404,33100,"Miami-Fort Lauderdale-Pompano Beach, FL",M,251194,"Career/Technical Education Teachers, Postsecondary",04,annual_mean_wage,2025,A01,71120.0,,2026-08-25 13:40:00.180732
OEUM003310000000025119413,33100,"Miami-Fort Lauderdale-Pompano Beach, FL",M,251194,"Career/Technical Education Teachers, Postsecondary",13,annual_median_wage,2025,A01,63420.0,,2026-08-25 13:40:00.180732
OEUM003310000000025119403,33100,"Miami-Fort Lauderdale-Pompano Beach, FL",M,251194,"Career/Technical Education Teachers, Postsecondary",03,hourly_mean_wage,2025,A01,34.19,,2026-08-25 13:40:00.180732
OEUM003310000000025119408,33100,"Miami-Fort Lauderdale-Pompano Beach, FL",M,251194,"Career/Technical Education Teachers, Postsecondary",08,hourly_median_wage,2025,A01,30.49,,2026-08-25 13:40:00.180732
OEUM003310000000041302101,33100,"Miami-Fort Lauderdale-Pompano Beach, FL",M,413021,Insurance Sales Agents,01,employment,2025,A01,14160.0,,2026-08-25 13:40:00.180732
OEUM003310000000041302104,33100,"Miami-Fort Lauderdale-Pompano Beach, FL",M,413021,Insurance Sales Agents,04,annual_mean_wage,2025,A01,74620.0,,2026-08-25 13:40:00.180732
OEUM003310000000041302113,33100,"Miami-Fort Lauderdale-Pompano Beach, FL",M,413021,Insurance Sales Agents,13,annual_median_wage,2025,A01,60260.0,,2026-08-25 13:40:00.180732
OEUM003310000000041302103,33100,"Miami-Fort Lauderdale-Pompano Beach, FL",M,413021,Insurance Sales Agents,03,hourly_mean_wage,2025,A01,35.87,,2026-08-25 13:40:00.180732
OEUM003310000000041302108,33100,"Miami-Fort Lauderdale-Pompano Beach, FL",M,413021,Insurance Sales Agents,08,hourly_median_wage,2025,A01,28.97,,2026-08-25 13:40:00.180732
OEUM003310000000043601401,33100,"Miami-Fort Lauderdale-Pompano Beach, FL",M,436014,Secretaries and Administrative Assistants,01,employment,2025,A01,33380.0,,2026-08-25 13:40:00.180732
OEUM003310000000043601404,33100,"Miami-Fort Lauderdale-Pompano Beach, FL",M,436014,Secretaries and Administrative Assistants,04,annual_mean_wage,2025,A01,48550.0,,2026-08-25 13:40:00.180732
OEUM003310000000043601413,33100,"Miami-Fort Lauderdale-Pompano Beach, FL",M,436014,Secretaries and Administrative Assistants,13,annual_median_wage,2025,A01,47450.0,,2026-08-25 13:40:00.180732
OEUM003310000000043601403,33100,"Miami-Fort Lauderdale-Pompano Beach, FL",M,436014,Secretaries and Administrative Assistants,03,hourly_mean_wage,2025,A01,23.34,,2026-08-25 13:40:00.180732
OEUM003310000000043601408,33100,"Miami-Fort Lauderdale-Pompano Beach, FL",M,436014,Secretaries and Administrative Assistants,08,hourly_median_wage,2025,A01,22.81,,2026-08-25 13:40:00.180732
OEUM001206000000000000001,12060,"Atlanta-Sandy Springs-Alpharetta, GA",M,000000,All occupations,01,employment,2025,A01,2889670.0,,2026-08-25 13:40:00.180732
OEUM001206000000000000004,12060,"Atlanta-Sandy Springs-Alpharetta, GA",M,000000,All occupations,04,annual_mean_wage,2025,A01,71900.0,,2026-08-25 13:40:00.180732
OEUM001206000000000000013,12060,"Atlanta-Sandy Springs-Alpharetta, GA",M,000000,All occupations,13,annual_median_wage,2025,A01,51170.0,,2026-08-25 13:40:00.180732
OEUM001206000000000000003,12060,"Atlanta-Sandy Springs-Alpharetta, GA",M,000000,All occupations,03,hourly_mean_wage,2025,A01,34.57,,2026-08-25 13:40:00.180732
OEUM001206000000000000008,12060,"Atlanta-Sandy Springs-Alpharetta, GA",M,000000,All occupations,08,hourly_median_wage,2025,A01,24.6,,2026-08-25 13:40:00.180732
OEUM001206000000015125201,12060,"Atlanta-Sandy Springs-Alpharetta, GA",M,151252,Software Developers,01,employment,2025,A01,36300.0,,2026-08-25 13:40:00.180732
OEUM001206000000015125204,12060,"Atlanta-Sandy Springs-Alpharetta, GA",M,151252,Software Developers,04,annual_mean_wage,2025,A01,135870.0,,2026-08-25 13:40:00.180732
OEUM001206000000015125213,12060,"Atlanta-Sandy Springs-Alpharetta, GA",M,151252,Software Developers,13,annual_median_wage,2025,A01,132960.0,,2026-08-25 13:40:00.180732
OEUM001206000000015125203,12060,"Atlanta-Sandy Springs-Alpharetta, GA",M,151252,Software Developers,03,hourly_mean_wage,2025,A01,65.32,,2026-08-25 13:40:00.180732
OEUM001206000000015125208,12060,"Atlanta-Sandy Springs-Alpharetta, GA",M,151252,Software Developers,08,hourly_median_wage,2025,A01,63.92,,2026-08-25 13:40:00.180732
OEUM001206000000015125401,12060,"Atlanta-Sandy Springs-Alpharetta, GA",M,151254,Web Developers,01,employment,2025,A01,990.0,,2026-08-25 13:40:00.180732
OEUM001206000000015125404,12060,"Atlanta-Sandy Springs-Alpharetta, GA",M,151254,Web Developers,04,annual_mean_wage,2025,A01,97800.0,,2026-08-25 13:40:00.180732
OEUM001206000000015125413,12060,"Atlanta-Sandy Springs-Alpharetta, GA",M,151254,Web Developers,13,annual_median_wage,2025,A01,93590.0,,2026-08-25 13:40:00.180732
OEUM001206000000015125403,12060,"Atlanta-Sandy Springs-Alpharetta, GA",M,151254,Web Developers,03,hourly_mean_wage,2025,A01,47.02,,2026-08-25 13:40:00.180732
OEUM001206000000015125408,12060,"Atlanta-Sandy Springs-Alpharetta, GA",M,151254,Web Developers,08,hourly_median_wage,2025,A01,44.99,,2026-08-25 13:40:00.180732
OEUM001206000000015121101,12060,"Atlanta-Sandy Springs-Alpharetta, GA",M,151211,Computer Systems Analysts,01,employment,2025,A01,8300.0,,2026-08-25 13:40:00.180732
OEUM001206000000015121104,12060,"Atlanta-Sandy Springs-Alpharetta, GA",M,151211,Computer Systems Analysts,04,annual_mean_wage,2025,A01,119700.0,,2026-08-25 13:40:00.180732
OEUM001206000000015121113,12060,"Atlanta-Sandy Springs-Alpharetta, GA",M,151211,Computer Systems Analysts,13,annual_median_wage,2025,A01,119090.0,,2026-08-25 13:40:00.180732
OEUM001206000000015121103,12060,"Atlanta-Sandy Springs-Alpharetta, GA",M,151211,Computer Systems Analysts,03,hourly_mean_wage,2025,A01,57.55,,2026-08-25 13:40:00.180732
OEUM001206000000015121108,12060,"Atlanta-Sandy Springs-Alpharetta, GA",M,151211,Computer Systems Analysts,08,hourly_median_wage,2025,A01,57.25,,2026-08-25 13:40:00.180732
OEUM001206000000011202101,12060,"Atlanta-Sandy Springs-Alpharetta, GA",M,112021,Marketing Managers,01,employment,2025,A01,6700.0,,2026-08-25 13:40:00.180732
OEUM001206000000011202104,12060,"Atlanta-Sandy Springs-Alpharetta, GA",M,112021,Marketing Managers,04,annual_mean_wage,2025,A01,171480.0,,2026-08-25 13:40:00.180732
OEUM001206000000011202113,12060,"Atlanta-Sandy Springs-Alpharetta, GA",M,112021,Marketing Managers,13,annual_median_wage,2025,A01,163500.0,,2026-08-25 13:40:00.180732
OEUM001206000000011202103,12060,"Atlanta-Sandy Springs-Alpharetta, GA",M,112021,Marketing Managers,03,hourly_mean_wage,2025,A01,82.44,,2026-08-25 13:40:00.180732
OEUM001206000000011202108,12060,"Atlanta-Sandy Springs-Alpharetta, GA",M,112021,Marketing Managers,08,hourly_median_wage,2025,A01,78.6,,2026-08-25 13:40:00.180732
OEUM001206000000013111101,12060,"Atlanta-Sandy Springs-Alpharetta, GA",M,131111,Management Analysts,01,employment,2025,A01,26870.0,,2026-08-25 13:40:00.180732
OEUM001206000000013111104,12060,"Atlanta-Sandy Springs-Alpharetta, GA",M,131111,Management Analysts,04,annual_mean_wage,2025,A01,110990.0,,2026-08-25 13:40:00.180732
OEUM001206000000013111113,12060,"Atlanta-Sandy Springs-Alpharetta, GA",M,131111,Management Analysts,13,annual_median_wage,2025,A01,101220.0,,2026-08-25 13:40:00.180732
OEUM001206000000013111103,12060,"Atlanta-Sandy Springs-Alpharetta, GA",M,131111,Management Analysts,03,hourly_mean_wage,2025,A01,53.36,,2026-08-25 13:40:00.180732
OEUM001206000000013111108,12060,"Atlanta-Sandy Springs-Alpharetta, GA",M,131111,Management Analysts,08,hourly_median_wage,2025,A01,48.66,,2026-08-25 13:40:00.180732
OEUM001206000000029206101,12060,"Atlanta-Sandy Springs-Alpharetta, GA",M,292061,Licensed Practical and Licensed Vocational Nurses,01,employment,2025,A01,9710.0,,2026-08-25 13:40:00.180732
OEUM001206000000029206104,12060,"Atlanta-Sandy Springs-Alpharetta, GA",M,292061,Licensed Practical and Licensed Vocational Nurses,04,annual_mean_wage,2025,A01,64890.0,,2026-08-25 13:40:00.180732
OEUM001206000000029206113,12060,"Atlanta-Sandy Springs-Alpharetta, GA",M,292061,Licensed Practical and Licensed Vocational Nurses,13,annual_median_wage,2025,A01,65060.0,,2026-08-25 13:40:00.180732
OEUM001206000000029206103,12060,"Atlanta-Sandy Springs-Alpharetta, GA",M,292061,Licensed Practical and Licensed Vocational Nurses,03,hourly_mean_wage,2025,A01,31.2,,2026-08-25 13:40:00.180732
OEUM001206000000029206108,12060,"Atlanta-Sandy Springs-Alpharetta, GA",M,292061,Licensed Practical and Licensed Vocational Nurses,08,hourly_median_wage,2025,A01,31.28,,2026-08-25 13:40:00.180732
OEUM001206000000025119401,12060,"Atlanta-Sandy Springs-Alpharetta, GA",M,251194,"Career/Technical Education Teachers, Postsecondary",01,employment,2025,A01,1220.0,,2026-08-25 13:40:00.180732
OEUM001206000000025119404,12060,"Atlanta-Sandy Springs-Alpharetta, GA",M,251194,"Career/Technical Education Teachers, Postsecondary",04,annual_mean_wage,2025,A01,63410.0,,2026-08-25 13:40:00.180732
OEUM001206000000025119413,12060,"Atlanta-Sandy Springs-Alpharetta, GA",M,251194,"Career/Technical Education Teachers, Postsecondary",13,annual_median_wage,2025,A01,62700.0,,2026-08-25 13:40:00.180732
OEUM001206000000025119403,12060,"Atlanta-Sandy Springs-Alpharetta, GA",M,251194,"Career/Technical Education Teachers, Postsecondary",03,hourly_mean_wage,2025,A01,30.49,,2026-08-25 13:40:00.180732
OEUM001206000000025119408,12060,"Atlanta-Sandy Springs-Alpharetta, GA",M,251194,"Career/Technical Education Teachers, Postsecondary",08,hourly_median_wage,2025,A01,30.15,,2026-08-25 13:40:00.180732
OEUM001206000000041302101,12060,"Atlanta-Sandy Springs-Alpharetta, GA",M,413021,Insurance Sales Agents,01,employment,2025,A01,9660.0,,2026-08-25 13:40:00.180732
OEUM001206000000041302104,12060,"Atlanta-Sandy Springs-Alpharetta, GA",M,413021,Insurance Sales Agents,04,annual_mean_wage,2025,A01,101810.0,,2026-08-25 13:40:00.180732
OEUM001206000000041302113,12060,"Atlanta-Sandy Springs-Alpharetta, GA",M,413021,Insurance Sales Agents,13,annual_median_wage,2025,A01,75990.0,,2026-08-25 13:40:00.180732
OEUM001206000000041302103,12060,"Atlanta-Sandy Springs-Alpharetta, GA",M,413021,Insurance Sales Agents,03,hourly_mean_wage,2025,A01,48.95,,2026-08-25 13:40:00.180732
OEUM001206000000041302108,12060,"Atlanta-Sandy Springs-Alpharetta, GA",M,413021,Insurance Sales Agents,08,hourly_median_wage,2025,A01,36.54,,2026-08-25 13:40:00.180732
OEUM001206000000043601401,12060,"Atlanta-Sandy Springs-Alpharetta, GA",M,436014,Secretaries and Administrative Assistants,01,employment,2025,A01,25280.0,,2026-08-25 13:40:00.180732
OEUM001206000000043601404,12060,"Atlanta-Sandy Springs-Alpharetta, GA",M,436014,Secretaries and Administrative Assistants,04,annual_mean_wage,2025,A01,45960.0,,2026-08-25 13:40:00.180732
OEUM001206000000043601413,12060,"Atlanta-Sandy Springs-Alpharetta, GA",M,436014,Secretaries and Administrative Assistants,13,annual_median_wage,2025,A01,45270.0,,2026-08-25 13:40:00.180732
OEUM001206000000043601403,12060,"Atlanta-Sandy Springs-Alpharetta, GA",M,436014,Secretaries and Administrative Assistants,03,hourly_mean_wage,2025,A01,22.1,,2026-08-25 13:40:00.180732
OEUM001206000000043601408,12060,"Atlanta-Sandy Springs-Alpharetta, GA",M,436014,Secretaries and Administrative Assistants,08,hourly_median_wage,2025,A01,21.76,,2026-08-25 13:40:00.180732
OEUM003806000000000000001,38060,"Phoenix-Mesa-Chandler, AZ",M,000000,All occupations,01,employment,2025,A01,2375760.0,,2026-08-25 13:40:00.180732
OEUM003806000000000000004,38060,"Phoenix-Mesa-Chandler, AZ",M,000000,All occupations,04,annual_mean_wage,2025,A01,69630.0,,2026-08-25 13:40:00.180732
OEUM003806000000000000013,38060,"Phoenix-Mesa-Chandler, AZ",M,000000,All occupations,13,annual_median_wage,2025,A01,51380.0,,2026-08-25 13:40:00.180732
OEUM003806000000000000003,38060,"Phoenix-Mesa-Chandler, AZ",M,000000,All occupations,03,hourly_mean_wage,2025,A01,33.48,,2026-08-25 13:40:00.180732
OEUM003806000000000000008,38060,"Phoenix-Mesa-Chandler, AZ",M,000000,All occupations,08,hourly_median_wage,2025,A01,24.7,,2026-08-25 13:40:00.180732
OEUM003806000000015125201,38060,"Phoenix-Mesa-Chandler, AZ",M,151252,Software Developers,01,employment,2025,A01,29380.0,,2026-08-25 13:40:00.180732
OEUM003806000000015125204,38060,"Phoenix-Mesa-Chandler, AZ",M,151252,Software Developers,04,annual_mean_wage,2025,A01,135520.0,,2026-08-25 13:40:00.180732
OEUM003806000000015125213,38060,"Phoenix-Mesa-Chandler, AZ",M,151252,Software Developers,13,annual_median_wage,2025,A01,131750.0,,2026-08-25 13:40:00.180732
OEUM003806000000015125203,38060,"Phoenix-Mesa-Chandler, AZ",M,151252,Software Developers,03,hourly_mean_wage,2025,A01,65.15,,2026-08-25 13:40:00.180732
OEUM003806000000015125208,38060,"Phoenix-Mesa-Chandler, AZ",M,151252,Software Developers,08,hourly_median_wage,2025,A01,63.34,,2026-08-25 13:40:00.180732
OEUM003806000000015125401,38060,"Phoenix-Mesa-Chandler, AZ",M,151254,Web Developers,01,employment,2025,A01,750.0,,2026-08-25 13:40:00.180732
OEUM003806000000015125404,38060,"Phoenix-Mesa-Chandler, AZ",M,151254,Web Developers,04,annual_mean_wage,2025,A01,83050.0,,2026-08-25 13:40:00.180732
OEUM003806000000015125413,38060,"Phoenix-Mesa-Chandler, AZ",M,151254,Web Developers,13,annual_median_wage,2025,A01,76230.0,,2026-08-25 13:40:00.180732
OEUM003806000000015125403,38060,"Phoenix-Mesa-Chandler, AZ",M,151254,Web Developers,03,hourly_mean_wage,2025,A01,39.93,,2026-08-25 13:40:00.180732
OEUM003806000000015125408,38060,"Phoenix-Mesa-Chandler, AZ",M,151254,Web Developers,08,hourly_median_wage,2025,A01,36.65,,2026-08-25 13:40:00.180732
OEUM003806000000015121101,38060,"Phoenix-Mesa-Chandler, AZ",M,151211,Computer Systems Analysts,01,employment,2025,A01,9330.0,,2026-08-25 13:40:00.180732
OEUM003806000000015121104,38060,"Phoenix-Mesa-Chandler, AZ",M,151211,Computer Systems Analysts,04,annual_mean_wage,2025,A01,113100.0,,2026-08-25 13:40:00.180732
OEUM003806000000015121113,38060,"Phoenix-Mesa-Chandler, AZ",M,151211,Computer Systems Analysts,13,annual_median_wage,2025,A01,103770.0,,2026-08-25 13:40:00.180732
OEUM003806000000015121103,38060,"Phoenix-Mesa-Chandler, AZ",M,151211,Computer Systems Analysts,03,hourly_mean_wage,2025,A01,54.38,,2026-08-25 13:40:00.180732
OEUM003806000000015121108,38060,"Phoenix-Mesa-Chandler, AZ",M,151211,Computer Systems Analysts,08,hourly_median_wage,2025,A01,49.89,,2026-08-25 13:40:00.180732
OEUM003806000000011202101,38060,"Phoenix-Mesa-Chandler, AZ",M,112021,Marketing Managers,01,employment,2025,A01,4060.0,,2026-08-25 13:40:00.180732
OEUM003806000000011202104,38060,"Phoenix-Mesa-Chandler, AZ",M,112021,Marketing Managers,04,annual_mean_wage,2025,A01,153080.0,,2026-08-25 13:40:00.180732
OEUM003806000000011202113,38060,"Phoenix-Mesa-Chandler, AZ",M,112021,Marketing Managers,13,annual_median_wage,2025,A01,132580.0,,2026-08-25 13:40:00.180732
OEUM003806000000011202103,38060,"Phoenix-Mesa-Chandler, AZ",M,112021,Marketing Managers,03,hourly_mean_wage,2025,A01,73.6,,2026-08-25 13:40:00.180732
OEUM003806000000011202108,38060,"Phoenix-Mesa-Chandler, AZ",M,112021,Marketing Managers,08,hourly_median_wage,2025,A01,63.74,,2026-08-25 13:40:00.180732
OEUM003806000000013111101,38060,"Phoenix-Mesa-Chandler, AZ",M,131111,Management Analysts,01,employment,2025,A01,13730.0,,2026-08-25 13:40:00.180732
OEUM003806000000013111104,38060,"Phoenix-Mesa-Chandler, AZ",M,131111,Management Analysts,04,annual_mean_wage,2025,A01,116820.0,,2026-08-25 13:40:00.180732
OEUM003806000000013111113,38060,"Phoenix-Mesa-Chandler, AZ",M,131111,Management Analysts,13,annual_median_wage,2025,A01,94900.0,,2026-08-25 13:40:00.180732
OEUM003806000000013111103,38060,"Phoenix-Mesa-Chandler, AZ",M,131111,Management Analysts,03,hourly_mean_wage,2025,A01,56.16,,2026-08-25 13:40:00.180732
OEUM003806000000013111108,38060,"Phoenix-Mesa-Chandler, AZ",M,131111,Management Analysts,08,hourly_median_wage,2025,A01,45.62,,2026-08-25 13:40:00.180732
OEUM003806000000029206101,38060,"Phoenix-Mesa-Chandler, AZ",M,292061,Licensed Practical and Licensed Vocational Nurses,01,employment,2025,A01,4450.0,,2026-08-25 13:40:00.180732
OEUM003806000000029206104,38060,"Phoenix-Mesa-Chandler, AZ",M,292061,Licensed Practical and Licensed Vocational Nurses,04,annual_mean_wage,2025,A01,77370.0,,2026-08-25 13:40:00.180732
OEUM003806000000029206113,38060,"Phoenix-Mesa-Chandler, AZ",M,292061,Licensed Practical and Licensed Vocational Nurses,13,annual_median_wage,2025,A01,78080.0,,2026-08-25 13:40:00.180732
OEUM003806000000029206103,38060,"Phoenix-Mesa-Chandler, AZ",M,292061,Licensed Practical and Licensed Vocational Nurses,03,hourly_mean_wage,2025,A01,37.2,,2026-08-25 13:40:00.180732
OEUM003806000000029206108,38060,"Phoenix-Mesa-Chandler, AZ",M,292061,Licensed Practical and Licensed Vocational Nurses,08,hourly_median_wage,2025,A01,37.54,,2026-08-25 13:40:00.180732
OEUM003806000000025119401,38060,"Phoenix-Mesa-Chandler, AZ",M,251194,"Career/Technical Education Teachers, Postsecondary",01,employment,2025,A01,1340.0,,2026-08-25 13:40:00.180732
OEUM003806000000025119404,38060,"Phoenix-Mesa-Chandler, AZ",M,251194,"Career/Technical Education Teachers, Postsecondary",04,annual_mean_wage,2025,A01,77490.0,,2026-08-25 13:40:00.180732
OEUM003806000000025119413,38060,"Phoenix-Mesa-Chandler, AZ",M,251194,"Career/Technical Education Teachers, Postsecondary",13,annual_median_wage,2025,A01,71230.0,,2026-08-25 13:40:00.180732
OEUM003806000000025119403,38060,"Phoenix-Mesa-Chandler, AZ",M,251194,"Career/Technical Education Teachers, Postsecondary",03,hourly_mean_wage,2025,A01,37.25,,2026-08-25 13:40:00.180732
OEUM003806000000025119408,38060,"Phoenix-Mesa-Chandler, AZ",M,251194,"Career/Technical Education Teachers, Postsecondary",08,hourly_median_wage,2025,A01,34.25,,2026-08-25 13:40:00.180732
OEUM003806000000041302101,38060,"Phoenix-Mesa-Chandler, AZ",M,413021,Insurance Sales Agents,01,employment,2025,A01,9020.0,,2026-08-25 13:40:00.180732
OEUM003806000000041302104,38060,"Phoenix-Mesa-Chandler, AZ",M,413021,Insurance Sales Agents,04,annual_mean_wage,2025,A01,72850.0,,2026-08-25 13:40:00.180732
OEUM003806000000041302113,38060,"Phoenix-Mesa-Chandler, AZ",M,413021,Insurance Sales Agents,13,annual_median_wage,2025,A01,61570.0,,2026-08-25 13:40:00.180732
OEUM003806000000041302103,38060,"Phoenix-Mesa-Chandler, AZ",M,413021,Insurance Sales Agents,03,hourly_mean_wage,2025,A01,35.03,,2026-08-25 13:40:00.180732
OEUM003806000000041302108,38060,"Phoenix-Mesa-Chandler, AZ",M,413021,Insurance Sales Agents,08,hourly_median_wage,2025,A01,29.6,,2026-08-25 13:40:00.180732
OEUM003806000000043601401,38060,"Phoenix-Mesa-Chandler, AZ",M,436014,Secretaries and Administrative Assistants,01,employment,2025,A01,22010.0,,2026-08-25 13:40:00.180732
OEUM003806000000043601404,38060,"Phoenix-Mesa-Chandler, AZ",M,436014,Secretaries and Administrative Assistants,04,annual_mean_wage,2025,A01,52000.0,,2026-08-25 13:40:00.180732
OEUM003806000000043601413,38060,"Phoenix-Mesa-Chandler, AZ",M,436014,Secretaries and Administrative Assistants,13,annual_median_wage,2025,A01,48800.0,,2026-08-25 13:40:00.180732
OEUM003806000000043601403,38060,"Phoenix-Mesa-Chandler, AZ",M,436014,Secretaries and Administrative Assistants,03,hourly_mean_wage,2025,A01,25.0,,2026-08-25 13:40:00.180732
OEUM003806000000043601408,38060,"Phoenix-Mesa-Chandler, AZ",M,436014,Secretaries and Administrative Assistants,08,hourly_median_wage,2025,A01,23.46,,2026-08-25 13:40:00.180732
OEUM004186000000000000001,41860,"San Francisco-Oakland-Berkeley, CA",M,000000,All occupations,01,employment,2025,A01,2373920.0,,2026-08-25 13:40:00.180732
OEUM004186000000000000004,41860,"San Francisco-Oakland-Berkeley, CA",M,000000,All occupations,04,annual_mean_wage,2025,A01,100220.0,,2026-08-25 13:40:00.180732
OEUM004186000000000000013,41860,"San Francisco-Oakland-Berkeley, CA",M,000000,All occupations,13,annual_median_wage,2025,A01,74260.0,,2026-08-25 13:40:00.180732
OEUM004186000000000000003,41860,"San Francisco-Oakland-Berkeley, CA",M,000000,All occupations,03,hourly_mean_wage,2025,A01,48.19,,2026-08-25 13:40:00.180732
OEUM004186000000000000008,41860,"San Francisco-Oakland-Berkeley, CA",M,000000,All occupations,08,hourly_median_wage,2025,A01,35.7,,2026-08-25 13:40:00.180732
OEUM004186000000015125201,41860,"San Francisco-Oakland-Berkeley, CA",M,151252,Software Developers,01,employment,2025,A01,69030.0,,2026-08-25 13:40:00.180732
OEUM004186000000015125204,41860,"San Francisco-Oakland-Berkeley, CA",M,151252,Software Developers,04,annual_mean_wage,2025,A01,193430.0,,2026-08-25 13:40:00.180732
OEUM004186000000015125213,41860,"San Francisco-Oakland-Berkeley, CA",M,151252,Software Developers,13,annual_median_wage,2025,A01,186640.0,,2026-08-25 13:40:00.180732
OEUM004186000000015125203,41860,"San Francisco-Oakland-Berkeley, CA",M,151252,Software Developers,03,hourly_mean_wage,2025,A01,93.0,,2026-08-25 13:40:00.180732
OEUM004186000000015125208,41860,"San Francisco-Oakland-Berkeley, CA",M,151252,Software Developers,08,hourly_median_wage,2025,A01,89.73,,2026-08-25 13:40:00.180732
OEUM004186000000015125401,41860,"San Francisco-Oakland-Berkeley, CA",M,151254,Web Developers,01,employment,2025,A01,1420.0,,2026-08-25 13:40:00.180732
OEUM004186000000015125404,41860,"San Francisco-Oakland-Berkeley, CA",M,151254,Web Developers,04,annual_mean_wage,2025,A01,151450.0,,2026-08-25 13:40:00.180732
OEUM004186000000015125413,41860,"San Francisco-Oakland-Berkeley, CA",M,151254,Web Developers,13,annual_median_wage,2025,A01,152450.0,,2026-08-25 13:40:00.180732
OEUM004186000000015125403,41860,"San Francisco-Oakland-Berkeley, CA",M,151254,Web Developers,03,hourly_mean_wage,2025,A01,72.81,,2026-08-25 13:40:00.180732
OEUM004186000000015125408,41860,"San Francisco-Oakland-Berkeley, CA",M,151254,Web Developers,08,hourly_median_wage,2025,A01,73.29,,2026-08-25 13:40:00.180732
OEUM004186000000015121101,41860,"San Francisco-Oakland-Berkeley, CA",M,151211,Computer Systems Analysts,01,employment,2025,A01,11180.0,,2026-08-25 13:40:00.180732
OEUM004186000000015121104,41860,"San Francisco-Oakland-Berkeley, CA",M,151211,Computer Systems Analysts,04,annual_mean_wage,2025,A01,145400.0,,2026-08-25 13:40:00.180732
OEUM004186000000015121113,41860,"San Francisco-Oakland-Berkeley, CA",M,151211,Computer Systems Analysts,13,annual_median_wage,2025,A01,134460.0,,2026-08-25 13:40:00.180732
OEUM004186000000015121103,41860,"San Francisco-Oakland-Berkeley, CA",M,151211,Computer Systems Analysts,03,hourly_mean_wage,2025,A01,69.9,,2026-08-25 13:40:00.180732
OEUM004186000000015121108,41860,"San Francisco-Oakland-Berkeley, CA",M,151211,Computer Systems Analysts,08,hourly_median_wage,2025,A01,64.65,,2026-08-25 13:40:00.180732
OEUM004186000000011202101,41860,"San Francisco-Oakland-Berkeley, CA",M,112021,Marketing Managers,01,employment,2025,A01,11170.0,,2026-08-25 13:40:00.180732
OEUM004186000000011202104,41860,"San Francisco-Oakland-Berkeley, CA",M,112021,Marketing Managers,04,annual_mean_wage,2025,A01,235920.0,,2026-08-25 13:40:00.180732
OEUM004186000000011202113,41860,"San Francisco-Oakland-Berkeley, CA",M,112021,Marketing Managers,13,annual_median_wage,2025,A01,220480.0,,2026-08-25 13:40:00.180732
OEUM004186000000011202103,41860,"San Francisco-Oakland-Berkeley, CA",M,112021,Marketing Managers,03,hourly_mean_wage,2025,A01,113.42,,2026-08-25 13:40:00.180732
OEUM004186000000011202108,41860,"San Francisco-Oakland-Berkeley, CA",M,112021,Marketing Managers,08,hourly_median_wage,2025,A01,106.0,,2026-08-25 13:40:00.180732
OEUM004186000000013111101,41860,"San Francisco-Oakland-Berkeley, CA",M,131111,Management Analysts,01,employment,2025,A01,23560.0,,2026-08-25 13:40:00.180732
OEUM004186000000013111104,41860,"San Francisco-Oakland-Berkeley, CA",M,131111,Management Analysts,04,annual_mean_wage,2025,A01,137410.0,,2026-08-25 13:40:00.180732
OEUM004186000000013111113,41860,"San Francisco-Oakland-Berkeley, CA",M,131111,Management Analysts,13,annual_median_wage,2025,A01,126730.0,,2026-08-25 13:40:00.180732
OEUM004186000000013111103,41860,"San Francisco-Oakland-Berkeley, CA",M,131111,Management Analysts,03,hourly_mean_wage,2025,A01,66.06,,2026-08-25 13:40:00.180732
OEUM004186000000013111108,41860,"San Francisco-Oakland-Berkeley, CA",M,131111,Management Analysts,08,hourly_median_wage,2025,A01,60.93,,2026-08-25 13:40:00.180732
OEUM004186000000029206101,41860,"San Francisco-Oakland-Berkeley, CA",M,292061,Licensed Practical and Licensed Vocational Nurses,01,employment,2025,A01,8800.0,,2026-08-25 13:40:00.180732
OEUM004186000000029206104,41860,"San Francisco-Oakland-Berkeley, CA",M,292061,Licensed Practical and Licensed Vocational Nurses,04,annual_mean_wage,2025,A01,93470.0,,2026-08-25 13:40:00.180732
OEUM004186000000029206113,41860,"San Francisco-Oakland-Berkeley, CA",M,292061,Licensed Practical and Licensed Vocational Nurses,13,annual_median_wage,2025,A01,94310.0,,2026-08-25 13:40:00.180732
OEUM004186000000029206103,41860,"San Francisco-Oakland-Berkeley, CA",M,292061,Licensed Practical and Licensed Vocational Nurses,03,hourly_mean_wage,2025,A01,44.94,,2026-08-25 13:40:00.180732
OEUM004186000000029206108,41860,"San Francisco-Oakland-Berkeley, CA",M,292061,Licensed Practical and Licensed Vocational Nurses,08,hourly_median_wage,2025,A01,45.34,,2026-08-25 13:40:00.180732
OEUM004186000000025119401,41860,"San Francisco-Oakland-Berkeley, CA",M,251194,"Career/Technical Education Teachers, Postsecondary",01,employment,2025,A01,1410.0,,2026-08-25 13:40:00.180732
OEUM004186000000025119404,41860,"San Francisco-Oakland-Berkeley, CA",M,251194,"Career/Technical Education Teachers, Postsecondary",04,annual_mean_wage,2025,A01,103870.0,,2026-08-25 13:40:00.180732
OEUM004186000000025119413,41860,"San Francisco-Oakland-Berkeley, CA",M,251194,"Career/Technical Education Teachers, Postsecondary",13,annual_median_wage,2025,A01,86980.0,,2026-08-25 13:40:00.180732
OEUM004186000000025119403,41860,"San Francisco-Oakland-Berkeley, CA",M,251194,"Career/Technical Education Teachers, Postsecondary",03,hourly_mean_wage,2025,A01,49.94,,2026-08-25 13:40:00.180732
OEUM004186000000025119408,41860,"San Francisco-Oakland-Berkeley, CA",M,251194,"Career/Technical Education Teachers, Postsecondary",08,hourly_median_wage,2025,A01,41.82,,2026-08-25 13:40:00.180732
OEUM004186000000041302101,41860,"San Francisco-Oakland-Berkeley, CA",M,413021,Insurance Sales Agents,01,employment,2025,A01,4860.0,,2026-08-25 13:40:00.180732
OEUM004186000000041302104,41860,"San Francisco-Oakland-Berkeley, CA",M,413021,Insurance Sales Agents,04,annual_mean_wage,2025,A01,114110.0,,2026-08-25 13:40:00.180732
OEUM004186000000041302113,41860,"San Francisco-Oakland-Berkeley, CA",M,413021,Insurance Sales Agents,13,annual_median_wage,2025,A01,95640.0,,2026-08-25 13:40:00.180732
OEUM004186000000041302103,41860,"San Francisco-Oakland-Berkeley, CA",M,413021,Insurance Sales Agents,03,hourly_mean_wage,2025,A01,54.86,,2026-08-25 13:40:00.180732
OEUM004186000000041302108,41860,"San Francisco-Oakland-Berkeley, CA",M,413021,Insurance Sales Agents,08,hourly_median_wage,2025,A01,45.98,,2026-08-25 13:40:00.180732
OEUM004186000000043601401,41860,"San Francisco-Oakland-Berkeley, CA",M,436014,Secretaries and Administrative Assistants,01,employment,2025,A01,20270.0,,2026-08-25 13:40:00.180732
OEUM004186000000043601404,41860,"San Francisco-Oakland-Berkeley, CA",M,436014,Secretaries and Administrative Assistants,04,annual_mean_wage,2025,A01,66110.0,,2026-08-25 13:40:00.180732
OEUM004186000000043601413,41860,"San Francisco-Oakland-Berkeley, CA",M,436014,Secretaries and Administrative Assistants,13,annual_median_wage,2025,A01,62110.0,,2026-08-25 13:40:00.180732
OEUM004186000000043601403,41860,"San Francisco-Oakland-Berkeley, CA",M,436014,Secretaries and Administrative Assistants,03,hourly_mean_wage,2025,A01,31.78,,2026-08-25 13:40:00.180732
OEUM004186000000043601408,41860,"San Francisco-Oakland-Berkeley, CA",M,436014,Secretaries and Administrative Assistants,08,hourly_median_wage,2025,A01,29.86,,2026-08-25 13:40:00.180732
OEUM004266000000000000001,42660,"Seattle-Tacoma-Bellevue, WA",M,000000,All occupations,01,employment,2025,A01,2086210.0,,2026-08-25 13:40:00.180732
OEUM004266000000000000004,42660,"Seattle-Tacoma-Bellevue, WA",M,000000,All occupations,04,annual_mean_wage,2025,A01,91790.0,,2026-08-25 13:40:00.180732
OEUM004266000000000000013,42660,"Seattle-Tacoma-Bellevue, WA",M,000000,All occupations,13,annual_median_wage,2025,A01,72610.0,,2026-08-25 13:40:00.180732
OEUM004266000000000000003,42660,"Seattle-Tacoma-Bellevue, WA",M,000000,All occupations,03,hourly_mean_wage,2025,A01,44.13,,2026-08-25 13:40:00.180732
OEUM004266000000000000008,42660,"Seattle-Tacoma-Bellevue, WA",M,000000,All occupations,08,hourly_median_wage,2025,A01,34.91,,2026-08-25 13:40:00.180732
OEUM004266000000015125201,42660,"Seattle-Tacoma-Bellevue, WA",M,151252,Software Developers,01,employment,2025,A01,92770.0,,2026-08-25 13:40:00.180732
OEUM004266000000015125204,42660,"Seattle-Tacoma-Bellevue, WA",M,151252,Software Developers,04,annual_mean_wage,2025,A01,174920.0,,2026-08-25 13:40:00.180732
OEUM004266000000015125213,42660,"Seattle-Tacoma-Bellevue, WA",M,151252,Software Developers,13,annual_median_wage,2025,A01,167280.0,,2026-08-25 13:40:00.180732
OEUM004266000000015125203,42660,"Seattle-Tacoma-Bellevue, WA",M,151252,Software Developers,03,hourly_mean_wage,2025,A01,84.09,,2026-08-25 13:40:00.180732
OEUM004266000000015125208,42660,"Seattle-Tacoma-Bellevue, WA",M,151252,Software Developers,08,hourly_median_wage,2025,A01,80.42,,2026-08-25 13:40:00.180732
OEUM004266000000015125401,42660,"Seattle-Tacoma-Bellevue, WA",M,151254,Web Developers,01,employment,2025,A01,3470.0,,2026-08-25 13:40:00.180732
OEUM004266000000015125404,42660,"Seattle-Tacoma-Bellevue, WA",M,151254,Web Developers,04,annual_mean_wage,2025,A01,128940.0,,2026-08-25 13:40:00.180732
OEUM004266000000015125413,42660,"Seattle-Tacoma-Bellevue, WA",M,151254,Web Developers,13,annual_median_wage,2025,A01,130440.0,,2026-08-25 13:40:00.180732
OEUM004266000000015125403,42660,"Seattle-Tacoma-Bellevue, WA",M,151254,Web Developers,03,hourly_mean_wage,2025,A01,61.99,,2026-08-25 13:40:00.180732
OEUM004266000000015125408,42660,"Seattle-Tacoma-Bellevue, WA",M,151254,Web Developers,08,hourly_median_wage,2025,A01,62.71,,2026-08-25 13:40:00.180732
OEUM004266000000015121101,42660,"Seattle-Tacoma-Bellevue, WA",M,151211,Computer Systems Analysts,01,employment,2025,A01,19050.0,,2026-08-25 13:40:00.180732
OEUM004266000000015121104,42660,"Seattle-Tacoma-Bellevue, WA",M,151211,Computer Systems Analysts,04,annual_mean_wage,2025,A01,134400.0,,2026-08-25 13:40:00.180732
OEUM004266000000015121113,42660,"Seattle-Tacoma-Bellevue, WA",M,151211,Computer Systems Analysts,13,annual_median_wage,2025,A01,133690.0,,2026-08-25 13:40:00.180732
OEUM004266000000015121103,42660,"Seattle-Tacoma-Bellevue, WA",M,151211,Computer Systems Analysts,03,hourly_mean_wage,2025,A01,64.61,,2026-08-25 13:40:00.180732
OEUM004266000000015121108,42660,"Seattle-Tacoma-Bellevue, WA",M,151211,Computer Systems Analysts,08,hourly_median_wage,2025,A01,64.27,,2026-08-25 13:40:00.180732
OEUM004266000000011202101,42660,"Seattle-Tacoma-Bellevue, WA",M,112021,Marketing Managers,01,employment,2025,A01,6720.0,,2026-08-25 13:40:00.180732
OEUM004266000000011202104,42660,"Seattle-Tacoma-Bellevue, WA",M,112021,Marketing Managers,04,annual_mean_wage,2025,A01,190400.0,,2026-08-25 13:40:00.180732
OEUM004266000000011202113,42660,"Seattle-Tacoma-Bellevue, WA",M,112021,Marketing Managers,13,annual_median_wage,2025,A01,175850.0,,2026-08-25 13:40:00.180732
OEUM004266000000011202103,42660,"Seattle-Tacoma-Bellevue, WA",M,112021,Marketing Managers,03,hourly_mean_wage,2025,A01,91.54,,2026-08-25 13:40:00.180732
OEUM004266000000011202108,42660,"Seattle-Tacoma-Bellevue, WA",M,112021,Marketing Managers,08,hourly_median_wage,2025,A01,84.55,,2026-08-25 13:40:00.180732
OEUM004266000000013111101,42660,"Seattle-Tacoma-Bellevue, WA",M,131111,Management Analysts,01,employment,2025,A01,16930.0,,2026-08-25 13:40:00.180732
OEUM004266000000013111104,42660,"Seattle-Tacoma-Bellevue, WA",M,131111,Management Analysts,04,annual_mean_wage,2025,A01,129290.0,,2026-08-25 13:40:00.180732
OEUM004266000000013111113,42660,"Seattle-Tacoma-Bellevue, WA",M,131111,Management Analysts,13,annual_median_wage,2025,A01,126340.0,,2026-08-25 13:40:00.180732
OEUM004266000000013111103,42660,"Seattle-Tacoma-Bellevue, WA",M,131111,Management Analysts,03,hourly_mean_wage,2025,A01,62.16,,2026-08-25 13:40:00.180732
OEUM004266000000013111108,42660,"Seattle-Tacoma-Bellevue, WA",M,131111,Management Analysts,08,hourly_median_wage,2025,A01,60.74,,2026-08-25 13:40:00.180732
OEUM004266000000029206101,42660,"Seattle-Tacoma-Bellevue, WA",M,292061,Licensed Practical and Licensed Vocational Nurses,01,employment,2025,A01,3470.0,,2026-08-25 13:40:00.180732
OEUM004266000000029206104,42660,"Seattle-Tacoma-Bellevue, WA",M,292061,Licensed Practical and Licensed Vocational Nurses,04,annual_mean_wage,2025,A01,87360.0,,2026-08-25 13:40:00.180732
OEUM004266000000029206113,42660,"Seattle-Tacoma-Bellevue, WA",M,292061,Licensed Practical and Licensed Vocational Nurses,13,annual_median_wage,2025,A01,85690.0,,2026-08-25 13:40:00.180732
OEUM004266000000029206103,42660,"Seattle-Tacoma-Bellevue, WA",M,292061,Licensed Practical and Licensed Vocational Nurses,03,hourly_mean_wage,2025,A01,42.0,,2026-08-25 13:40:00.180732
OEUM004266000000029206108,42660,"Seattle-Tacoma-Bellevue, WA",M,292061,Licensed Practical and Licensed Vocational Nurses,08,hourly_median_wage,2025,A01,41.2,,2026-08-25 13:40:00.180732
OEUM004266000000025119401,42660,"Seattle-Tacoma-Bellevue, WA",M,251194,"Career/Technical Education Teachers, Postsecondary",01,employment,2025,A01,2070.0,,2026-08-25 13:40:00.180732
OEUM004266000000025119404,42660,"Seattle-Tacoma-Bellevue, WA",M,251194,"Career/Technical Education Teachers, Postsecondary",04,annual_mean_wage,2025,A01,89650.0,,2026-08-25 13:40:00.180732
OEUM004266000000025119413,42660,"Seattle-Tacoma-Bellevue, WA",M,251194,"Career/Technical Education Teachers, Postsecondary",13,annual_median_wage,2025,A01,81010.0,,2026-08-25 13:40:00.180732
OEUM004266000000025119403,42660,"Seattle-Tacoma-Bellevue, WA",M,251194,"Career/Technical Education Teachers, Postsecondary",03,hourly_mean_wage,2025,A01,43.1,,2026-08-25 13:40:00.180732
OEUM004266000000025119408,42660,"Seattle-Tacoma-Bellevue, WA",M,251194,"Career/Technical Education Teachers, Postsecondary",08,hourly_median_wage,2025,A01,38.95,,2026-08-25 13:40:00.180732
OEUM004266000000041302101,42660,"Seattle-Tacoma-Bellevue, WA",M,413021,Insurance Sales Agents,01,employment,2025,A01,5890.0,,2026-08-25 13:40:00.180732
OEUM004266000000041302104,42660,"Seattle-Tacoma-Bellevue, WA",M,413021,Insurance Sales Agents,04,annual_mean_wage,2025,A01,80290.0,,2026-08-25 13:40:00.180732
OEUM004266000000041302113,42660,"Seattle-Tacoma-Bellevue, WA",M,413021,Insurance Sales Agents,13,annual_median_wage,2025,A01,61630.0,,2026-08-25 13:40:00.180732
OEUM004266000000041302103,42660,"Seattle-Tacoma-Bellevue, WA",M,413021,Insurance Sales Agents,03,hourly_mean_wage,2025,A01,38.6,,2026-08-25 13:40:00.180732
OEUM004266000000041302108,42660,"Seattle-Tacoma-Bellevue, WA",M,413021,Insurance Sales Agents,08,hourly_median_wage,2025,A01,29.63,,2026-08-25 13:40:00.180732
OEUM004266000000043601401,42660,"Seattle-Tacoma-Bellevue, WA",M,436014,Secretaries and Administrative Assistants,01,employment,2025,A01,15780.0,,2026-08-25 13:40:00.180732
OEUM004266000000043601404,42660,"Seattle-Tacoma-Bellevue, WA",M,436014,Secretaries and Administrative Assistants,04,annual_mean_wage,2025,A01,61610.0,,2026-08-25 13:40:00.180732
OEUM004266000000043601413,42660,"Seattle-Tacoma-Bellevue, WA",M,436014,Secretaries and Administrative Assistants,13,annual_median_wage,2025,A01,60230.0,,2026-08-25 13:40:00.180732
OEUM004266000000043601403,42660,"Seattle-Tacoma-Bellevue, WA",M,436014,Secretaries and Administrative Assistants,03,hourly_mean_wage,2025,A01,29.62,,2026-08-25 13:40:00.180732
OEUM004266000000043601408,42660,"Seattle-Tacoma-Bellevue, WA",M,436014,Secretaries and Administrative Assistants,08,hourly_median_wage,2025,A01,28.96,,2026-08-25 13:40:00.180732
OEUM001446000000000000001,14460,"Boston-Cambridge-Newton, MA-NH",M,000000,All occupations,01,employment,2025,A01,2703890.0,,2026-08-25 13:40:00.180732
OEUM001446000000000000004,14460,"Boston-Cambridge-Newton, MA-NH",M,000000,All occupations,04,annual_mean_wage,2025,A01,89620.0,,2026-08-25 13:40:00.180732
OEUM001446000000000000013,14460,"Boston-Cambridge-Newton, MA-NH",M,000000,All occupations,13,annual_median_wage,2025,A01,66620.0,,2026-08-25 13:40:00.180732
OEUM001446000000000000003,14460,"Boston-Cambridge-Newton, MA-NH",M,000000,All occupations,03,hourly_mean_wage,2025,A01,43.09,,2026-08-25 13:40:00.180732
OEUM001446000000000000008,14460,"Boston-Cambridge-Newton, MA-NH",M,000000,All occupations,08,hourly_median_wage,2025,A01,32.03,,2026-08-25 13:40:00.180732
OEUM001446000000015125201,14460,"Boston-Cambridge-Newton, MA-NH",M,151252,Software Developers,01,employment,2025,A01,42310.0,,2026-08-25 13:40:00.180732
OEUM001446000000015125204,14460,"Boston-Cambridge-Newton, MA-NH",M,151252,Software Developers,04,annual_mean_wage,2025,A01,162440.0,,2026-08-25 13:40:00.180732
OEUM001446000000015125213,14460,"Boston-Cambridge-Newton, MA-NH",M,151252,Software Developers,13,annual_median_wage,2025,A01,166090.0,,2026-08-25 13:40:00.180732
OEUM001446000000015125203,14460,"Boston-Cambridge-Newton, MA-NH",M,151252,Software Developers,03,hourly_mean_wage,2025,A01,78.1,,2026-08-25 13:40:00.180732
OEUM001446000000015125208,14460,"Boston-Cambridge-Newton, MA-NH",M,151252,Software Developers,08,hourly_median_wage,2025,A01,79.85,,2026-08-25 13:40:00.180732
OEUM001446000000015125401,14460,"Boston-Cambridge-Newton, MA-NH",M,151254,Web Developers,01,employment,2025,A01,1450.0,,2026-08-25 13:40:00.180732
OEUM001446000000015125404,14460,"Boston-Cambridge-Newton, MA-NH",M,151254,Web Developers,04,annual_mean_wage,2025,A01,115910.0,,2026-08-25 13:40:00.180732
OEUM001446000000015125413,14460,"Boston-Cambridge-Newton, MA-NH",M,151254,Web Developers,13,annual_median_wage,2025,A01,108520.0,,2026-08-25 13:40:00.180732
OEUM001446000000015125403,14460,"Boston-Cambridge-Newton, MA-NH",M,151254,Web Developers,03,hourly_mean_wage,2025,A01,55.73,,2026-08-25 13:40:00.180732
OEUM001446000000015125408,14460,"Boston-Cambridge-Newton, MA-NH",M,151254,Web Developers,08,hourly_median_wage,2025,A01,52.17,,2026-08-25 13:40:00.180732
OEUM001446000000015121101,14460,"Boston-Cambridge-Newton, MA-NH",M,151211,Computer Systems Analysts,01,employment,2025,A01,17470.0,,2026-08-25 13:40:00.180732
OEUM001446000000015121104,14460,"Boston-Cambridge-Newton, MA-NH",M,151211,Computer Systems Analysts,04,annual_mean_wage,2025,A01,131730.0,,2026-08-25 13:40:00.180732
OEUM001446000000015121113,14460,"Boston-Cambridge-Newton, MA-NH",M,151211,Computer Systems Analysts,13,annual_median_wage,2025,A01,129180.0,,2026-08-25 13:40:00.180732
OEUM001446000000015121103,14460,"Boston-Cambridge-Newton, MA-NH",M,151211,Computer Systems Analysts,03,hourly_mean_wage,2025,A01,63.33,,2026-08-25 13:40:00.180732
OEUM001446000000015121108,14460,"Boston-Cambridge-Newton, MA-NH",M,151211,Computer Systems Analysts,08,hourly_median_wage,2025,A01,62.11,,2026-08-25 13:40:00.180732
OEUM001446000000011202101,14460,"Boston-Cambridge-Newton, MA-NH",M,112021,Marketing Managers,01,employment,2025,A01,11940.0,,2026-08-25 13:40:00.180732
OEUM001446000000011202104,14460,"Boston-Cambridge-Newton, MA-NH",M,112021,Marketing Managers,04,annual_mean_wage,2025,A01,216770.0,,2026-08-25 13:40:00.180732
OEUM001446000000011202113,14460,"Boston-Cambridge-Newton, MA-NH",M,112021,Marketing Managers,13,annual_median_wage,2025,A01,213910.0,,2026-08-25 13:40:00.180732
OEUM001446000000011202103,14460,"Boston-Cambridge-Newton, MA-NH",M,112021,Marketing Managers,03,hourly_mean_wage,2025,A01,104.22,,2026-08-25 13:40:00.180732
OEUM001446000000011202108,14460,"Boston-Cambridge-Newton, MA-NH",M,112021,Marketing Managers,08,hourly_median_wage,2025,A01,102.84,,2026-08-25 13:40:00.180732
OEUM001446000000013111101,14460,"Boston-Cambridge-Newton, MA-NH",M,131111,Management Analysts,01,employment,2025,A01,26450.0,,2026-08-25 13:40:00.180732
OEUM001446000000013111104,14460,"Boston-Cambridge-Newton, MA-NH",M,131111,Management Analysts,04,annual_mean_wage,2025,A01,149600.0,,2026-08-25 13:40:00.180732
OEUM001446000000013111113,14460,"Boston-Cambridge-Newton, MA-NH",M,131111,Management Analysts,13,annual_median_wage,2025,A01,135640.0,,2026-08-25 13:40:00.180732
OEUM001446000000013111103,14460,"Boston-Cambridge-Newton, MA-NH",M,131111,Management Analysts,03,hourly_mean_wage,2025,A01,71.92,,2026-08-25 13:40:00.180732
OEUM001446000000013111108,14460,"Boston-Cambridge-Newton, MA-NH",M,131111,Management Analysts,08,hourly_median_wage,2025,A01,65.21,,2026-08-25 13:40:00.180732
OEUM001446000000029206101,14460,"Boston-Cambridge-Newton, MA-NH",M,292061,Licensed Practical and Licensed Vocational Nurses,01,employment,2025,A01,8410.0,,2026-08-25 13:40:00.180732
OEUM001446000000029206104,14460,"Boston-Cambridge-Newton, MA-NH",M,292061,Licensed Practical and Licensed Vocational Nurses,04,annual_mean_wage,2025,A01,80770.0,,2026-08-25 13:40:00.180732
OEUM001446000000029206113,14460,"Boston-Cambridge-Newton, MA-NH",M,292061,Licensed Practical and Licensed Vocational Nurses,13,annual_median_wage,2025,A01,82190.0,,2026-08-25 13:40:00.180732
OEUM001446000000029206103,14460,"Boston-Cambridge-Newton, MA-NH",M,292061,Licensed Practical and Licensed Vocational Nurses,03,hourly_mean_wage,2025,A01,38.83,,2026-08-25 13:40:00.180732
OEUM001446000000029206108,14460,"Boston-Cambridge-Newton, MA-NH",M,292061,Licensed Practical and Licensed Vocational Nurses,08,hourly_median_wage,2025,A01,39.52,,2026-08-25 13:40:00.180732
OEUM001446000000025119401,14460,"Boston-Cambridge-Newton, MA-NH",M,251194,"Career/Technical Education Teachers, Postsecondary",01,employment,2025,A01,850.0,,2026-08-25 13:40:00.180732
OEUM001446000000025119404,14460,"Boston-Cambridge-Newton, MA-NH",M,251194,"Career/Technical Education Teachers, Postsecondary",04,annual_mean_wage,2025,A01,85780.0,,2026-08-25 13:40:00.180732
OEUM001446000000025119413,14460,"Boston-Cambridge-Newton, MA-NH",M,251194,"Career/Technical Education Teachers, Postsecondary",13,annual_median_wage,2025,A01,82420.0,,2026-08-25 13:40:00.180732
OEUM001446000000025119403,14460,"Boston-Cambridge-Newton, MA-NH",M,251194,"Career/Technical Education Teachers, Postsecondary",03,hourly_mean_wage,2025,A01,41.24,,2026-08-25 13:40:00.180732
OEUM001446000000025119408,14460,"Boston-Cambridge-Newton, MA-NH",M,251194,"Career/Technical Education Teachers, Postsecondary",08,hourly_median_wage,2025,A01,39.63,,2026-08-25 13:40:00.180732
OEUM001446000000041302101,14460,"Boston-Cambridge-Newton, MA-NH",M,413021,Insurance Sales Agents,01,employment,2025,A01,7420.0,,2026-08-25 13:40:00.180732
OEUM001446000000041302104,14460,"Boston-Cambridge-Newton, MA-NH",M,413021,Insurance Sales Agents,04,annual_mean_wage,2025,A01,105000.0,,2026-08-25 13:40:00.180732
OEUM001446000000041302113,14460,"Boston-Cambridge-Newton, MA-NH",M,413021,Insurance Sales Agents,13,annual_median_wage,2025,A01,80120.0,,2026-08-25 13:40:00.180732
OEUM001446000000041302103,14460,"Boston-Cambridge-Newton, MA-NH",M,413021,Insurance Sales Agents,03,hourly_mean_wage,2025,A01,50.48,,2026-08-25 13:40:00.180732
OEUM001446000000041302108,14460,"Boston-Cambridge-Newton, MA-NH",M,413021,Insurance Sales Agents,08,hourly_median_wage,2025,A01,38.52,,2026-08-25 13:40:00.180732
OEUM001446000000043601401,14460,"Boston-Cambridge-Newton, MA-NH",M,436014,Secretaries and Administrative Assistants,01,employment,2025,A01,28540.0,,2026-08-25 13:40:00.180732
OEUM001446000000043601404,14460,"Boston-Cambridge-Newton, MA-NH",M,436014,Secretaries and Administrative Assistants,04,annual_mean_wage,2025,A01,59390.0,,2026-08-25 13:40:00.180732
OEUM001446000000043601413,14460,"Boston-Cambridge-Newton, MA-NH",M,436014,Secretaries and Administrative Assistants,13,annual_median_wage,2025,A01,59330.0,,2026-08-25 13:40:00.180732
OEUM001446000000043601403,14460,"Boston-Cambridge-Newton, MA-NH",M,436014,Secretaries and Administrative Assistants,03,hourly_mean_wage,2025,A01,28.56,,2026-08-25 13:40:00.180732
OEUM001446000000043601408,14460,"Boston-Cambridge-Newton, MA-NH",M,436014,Secretaries and Administrative Assistants,08,hourly_median_wage,2025,A01,28.53,,2026-08-25 13:40:00.180732
