area,area_title,occ_code,occ_title,o_group,tot_emp,a_mean,a_median,a_pct10,a_pct25,a_pct75,a_pct90,year
99,U.S.,11-1011,Chief Executives,detailed,205890.0,193850.0,184460.0,62290.0,112790.0,,,2019
99,U.S.,11-1021,General and Operations Managers,detailed,2400280.0,123030.0,100780.0,45050.0,65660.0,157430.0,,2019
99,U.S.,11-1031,Legislators,detailed,52280.0,49440.0,29270.0,17690.0,19070.0,75520.0,100470.0,2019
99,U.S.,11-2011,Advertising and Promotions Managers,detailed,25100.0,141890.0,125510.0,61930.0,86330.0,175940.0,,2019
99,U.S.,11-2021,Marketing Managers,detailed,263680.0,149200.0,136850.0,71010.0,97710.0,185320.0,,2019
99,U.S.,11-2022,Sales Managers,detailed,402600.0,141690.0,126640.0,59810.0,85150.0,177830.0,,2019
99,U.S.,11-2030,Public Relations and Fundraising Managers,detailed,79160.0,132630.0,116180.0,64790.0,84780.0,161230.0,,2019
99,U.S.,11-3010,Administrative Services and Facilities Managers,detailed,307280.0,106550.0,96940.0,55210.0,72220.0,128230.0,166330.0,2019
99,U.S.,11-3021,Computer and Information Systems Managers,detailed,433960.0,156390.0,146360.0,87480.0,113110.0,185610.0,,2019
99,U.S.,11-3031,Financial Managers,detailed,654790.0,147530.0,129890.0,68370.0,92310.0,181980.0,,2019
99,U.S.,11-3051,Industrial Production Managers,detailed,185790.0,115110.0,105480.0,65050.0,82400.0,136880.0,176070.0,2019
99,U.S.,11-3061,Purchasing Managers,detailed,72100.0,128400.0,121110.0,71450.0,92560.0,152890.0,193400.0,2019
99,U.S.,11-3071,"Transportation, Storage, and Distribution Managers",detailed,132040.0,103320.0,94560.0,55850.0,72050.0,124460.0,160500.0,2019
99,U.S.,11-3111,Compensation and Benefits Managers,detailed,16900.0,134210.0,122270.0,69870.0,91430.0,163980.0,,2019
99,U.S.,11-3121,Human Resources Managers,detailed,154800.0,129570.0,116720.0,68300.0,88150.0,156560.0,205720.0,2019
99,U.S.,11-3131,Training and Development Managers,detailed,38510.0,123470.0,113350.0,64720.0,84720.0,152340.0,196070.0,2019
99,U.S.,11-9013,"Farmers, Ranchers, and Other Agricultural Managers",detailed,5060.0,80360.0,71160.0,37530.0,53870.0,99260.0,132760.0,2019
99,U.S.,11-9021,Construction Managers,detailed,293380.0,105000.0,95260.0,56140.0,71900.0,126040.0,164790.0,2019
99,U.S.,11-9031,"Education and Childcare Administrators, Preschool and Daycare",detailed,52360.0,53690.0,48210.0,30850.0,37420.0,62090.0,82590.0,2019
99,U.S.,11-9032,"Education Administrators, Kindergarten through Secondary",detailed,271020.0,100340.0,96400.0,63070.0,76650.0,121500.0,148630.0,2019
99,U.S.,11-9033,"Education Administrators, Postsecondary",detailed,144880.0,112400.0,95410.0,55320.0,70490.0,135070.0,194090.0,2019
99,U.S.,11-9039,"Education Administrators, All Other",detailed,44550.0,92150.0,85450.0,46110.0,61280.0,115990.0,146190.0,2019
99,U.S.,11-9041,Architectural and Engineering Managers,detailed,194250.0,152930.0,144830.0,92510.0,115670.0,179220.0,,2019
99,U.S.,11-9051,Food Service Managers,detailed,235470.0,59820.0,55320.0,33210.0,42260.0,71270.0,93040.0,2019
99,U.S.,11-9071,Gambling Managers,detailed,4450.0,84700.0,74970.0,47160.0,58840.0,97770.0,136650.0,2019
99,U.S.,11-9081,Lodging Managers,detailed,38340.0,63570.0,54430.0,31380.0,40010.0,75130.0,105720.0,2019
99,U.S.,11-9111,Medical and Health Services Managers,detailed,394910.0,115160.0,100980.0,58820.0,76770.0,133520.0,189000.0,2019
99,U.S.,11-9121,Natural Sciences Managers,detailed,67720.0,145450.0,129100.0,66050.0,94940.0,176510.0,,2019
99,U.S.,11-9131,Postmasters and Mail Superintendents,detailed,13850.0,78220.0,76900.0,65370.0,70160.0,86300.0,94880.0,2019
99,U.S.,11-9141,"Property, Real Estate, and Community Association Managers",detailed,220750.0,71720.0,58760.0,31030.0,41630.0,84430.0,129160.0,2019
99,U.S.,11-9151,Social and Community Service Managers,detailed,156460.0,72900.0,67150.0,41220.0,52480.0,88180.0,112480.0,2019
99,U.S.,11-9161,Emergency Management Directors,detailed,10060.0,82530.0,74590.0,40430.0,54050.0,103330.0,141230.0,2019
99,U.S.,11-9171,Funeral Home Managers,detailed,9400.0,95220.0,76350.0,44120.0,57020.0,111310.0,161870.0,2019
99,U.S.,11-9198,"Personal Service Managers, All Other; Entertainment and Recreation Managers, Except Gambling; and Managers, All Other",detailed,472060.0,118710.0,110630.0,53380.0,77100.0,147660.0,191340.0,2019
99,U.S.,13-1011,"Agents and Business Managers of Artists, Performers, and Athletes",detailed,17060.0,97170.0,73740.0,37300.0,50590.0,120430.0,189420.0,2019
99,U.S.,13-1020,Buyers and Purchasing Agents,detailed,421280.0,69680.0,64380.0,38230.0,49280.0,84630.0,107510.0,2019
99,U.S.,13-1031,"Claims Adjusters, Examiners, and Investigators",detailed,287960.0,68940.0,66790.0,41100.0,51030.0,83050.0,100400.0,2019
99,U.S.,13-1032,"Insurance Appraisers, Auto Damage",detailed,13750.0,66240.0,63270.0,44430.0,53430.0,77810.0,93720.0,2019
99,U.S.,13-1041,Compliance Officers,detailed,317600.0,72850.0,69050.0,38920.0,51050.0,91260.0,109950.0,2019
99,U.S.,13-1051,Cost Estimators,detailed,210000.0,71350.0,65250.0,39380.0,51300.0,86080.0,111350.0,2019
99,U.S.,13-1071,Human Resources Specialists,detailed,633040.0,67760.0,61920.0,37180.0,47450.0,81430.0,105930.0,2019
99,U.S.,13-1074,Farm Labor Contractors,detailed,160.0,62060.0,61910.0,33900.0,38640.0,81330.0,95990.0,2019
99,U.S.,13-1075,Labor Relations Specialists,detailed,75580.0,71870.0,69020.0,19230.0,44920.0,94740.0,124380.0,2019
99,U.S.,13-1081,Logisticians,detailed,182050.0,78680.0,74750.0,44020.0,57080.0,96240.0,120400.0,2019
99,U.S.,13-1111,Management Analysts,detailed,709750.0,95560.0,85260.0,49700.0,64060.0,113770.0,154310.0,2019
99,U.S.,13-1121,"Meeting, Convention, and Event Planners",detailed,117610.0,54880.0,50600.0,28590.0,37640.0,65860.0,86390.0,2019
99,U.S.,13-1131,Fundraisers,detailed,81660.0,62830.0,57970.0,33530.0,43940.0,76620.0,100410.0,2019
99,U.S.,13-1141,"Compensation, Benefits, and Job Analysis Specialists",detailed,89300.0,69840.0,64560.0,40140.0,50000.0,82920.0,105600.0,2019
99,U.S.,13-1151,Training and Development Specialists,detailed,312450.0,65640.0,61210.0,32680.0,44680.0,81290.0,104200.0,2019
99,U.S.,13-1161,Market Research Analysts and Marketing Specialists,detailed,678500.0,71570.0,63790.0,34350.0,46800.0,89580.0,122630.0,2019
99,U.S.,13-1198,"Project Management Specialists and Business Operations Specialists, All Other",detailed,1279390.0,80220.0,73570.0,39930.0,54110.0,99150.0,128420.0,2019
99,U.S.,13-2011,Accountants and Auditors,detailed,1280700.0,79520.0,71550.0,44480.0,55900.0,94340.0,124450.0,2019
99,U.S.,13-2020,Property Appraisers and Assessors,detailed,56320.0,63610.0,57010.0,31160.0,41980.0,78670.0,104540.0,2019
99,U.S.,13-2031,Budget Analysts,detailed,51460.0,80300.0,76540.0,50230.0,61040.0,96780.0,116510.0,2019
99,U.S.,13-2041,Credit Analysts,detailed,73930.0,84930.0,73650.0,43430.0,55320.0,101860.0,145840.0,2019
99,U.S.,13-2052,Personal Financial Advisors,detailed,210190.0,119290.0,87850.0,42950.0,57780.0,154480.0,,2019
99,U.S.,13-2053,Insurance Underwriters,detailed,100050.0,77640.0,70020.0,42360.0,53510.0,94390.0,124320.0,2019
99,U.S.,13-2061,Financial Examiners,detailed,64550.0,92330.0,81090.0,43500.0,58860.0,114030.0,158200.0,2019
99,U.S.,13-2071,Credit Counselors,detailed,32110.0,50230.0,45950.0,31670.0,37250.0,58470.0,76740.0,2019
99,U.S.,13-2072,Loan Officers,detailed,308370.0,76200.0,63270.0,32560.0,44840.0,92960.0,132680.0,2019
99,U.S.,13-2081,"Tax Examiners and Collectors, and Revenue Agents",detailed,53760.0,60960.0,54890.0,33090.0,41700.0,76850.0,101780.0,2019
99,U.S.,13-2082,Tax Preparers,detailed,66670.0,49550.0,43080.0,21750.0,28450.0,63070.0,87060.0,2019
99,U.S.,13-2098,"Financial and Investment Analysts, Financial Risk Specialists, and Financial Specialists, All Other",detailed,458510.0,94160.0,81590.0,47230.0,61850.0,109330.0,156150.0,2019
99,U.S.,15-1211,Computer Systems Analysts,detailed,589060.0,96160.0,90920.0,55180.0,70000.0,117120.0,147670.0,2019
99,U.S.,15-1212,Information Security Analysts,detailed,125570.0,104210.0,99730.0,57810.0,75450.0,128640.0,158860.0,2019
99,U.S.,15-1221,Computer and Information Research Scientists,detailed,30780.0,127460.0,122840.0,69990.0,93290.0,154020.0,189780.0,2019
99,U.S.,15-1231,Computer Network Support Specialists,detailed,185430.0,68860.0,63460.0,38990.0,49160.0,83230.0,106420.0,2019
99,U.S.,15-1232,Computer User Support Specialists,detailed,647330.0,56550.0,52270.0,32330.0,40340.0,68060.0,88470.0,2019
99,U.S.,15-1241,Computer Network Architects,detailed,152420.0,115110.0,112690.0,64770.0,85290.0,142610.0,168390.0,2019
99,U.S.,15-1244,Network and Computer Systems Administrators,detailed,354450.0,88410.0,83510.0,52370.0,65460.0,106310.0,132520.0,2019
99,U.S.,15-1245,Database Administrators and Architects,detailed,125460.0,96110.0,93750.0,51800.0,68340.0,120880.0,148060.0,2019
99,U.S.,15-1251,Computer Programmers,detailed,199540.0,92610.0,86550.0,50150.0,65760.0,112120.0,140250.0,2019
99,U.S.,15-1256,Software Developers and Software Quality Assurance Analysts and Testers,detailed,1406870.0,111620.0,107510.0,64240.0,82430.0,136320.0,164590.0,2019
99,U.S.,15-1257,Web Developers and Digital Interface Designers,detailed,148340.0,82370.0,73760.0,39550.0,53520.0,102900.0,142080.0,2019
99,U.S.,15-1299,"Computer Occupations, All Other",detailed,393160.0,92410.0,88550.0,43780.0,62620.0,117260.0,146440.0,2019
99,U.S.,15-2011,Actuaries,detailed,22260.0,120970.0,108350.0,64860.0,81210.0,148720.0,193600.0,2019
99,U.S.,15-2021,Mathematicians,detailed,2630.0,107280.0,105030.0,58100.0,76170.0,127860.0,162060.0,2019
99,U.S.,15-2031,Operations Research Analysts,detailed,99680.0,90600.0,84810.0,48670.0,62780.0,112680.0,140790.0,2019
99,U.S.,15-2041,Statisticians,detailed,39090.0,95680.0,91160.0,52690.0,68480.0,118790.0,146770.0,2019
99,U.S.,15-2098,"Data Scientists and Mathematical Science Occupations, All Other",detailed,30810.0,100560.0,94280.0,52720.0,70090.0,125140.0,158060.0,2019
99,U.S.,17-1011,"Architects, Except Landscape and Naval",detailed,105850.0,89560.0,80750.0,48700.0,62600.0,105600.0,137620.0,2019
99,U.S.,17-1012,Landscape Architects,detailed,20280.0,73970.0,69360.0,42320.0,54600.0,90090.0,112290.0,2019
99,U.S.,17-1021,Cartographers and Photogrammetrists,detailed,11300.0,69790.0,65470.0,41670.0,52340.0,85050.0,103380.0,2019
99,U.S.,17-1022,Surveyors,detailed,45220.0,67920.0,63420.0,36110.0,47750.0,84120.0,104850.0,2019
99,U.S.,17-2011,Aerospace Engineers,detailed,63200.0,119220.0,116500.0,72450.0,91240.0,145530.0,166620.0,2019
99,U.S.,17-2021,Agricultural Engineers,detailed,1550.0,98290.0,80720.0,47330.0,61140.0,103210.0,160950.0,2019
99,U.S.,17-2031,Bioengineers and Biomedical Engineers,detailed,19780.0,97090.0,91410.0,55280.0,70990.0,118020.0,148210.0,2019
99,U.S.,17-2041,Chemical Engineers,detailed,30120.0,117090.0,108770.0,66810.0,84720.0,137860.0,176090.0,2019
99,U.S.,17-2051,Civil Engineers,detailed,310850.0,94360.0,87060.0,55380.0,68130.0,113580.0,144560.0,2019
99,U.S.,17-2061,Computer Hardware Engineers,detailed,67880.0,123030.0,117220.0,68460.0,88800.0,150840.0,185240.0,2019
99,U.S.,17-2071,Electrical Engineers,detailed,185570.0,103480.0,98530.0,63020.0,77080.0,125520.0,155880.0,2019
99,U.S.,17-2072,"Electronics Engineers, Except Computer",detailed,128800.0,110210.0,105570.0,66620.0,82420.0,133050.0,164210.0,2019
99,U.S.,17-2081,Environmental Engineers,detailed,53150.0,94220.0,88860.0,54330.0,68000.0,114250.0,142070.0,2019
99,U.S.,17-2111,"Health and Safety Engineers, Except Mining Safety Engineers and Inspectors",detailed,25860.0,94810.0,91410.0,53650.0,68940.0,118440.0,143880.0,2019
99,U.S.,17-2112,Industrial Engineers,detailed,291710.0,92660.0,88020.0,57290.0,70540.0,110160.0,134070.0,2019
99,U.S.,17-2121,Marine Engineers and Naval Architects,detailed,11360.0,98730.0,92400.0,65440.0,75500.0,116770.0,147710.0,2019
99,U.S.,17-2131,Materials Engineers,detailed,26820.0,97890.0,93360.0,57340.0,72420.0,120180.0,148960.0,2019
99,U.S.,17-2141,Mechanical Engineers,detailed,306990.0,93540.0,88430.0,57130.0,70280.0,111980.0,138020.0,2019
99,U.S.,17-2151,"Mining and Geological Engineers, Including Mining Safety Engineers",detailed,6280.0,96990.0,91160.0,52160.0,68240.0,120890.0,151230.0,2019
99,U.S.,17-2161,Nuclear Engineers,detailed,15850.0,120700.0,113460.0,71860.0,90170.0,138330.0,179430.0,2019
99,U.S.,17-2171,Petroleum Engineers,detailed,32620.0,156780.0,137720.0,79270.0,107020.0,193430.0,,2019
99,U.S.,17-2199,"Engineers, All Other",detailed,152340.0,102460.0,99040.0,53730.0,72180.0,128780.0,158830.0,2019
99,U.S.,17-3011,Architectural and Civil Drafters,detailed,98800.0,58080.0,56340.0,35890.0,44920.0,69050.0,82230.0,2019
99,U.S.,17-3012,Electrical and Electronics Drafters,detailed,24140.0,65720.0,61530.0,37770.0,47880.0,79100.0,100650.0,2019
99,U.S.,17-3013,Mechanical Drafters,detailed,55210.0,60500.0,57060.0,36350.0,45050.0,72460.0,92010.0,2019
99,U.S.,17-3019,"Drafters, All Other",detailed,14600.0,54840.0,52830.0,33450.0,40530.0,64590.0,80430.0,2019
99,U.S.,17-3021,Aerospace Engineering and Operations Technologists and Technicians,detailed,11540.0,68340.0,66020.0,41680.0,52130.0,80520.0,99970.0,2019
99,U.S.,17-3022,Civil Engineering Technologists and Technicians,detailed,68870.0,55480.0,53410.0,33880.0,40590.0,67070.0,80650.0,2019
99,U.S.,17-3023,Electrical and Electronic Engineering Technologists and Technicians,detailed,122550.0,66240.0,65260.0,39190.0,50790.0,78910.0,96690.0,2019
99,U.S.,17-3024,Electro-Mechanical and Mechatronics Technologists and Technicians,detailed,14290.0,61420.0,58350.0,36520.0,45390.0,74600.0,93450.0,2019
99,U.S.,17-3025,Environmental Engineering Technologists and Technicians,detailed,18010.0,54740.0,50620.0,32610.0,38780.0,64890.0,82930.0,2019
99,U.S.,17-3026,Industrial Engineering Technologists and Technicians,detailed,67110.0,59400.0,56550.0,35850.0,44440.0,71220.0,87790.0,2019
99,U.S.,17-3027,Mechanical Engineering Technologists and Technicians,detailed,42820.0,59160.0,56980.0,35140.0,44170.0,72140.0,88640.0,2019
99,U.S.,17-3031,Surveying and Mapping Technicians,detailed,53030.0,48500.0,45010.0,28410.0,34960.0,59070.0,75190.0,2019
99,U.S.,17-3098,"Calibration Technologists and Technicians and Engineering Technologists and Technicians, Except Drafters, All Other",detailed,88330.0,65940.0,62990.0,35960.0,47370.0,80660.0,99790.0,2019
99,U.S.,19-1011,Animal Scientists,detailed,2690.0,68570.0,60300.0,38260.0,47130.0,80830.0,111740.0,2019
99,U.S.,19-1012,Food Scientists and Technologists,detailed,13460.0,76190.0,68970.0,40360.0,52790.0,94800.0,124660.0,2019
99,U.S.,19-1013,Soil and Plant Scientists,detailed,14150.0,69860.0,63200.0,38410.0,49630.0,82420.0,111480.0,2019
99,U.S.,19-1021,Biochemists and Biophysicists,detailed,31360.0,108180.0,94490.0,50620.0,66550.0,132200.0,182870.0,2019
99,U.S.,19-1022,Microbiologists,detailed,18270.0,82760.0,75650.0,43500.0,54760.0,108390.0,133280.0,2019
99,U.S.,19-1023,Zoologists and Wildlife Biologists,detailed,19250.0,67200.0,63270.0,38880.0,49860.0,79000.0,101780.0,2019
99,U.S.,19-1029,"Biological Scientists, All Other",detailed,40100.0,87590.0,82220.0,48670.0,63360.0,101000.0,133080.0,2019
99,U.S.,19-1031,Conservation Scientists,detailed,22070.0,67040.0,62660.0,39270.0,49480.0,79630.0,98060.0,2019
99,U.S.,19-1032,Foresters,detailed,9510.0,63270.0,61790.0,38890.0,49300.0,74400.0,90080.0,2019
99,U.S.,19-1041,Epidemiologists,detailed,7410.0,78290.0,70990.0,44000.0,56220.0,92600.0,119290.0,2019
99,U.S.,19-1042,"Medical Scientists, Except Epidemiologists",detailed,127180.0,98770.0,88790.0,49020.0,61920.0,121850.0,159680.0,2019
99,U.S.,19-1099,"Life Scientists, All Other",detailed,6450.0,85890.0,75910.0,39380.0,53780.0,104340.0,145510.0,2019
99,U.S.,19-2011,Astronomers,detailed,2070.0,122270.0,114590.0,59420.0,79010.0,160650.0,185780.0,2019
99,U.S.,19-2012,Physicists,detailed,16730.0,131080.0,122850.0,62470.0,88670.0,164210.0,201990.0,2019
99,U.S.,19-2021,Atmospheric and Space Scientists,detailed,9290.0,97160.0,95380.0,49700.0,70050.0,119110.0,147160.0,2019
99,U.S.,19-2031,Chemists,detailed,83530.0,84150.0,77630.0,44460.0,57090.0,104670.0,133690.0,2019
99,U.S.,19-2032,Materials Scientists,detailed,6710.0,100430.0,96810.0,51950.0,69060.0,126310.0,157780.0,2019
99,U.S.,19-2041,"Environmental Scientists and Specialists, Including Health",detailed,84290.0,77940.0,71360.0,42810.0,54100.0,95140.0,124760.0,2019
99,U.S.,19-2042,"Geoscientists, Except Hydrologists and Geographers",detailed,29200.0,108350.0,92040.0,51000.0,65180.0,130870.0,187910.0,2019
99,U.S.,19-2043,Hydrologists,detailed,6440.0,86330.0,81270.0,51220.0,63650.0,104280.0,127400.0,2019
99,U.S.,19-2099,"Physical Scientists, All Other",detailed,17550.0,112070.0,109910.0,51680.0,77460.0,139300.0,165270.0,2019
99,U.S.,19-3011,Economists,detailed,19000.0,116630.0,105020.0,59450.0,78800.0,143620.0,185020.0,2019
99,U.S.,19-3022,Survey Researchers,detailed,9930.0,65760.0,59170.0,32150.0,43030.0,79920.0,108860.0,2019
99,U.S.,19-3031,"Clinical, Counseling, and School Psychologists",detailed,113270.0,87450.0,78200.0,45240.0,59590.0,102470.0,132670.0,2019
99,U.S.,19-3032,Industrial-Organizational Psychologists,detailed,630.0,111150.0,92880.0,51080.0,61380.0,148170.0,197700.0,2019
99,U.S.,19-3039,"Psychologists, All Other",detailed,14220.0,98230.0,101790.0,46100.0,75740.0,114870.0,129530.0,2019
99,U.S.,19-3041,Sociologists,detailed,2630.0,90590.0,83420.0,46920.0,62460.0,108500.0,141770.0,2019
99,U.S.,19-3051,Urban and Regional Planners,detailed,38560.0,77750.0,74350.0,45850.0,57960.0,94000.0,116280.0,2019
99,U.S.,19-3091,Anthropologists and Archeologists,detailed,6720.0,66810.0,63670.0,39460.0,49760.0,81480.0,97950.0,2019
99,U.S.,19-3092,Geographers,detailed,1400.0,81970.0,81540.0,52280.0,63300.0,97620.0,113140.0,2019
99,U.S.,19-3093,Historians,detailed,3040.0,68690.0,63680.0,29760.0,41880.0,89550.0,114810.0,2019
99,U.S.,19-3094,Political Scientists,detailed,6010.0,120260.0,122220.0,60960.0,87990.0,148960.0,164210.0,2019
99,U.S.,19-3099,"Social Scientists and Related Workers, All Other",detailed,33690.0,87690.0,83330.0,52820.0,66480.0,105320.0,126070.0,2019
99,U.S.,19-4010,Agricultural and Food Science Technicians,detailed,21870.0,44440.0,41230.0,28030.0,33820.0,51360.0,64180.0,2019
99,U.S.,19-4021,Biological Technicians,detailed,79530.0,49110.0,45860.0,29540.0,35870.0,59210.0,73350.0,2019
99,U.S.,19-4031,Chemical Technicians,detailed,65760.0,52910.0,49260.0,31110.0,37700.0,64200.0,80350.0,2019
99,U.S.,19-4042,"Environmental Science and Protection Technicians, Including Health",detailed,32620.0,50760.0,46540.0,29040.0,35910.0,61030.0,80710.0,2019
99,U.S.,19-4045,Geological and Hydrologic Technicians,detailed,17110.0,60800.0,51130.0,28530.0,36470.0,74320.0,104660.0,2019
99,U.S.,19-4051,Nuclear Technicians,detailed,6420.0,82710.0,82080.0,52860.0,64140.0,98430.0,117480.0,2019
99,U.S.,19-4061,Social Science Research Assistants,detailed,35580.0,51340.0,47510.0,28190.0,36840.0,61050.0,78800.0,2019
99,U.S.,19-4071,Forest and Conservation Technicians,detailed,19060.0,45860.0,45500.0,29830.0,36160.0,53790.0,61370.0,2019
99,U.S.,19-4092,Forensic Science Technicians,detailed,16520.0,63170.0,59150.0,35620.0,45180.0,77200.0,97350.0,2019
99,U.S.,19-4099,"Life, Physical, and Social Science Technicians, All Other",detailed,64260.0,53670.0,50550.0,30050.0,38010.0,63940.0,81710.0,2019
99,U.S.,19-5011,Occupational Health and Safety Specialists,detailed,92780.0,76290.0,74100.0,43630.0,57400.0,92470.0,111130.0,2019
99,U.S.,19-5012,Occupational Health and Safety Technicians,detailed,20580.0,56470.0,51550.0,32830.0,40090.0,68940.0,89720.0,2019
99,U.S.,21-1012,"Educational, Guidance, and Career Counselors and Advisors",detailed,296460.0,61000.0,57040.0,34380.0,44010.0,74430.0,96090.0,2019
99,U.S.,21-1013,Marriage and Family Therapists,detailed,59050.0,54590.0,49610.0,32070.0,37740.0,64630.0,87700.0,2019
99,U.S.,21-1015,Rehabilitation Counselors,detailed,109040.0,40160.0,35950.0,23820.0,28140.0,48110.0,63790.0,2019
99,U.S.,21-1018,"Substance Abuse, Behavioral Disorder, and Mental Health Counselors",detailed,283540.0,49950.0,46240.0,29520.0,35960.0,59650.0,76080.0,2019
99,U.S.,21-1019,"Counselors, All Other",detailed,25420.0,48800.0,42930.0,27030.0,33690.0,59170.0,77590.0,2019
99,U.S.,21-1021,"Child, Family, and School Social Workers",detailed,327710.0,51030.0,47390.0,30870.0,37320.0,60600.0,78230.0,2019
99,U.S.,21-1022,Healthcare Social Workers,detailed,174890.0,59300.0,56750.0,35000.0,44200.0,71000.0,86130.0,2019
99,U.S.,21-1023,Mental Health and Substance Abuse Social Workers,detailed,117770.0,51670.0,46650.0,29540.0,35790.0,61930.0,80900.0,2019
99,U.S.,21-1029,"Social Workers, All Other",detailed,58410.0,61750.0,61230.0,34210.0,43570.0,78720.0,90800.0,2019
99,U.S.,21-1091,Health Education Specialists,detailed,58590.0,60500.0,55220.0,32890.0,40970.0,75050.0,98680.0,2019
99,U.S.,21-1092,Probation Officers and Correctional Treatment Specialists,detailed,88120.0,59910.0,54290.0,36370.0,43040.0,72450.0,94860.0,2019
99,U.S.,21-1093,Social and Human Service Assistants,detailed,404450.0,37050.0,35060.0,23750.0,28190.0,43800.0,54230.0,2019
99,U.S.,21-1094,Community Health Workers,detailed,58950.0,44390.0,40360.0,26660.0,32850.0,52850.0,68350.0,2019
99,U.S.,21-1099,"Community and Social Service Specialists, All Other",detailed,97480.0,46900.0,43790.0,26030.0,33680.0,57320.0,73220.0,2019
99,U.S.,21-2011,Clergy,detailed,53180.0,55190.0,50400.0,26810.0,36810.0,65320.0,86970.0,2019
99,U.S.,21-2021,"Directors, Religious Activities and Education",detailed,21820.0,50490.0,43860.0,23540.0,30580.0,62240.0,90870.0,2019
99,U.S.,21-2099,"Religious Workers, All Other",detailed,9450.0,39830.0,31630.0,20740.0,24780.0,46640.0,65630.0,2019
99,U.S.,23-1011,Lawyers,detailed,657170.0,145300.0,122960.0,59670.0,80950.0,186350.0,,2019
99,U.S.,23-1012,Judicial Law Clerks,detailed,16630.0,59890.0,54010.0,33910.0,41640.0,72160.0,96990.0,2019
99,U.S.,23-1021,"Administrative Law Judges, Adjudicators, and Hearing Officers",detailed,14380.0,100230.0,97870.0,45970.0,65130.0,129880.0,172010.0,2019
99,U.S.,23-1022,"Arbitrators, Mediators, and Conciliators",detailed,6090.0,73720.0,63930.0,37420.0,46460.0,94230.0,123730.0,2019
99,U.S.,23-1023,"Judges, Magistrate Judges, and Magistrates",detailed,28670.0,128550.0,136910.0,39110.0,77910.0,165320.0,204200.0,2019
99,U.S.,23-2011,Paralegals and Legal Assistants,detailed,329870.0,55020.0,51740.0,32160.0,39500.0,65610.0,82500.0,2019
99,U.S.,23-2093,"Title Examiners, Abstractors, and Searchers",detailed,52890.0,52050.0,48180.0,29060.0,36700.0,62090.0,79920.0,2019
99,U.S.,23-2099,"Legal Support Workers, All Other",detailed,45080.0,70840.0,58400.0,32070.0,43950.0,93050.0,134710.0,2019
99,U.S.,25-1011,"Business Teachers, Postsecondary",detailed,83920.0,105440.0,87200.0,39470.0,57680.0,133160.0,196980.0,2019
99,U.S.,25-1021,"Computer Science Teachers, Postsecondary",detailed,31800.0,98430.0,85180.0,42750.0,59550.0,123720.0,169980.0,2019
99,U.S.,25-1022,"Mathematical Science Teachers, Postsecondary",detailed,51150.0,86330.0,73690.0,38790.0,53170.0,106460.0,154320.0,2019
99,U.S.,25-1031,"Architecture Teachers, Postsecondary",detailed,6780.0,98980.0,87900.0,43000.0,63450.0,124060.0,175390.0,2019
99,U.S.,25-1032,"Engineering Teachers, Postsecondary",detailed,36080.0,112110.0,101010.0,53030.0,74510.0,136400.0,185720.0,2019
99,U.S.,25-1041,"Agricultural Sciences Teachers, Postsecondary",detailed,9470.0,89320.0,83260.0,40750.0,57770.0,113790.0,149700.0,2019
99,U.S.,25-1042,"Biological Science Teachers, Postsecondary",detailed,53090.0,98700.0,83300.0,44750.0,59710.0,122410.0,173930.0,2019
99,U.S.,25-1043,"Forestry and Conservation Science Teachers, Postsecondary",detailed,1770.0,90940.0,85450.0,49210.0,63810.0,112470.0,138950.0,2019
99,U.S.,25-1051,"Atmospheric, Earth, Marine, and Space Sciences Teachers, Postsecondary",detailed,11020.0,102690.0,92040.0,47660.0,65900.0,127210.0,173140.0,2019
99,U.S.,25-1052,"Chemistry Teachers, Postsecondary",detailed,21380.0,92650.0,79550.0,45940.0,59100.0,112340.0,159160.0,2019
99,U.S.,25-1053,"Environmental Science Teachers, Postsecondary",detailed,6060.0,93450.0,82430.0,44760.0,59920.0,115350.0,158030.0,2019
99,U.S.,25-1054,"Physics Teachers, Postsecondary",detailed,13780.0,101110.0,89590.0,49690.0,64660.0,124880.0,168900.0,2019
99,U.S.,25-1061,"Anthropology and Archeology Teachers, Postsecondary",detailed,5850.0,95140.0,86220.0,46700.0,63600.0,117210.0,157840.0,2019
99,U.S.,25-1062,"Area, Ethnic, and Cultural Studies Teachers, Postsecondary",detailed,10600.0,88410.0,77070.0,38610.0,54920.0,105140.0,157030.0,2019
99,U.S.,25-1063,"Economics Teachers, Postsecondary",detailed,13270.0,119160.0,104370.0,51090.0,73330.0,146270.0,206150.0,2019
99,U.S.,25-1064,"Geography Teachers, Postsecondary",detailed,3970.0,86540.0,80520.0,43740.0,62170.0,105300.0,137690.0,2019
99,U.S.,25-1065,"Political Science Teachers, Postsecondary",detailed,15750.0,102290.0,85930.0,44340.0,61590.0,122800.0,184340.0,2019
99,U.S.,25-1066,"Psychology Teachers, Postsecondary",detailed,37480.0,87530.0,76620.0,41010.0,56180.0,105830.0,151030.0,2019
99,U.S.,25-1067,"Sociology Teachers, Postsecondary",detailed,13850.0,85240.0,75290.0,39920.0,54980.0,103300.0,147930.0,2019
99,U.S.,25-1069,"Social Sciences Teachers, Postsecondary, All Other",detailed,16830.0,85390.0,71530.0,30880.0,49260.0,107530.0,164920.0,2019
99,U.S.,25-1071,"Health Specialties Teachers, Postsecondary",detailed,201920.0,121620.0,97320.0,44350.0,62350.0,159950.0,,2019
99,U.S.,25-1072,"Nursing Instructors and Teachers, Postsecondary",detailed,59680.0,83160.0,74600.0,41130.0,56260.0,99640.0,133460.0,2019
99,U.S.,25-1081,"Education Teachers, Postsecondary",detailed,61300.0,74560.0,65510.0,31730.0,47980.0,91270.0,128140.0,2019
99,U.S.,25-1082,"Library Science Teachers, Postsecondary",detailed,4390.0,77170.0,71410.0,46230.0,56750.0,91160.0,118330.0,2019
99,U.S.,25-1111,"Criminal Justice and Law Enforcement Teachers, Postsecondary",detailed,14070.0,72980.0,62860.0,35650.0,48350.0,88510.0,125680.0,2019
99,U.S.,25-1112,"Law Teachers, Postsecondary",detailed,16180.0,129950.0,113530.0,37600.0,59160.0,179230.0,,2019
99,U.S.,25-1113,"Social Work Teachers, Postsecondary",detailed,13640.0,77910.0,72070.0,34900.0,53320.0,96050.0,128350.0,2019
99,U.S.,25-1121,"Art, Drama, and Music Teachers, Postsecondary",detailed,94060.0,83220.0,69530.0,35180.0,50030.0,100620.0,149560.0,2019
99,U.S.,25-1122,"Communications Teachers, Postsecondary",detailed,29120.0,79830.0,70630.0,38160.0,51470.0,97920.0,137830.0,2019
99,U.S.,25-1123,"English Language and Literature Teachers, Postsecondary",detailed,67930.0,80180.0,68490.0,37960.0,50150.0,99180.0,140890.0,2019
99,U.S.,25-1124,"Foreign Language and Literature Teachers, Postsecondary",detailed,24860.0,80170.0,69990.0,40530.0,53040.0,99090.0,135430.0,2019
99,U.S.,25-1125,"History Teachers, Postsecondary",detailed,21030.0,84210.0,75170.0,39580.0,55520.0,101530.0,139140.0,2019
99,U.S.,25-1126,"Philosophy and Religion Teachers, Postsecondary",detailed,23490.0,88970.0,75240.0,41540.0,55570.0,103960.0,151180.0,2019
99,U.S.,25-1192,"Family and Consumer Sciences Teachers, Postsecondary",detailed,2150.0,85270.0,76480.0,36430.0,54540.0,101880.0,137050.0,2019
99,U.S.,25-1193,"Recreation and Fitness Studies Teachers, Postsecondary",detailed,15880.0,73720.0,64380.0,33740.0,47790.0,92350.0,127910.0,2019
99,U.S.,25-1194,"Career/Technical Education Teachers, Postsecondary",detailed,112210.0,60420.0,54620.0,32840.0,41970.0,72460.0,99230.0,2019
99,U.S.,25-1199,"Postsecondary Teachers, All Other",detailed,201320.0,80720.0,68970.0,31570.0,50610.0,104240.0,144210.0,2019
99,U.S.,25-2011,"Preschool Teachers, Except Special Education",detailed,431350.0,34650.0,30520.0,21140.0,24830.0,39720.0,55050.0,2019
99,U.S.,25-2012,"Kindergarten Teachers, Except Special Education",detailed,124290.0,60210.0,56850.0,37420.0,45720.0,71470.0,90180.0,2019
99,U.S.,25-2021,"Elementary School Teachers, Except Special Education",detailed,1430480.0,63930.0,59670.0,39020.0,47300.0,77440.0,97900.0,2019
99,U.S.,25-2022,"Middle School Teachers, Except Special and Career/Technical Education",detailed,622330.0,63550.0,59660.0,39990.0,47850.0,76430.0,96280.0,2019
99,U.S.,25-2023,"Career/Technical Education Teachers, Middle School",detailed,11860.0,64900.0,60800.0,40770.0,50500.0,77460.0,97050.0,2019
99,U.S.,25-2031,"Secondary School Teachers, Except Special and Career/Technical Education",detailed,1035850.0,65930.0,61660.0,40540.0,49060.0,79820.0,99660.0,2019
99,U.S.,25-2032,"Career/Technical Education Teachers, Secondary School",detailed,74520.0,64800.0,61710.0,42620.0,51240.0,76730.0,94050.0,2019
99,U.S.,25-2051,"Special Education Teachers, Preschool",detailed,22340.0,67060.0,60000.0,35110.0,45990.0,79910.0,115260.0,2019
99,U.S.,25-2052,"Special Education Teachers, Kindergarten and Elementary School",detailed,193830.0,64420.0,60460.0,40560.0,48800.0,77420.0,97210.0,2019
99,U.S.,25-2057,"Special Education Teachers, Middle School",detailed,85840.0,65740.0,61440.0,41370.0,50010.0,79030.0,98610.0,2019
99,U.S.,25-2058,"Special Education Teachers, Secondary School",detailed,143170.0,65710.0,61710.0,41170.0,49820.0,79150.0,98890.0,2019
99,U.S.,25-2059,"Special Education Teachers, All Other",detailed,35600.0,65350.0,61190.0,34180.0,45730.0,81510.0,100890.0,2019
99,U.S.,25-3011,"Adult Basic Education, Adult Secondary Education, and English as a Second Language Instructors",detailed,51950.0,58980.0,54350.0,32580.0,42640.0,71700.0,93760.0,2019
99,U.S.,25-3021,Self-Enrichment Teachers,detailed,252780.0,46120.0,39190.0,21400.0,27540.0,57160.0,80330.0,2019
99,U.S.,25-3031,"Substitute Teachers, Short-Term",detailed,587120.0,32460.0,28790.0,18880.0,22860.0,37340.0,49200.0,2019
99,U.S.,25-3097,"Tutors and Teachers and Instructors, All Other",detailed,320250.0,48700.0,39350.0,21500.0,27260.0,61490.0,87290.0,2019
99,U.S.,25-4011,Archivists,detailed,6560.0,57500.0,53950.0,31870.0,39530.0,72560.0,91350.0,2019
99,U.S.,25-4012,Curators,detailed,12890.0,59130.0,54570.0,30740.0,40980.0,73370.0,94750.0,2019
99,U.S.,25-4013,Museum Technicians and Conservators,detailed,13190.0,48030.0,44430.0,26110.0,33530.0,58470.0,76330.0,2019
99,U.S.,25-4022,Librarians and Media Collections Specialists,detailed,135690.0,61920.0,59500.0,33820.0,46030.0,75700.0,94520.0,2019
99,U.S.,25-4031,Library Technicians,detailed,88720.0,36950.0,34900.0,22010.0,26470.0,45560.0,56170.0,2019
99,U.S.,25-9021,Farm and Home Management Educators,detailed,8720.0,52720.0,49710.0,27370.0,36640.0,65050.0,82210.0,2019
99,U.S.,25-9031,Instructional Coordinators,detailed,176690.0,69180.0,66290.0,38260.0,50930.0,85090.0,103790.0,2019
99,U.S.,25-9044,"Teaching Assistants, Postsecondary",detailed,137500.0,36460.0,32080.0,18950.0,24570.0,47370.0,59480.0,2019
99,U.S.,25-9045,"Teaching Assistants, Except Postsecondary",detailed,1346910.0,29640.0,27920.0,18940.0,22920.0,35300.0,43040.0,2019
99,U.S.,25-9099,"Educational Instruction and Library Workers, All Other",detailed,129040.0,45970.0,40310.0,18840.0,25500.0,58740.0,81360.0,2019
99,U.S.,27-1011,Art Directors,detailed,42890.0,109600.0,94220.0,53240.0,69110.0,130330.0,188750.0,2019
99,U.S.,27-1012,Craft Artists,detailed,4640.0,38740.0,34710.0,20710.0,26030.0,46250.0,62960.0,2019
99,U.S.,27-1013,"Fine Artists, Including Painters, Sculptors, and Illustrators",detailed,12350.0,63030.0,50550.0,20070.0,32400.0,74110.0,112970.0,2019
99,U.S.,27-1014,Special Effects Artists and Animators,detailed,29340.0,84780.0,75270.0,40250.0,55390.0,103330.0,139940.0,2019
99,U.S.,27-1019,"Artists and Related Workers, All Other",detailed,7550.0,67750.0,64490.0,27950.0,38440.0,93010.0,109900.0,2019
99,U.S.,27-1021,Commercial and Industrial Designers,detailed,32770.0,73820.0,68890.0,39860.0,53270.0,90980.0,114950.0,2019
99,U.S.,27-1022,Fashion Designers,detailed,22030.0,86110.0,73790.0,37260.0,52410.0,100830.0,149010.0,2019
99,U.S.,27-1023,Floral Designers,detailed,41770.0,29760.0,28040.0,19710.0,23280.0,34870.0,41400.0,2019
99,U.S.,27-1024,Graphic Designers,detailed,215930.0,56510.0,52110.0,30810.0,39000.0,68920.0,89210.0,2019
99,U.S.,27-1025,Interior Designers,detailed,60650.0,60990.0,56040.0,31970.0,42260.0,73490.0,96470.0,2019
99,U.S.,27-1026,Merchandise Displayers and Window Trimmers,detailed,140850.0,32940.0,29460.0,21630.0,24710.0,37330.0,49410.0,2019
99,U.S.,27-1027,Set and Exhibit Designers,detailed,12040.0,62480.0,54600.0,30910.0,38500.0,78560.0,105990.0,2019
99,U.S.,27-1029,"Designers, All Other",detailed,10610.0,73510.0,64620.0,30130.0,45140.0,90630.0,132610.0,2019
99,U.S.,27-2011,Actors,detailed,52620.0,,,,,,,2019
99,U.S.,27-2012,Producers and Directors,detailed,129210.0,93940.0,74420.0,35480.0,50840.0,114530.0,173680.0,2019
99,U.S.,27-2021,Athletes and Sports Competitors,detailed,11330.0,93140.0,51370.0,19280.0,25770.0,109920.0,,2019
99,U.S.,27-2022,Coaches and Scouts,detailed,241390.0,44910.0,34840.0,19040.0,23950.0,53980.0,78890.0,2019
99,U.S.,27-2023,"Umpires, Referees, and Other Sports Officials",detailed,20120.0,38810.0,28550.0,18310.0,21580.0,44750.0,62490.0,2019
99,U.S.,27-2031,Dancers,detailed,9690.0,,,,,,,2019
99,U.S.,27-2032,Choreographers,detailed,4630.0,53590.0,46330.0,21800.0,31820.0,66040.0,101710.0,2019
99,U.S.,27-2041,Music Directors and Composers,detailed,10580.0,64670.0,51670.0,23100.0,33290.0,75010.0,125200.0,2019
99,U.S.,27-2042,Musicians and Singers,detailed,41130.0,,,,,,,2019
99,U.S.,27-2090,"Miscellaneous Entertainers and Performers, Sports and Related Workers",detailed,15840.0,,,,,,,2019
99,U.S.,27-3011,Broadcast Announcers and Radio Disc Jockeys,detailed,29230.0,53580.0,34630.0,19330.0,24010.0,56060.0,105180.0,2019
99,U.S.,27-3023,"News Analysts, Reporters, and Journalists",detailed,44100.0,62400.0,46270.0,24520.0,31450.0,75920.0,117170.0,2019
99,U.S.,27-3031,Public Relations Specialists,detailed,244730.0,70190.0,61150.0,34590.0,45480.0,83170.0,115430.0,2019
99,U.S.,27-3041,Editors,detailed,95970.0,71910.0,61370.0,32620.0,44190.0,85730.0,122280.0,2019
99,U.S.,27-3042,Technical Writers,detailed,50760.0,76860.0,72850.0,44320.0,56570.0,93590.0,117250.0,2019
99,U.S.,27-3043,Writers and Authors,detailed,45860.0,73860.0,63200.0,33660.0,46640.0,87110.0,122450.0,2019
99,U.S.,27-3091,Interpreters and Translators,detailed,58870.0,57000.0,51830.0,28170.0,37740.0,71590.0,94370.0,2019
99,U.S.,27-3092,Court Reporters and Simultaneous Captioners,detailed,14530.0,64990.0,60130.0,31570.0,44120.0,85400.0,106210.0,2019
99,U.S.,27-3099,"Media and Communication Workers, All Other",detailed,25160.0,53060.0,47580.0,22820.0,30790.0,67790.0,92660.0,2019
99,U.S.,27-4011,Audio and Video Technicians,detailed,73960.0,51260.0,45910.0,26690.0,34270.0,62610.0,83170.0,2019
99,U.S.,27-4012,Broadcast Technicians,detailed,28650.0,46800.0,40570.0,21620.0,27320.0,60520.0,82080.0,2019
99,U.S.,27-4014,Sound Engineering Technicians,detailed,12890.0,67090.0,54740.0,25990.0,35270.0,79130.0,121320.0,2019
99,U.S.,27-4021,Photographers,detailed,50620.0,45440.0,36280.0,20630.0,25150.0,57250.0,79440.0,2019
99,U.S.,27-4031,"Camera Operators, Television, Video, and Film",detailed,21500.0,64960.0,55160.0,26560.0,37180.0,78120.0,110790.0,2019
99,U.S.,27-4032,Film and Video Editors,detailed,27570.0,87300.0,63780.0,32750.0,45310.0,99220.0,168320.0,2019
99,U.S.,27-4098,"Lighting Technicians and Media and Communication Equipment Workers, All Other",detailed,23440.0,73700.0,73460.0,29360.0,45080.0,96980.0,116740.0,2019
99,U.S.,29-1011,Chiropractors,detailed,35010.0,85010.0,70340.0,35290.0,52800.0,97760.0,147480.0,2019
99,U.S.,29-1021,"Dentists, General",detailed,110730.0,178260.0,155600.0,80850.0,113060.0,,,2019
99,U.S.,29-1022,Oral and Maxillofacial Surgeons,detailed,4650.0,237570.0,,65360.0,173470.0,,,2019
99,U.S.,29-1023,Orthodontists,detailed,5990.0,230830.0,,73490.0,139330.0,,,2019
99,U.S.,29-1024,Prosthodontists,detailed,490.0,220840.0,,96060.0,127690.0,,,2019
99,U.S.,29-1029,"Dentists, All Other Specialists",detailed,5330.0,178040.0,147220.0,94240.0,113830.0,,,2019
99,U.S.,29-1031,Dietitians and Nutritionists,detailed,67670.0,62330.0,61270.0,38890.0,50220.0,74900.0,87360.0,2019
99,U.S.,29-1041,Optometrists,detailed,39420.0,122980.0,115250.0,59200.0,87780.0,142790.0,194100.0,2019
99,U.S.,29-1051,Pharmacists,detailed,311200.0,125510.0,128090.0,88400.0,112140.0,148660.0,162900.0,2019
99,U.S.,29-1071,Physician Assistants,detailed,120090.0,112410.0,112260.0,72720.0,92800.0,130530.0,157120.0,2019
99,U.S.,29-1081,Podiatrists,detailed,9770.0,142680.0,126240.0,54150.0,85090.0,178960.0,,2019
99,U.S.,29-1122,Occupational Therapists,detailed,133570.0,86210.0,84950.0,56800.0,69710.0,101590.0,121490.0,2019
99,U.S.,29-1123,Physical Therapists,detailed,233350.0,90170.0,89440.0,62120.0,73940.0,104210.0,124740.0,2019
99,U.S.,29-1124,Radiation Therapists,detailed,17860.0,91620.0,85560.0,59280.0,70170.0,105830.0,128630.0,2019
99,U.S.,29-1125,Recreational Therapists,detailed,19070.0,51130.0,48220.0,30880.0,37840.0,61960.0,77970.0,2019
99,U.S.,29-1126,Respiratory Therapists,detailed,132090.0,63950.0,61330.0,44850.0,52820.0,74160.0,86980.0,2019
99,U.S.,29-1127,Speech-Language Pathologists,detailed,154360.0,82000.0,79120.0,49840.0,61940.0,99380.0,121260.0,2019
99,U.S.,29-1128,Exercise Physiologists,detailed,7280.0,54750.0,49170.0,34990.0,41530.0,61650.0,78310.0,2019
99,U.S.,29-1129,"Therapists, All Other",detailed,12170.0,58600.0,52650.0,31090.0,41070.0,71500.0,95340.0,2019
99,U.S.,29-1131,Veterinarians,detailed,74540.0,104820.0,95460.0,58080.0,75580.0,122590.0,160780.0,2019
99,U.S.,29-1141,Registered Nurses,detailed,2982280.0,77460.0,73300.0,52080.0,60110.0,90760.0,111220.0,2019
99,U.S.,29-1151,Nurse Anesthetists,detailed,43570.0,181040.0,174790.0,127480.0,148110.0,203730.0,,2019
99,U.S.,29-1161,Nurse Midwives,detailed,6930.0,108810.0,105030.0,69000.0,86990.0,127110.0,158990.0,2019
99,U.S.,29-1171,Nurse Practitioners,detailed,200600.0,111840.0,109820.0,81410.0,92790.0,127030.0,152160.0,2019
99,U.S.,29-1181,Audiologists,detailed,13590.0,83900.0,77600.0,54010.0,66030.0,96610.0,120750.0,2019
99,U.S.,29-1211,Anesthesiologists,detailed,31010.0,261730.0,,124080.0,,,,2019
99,U.S.,29-1215,Family Medicine Physicians,detailed,109370.0,213270.0,205590.0,85590.0,147030.0,,,2019
99,U.S.,29-1216,General Internal Medicine Physicians,detailed,44610.0,201440.0,201590.0,60970.0,107250.0,,,2019
99,U.S.,29-1218,Obstetricians and Gynecologists,detailed,18620.0,233610.0,,81200.0,171780.0,,,2019
99,U.S.,29-1221,"Pediatricians, General",detailed,29740.0,184410.0,175310.0,69940.0,127610.0,,,2019
99,U.S.,29-1223,Psychiatrists,detailed,25530.0,220430.0,,74530.0,149440.0,,,2019
99,U.S.,29-1228,"Physicians, All Other; and Ophthalmologists, Except Pediatric",detailed,390680.0,203450.0,206500.0,60910.0,112210.0,,,2019
99,U.S.,29-1248,"Surgeons, Except Ophthalmologists",detailed,36270.0,252040.0,,83740.0,207720.0,,,2019
99,U.S.,29-1292,Dental Hygienists,detailed,221560.0,77230.0,76220.0,53130.0,64260.0,91560.0,103340.0,2019
99,U.S.,29-1298,"Acupuncturists and Healthcare Diagnosing or Treating Practitioners, All Other",detailed,36500.0,89060.0,75640.0,42120.0,56840.0,115010.0,148950.0,2019
99,U.S.,29-2010,Clinical Laboratory Technologists and Technicians,detailed,326020.0,54780.0,53120.0,30920.0,39030.0,68100.0,81530.0,2019
99,U.S.,29-2031,Cardiovascular Technologists and Technicians,detailed,56110.0,59600.0,57720.0,29710.0,38770.0,76190.0,94370.0,2019
99,U.S.,29-2032,Diagnostic Medical Sonographers,detailed,72790.0,75780.0,74320.0,52770.0,61830.0,89130.0,102060.0,2019
99,U.S.,29-2033,Nuclear Medicine Technologists,detailed,18110.0,80240.0,77950.0,56560.0,66880.0,93370.0,105690.0,2019
99,U.S.,29-2034,Radiologic Technologists and Technicians,detailed,207360.0,63120.0,60510.0,41480.0,49580.0,74660.0,89760.0,2019
99,U.S.,29-2035,Magnetic Resonance Imaging Technologists,detailed,37900.0,74270.0,73410.0,51150.0,61030.0,87280.0,101580.0,2019
99,U.S.,29-2040,Emergency Medical Technicians and Paramedics,detailed,260600.0,38830.0,35400.0,23490.0,28130.0,46090.0,59860.0,2019
99,U.S.,29-2051,Dietetic Technicians,detailed,29230.0,31180.0,28400.0,20190.0,23670.0,36360.0,47040.0,2019
99,U.S.,29-2052,Pharmacy Technicians,detailed,417780.0,35250.0,33950.0,24120.0,27980.0,40440.0,49130.0,2019
99,U.S.,29-2053,Psychiatric Technicians,detailed,78470.0,37550.0,33780.0,23440.0,27440.0,43200.0,62120.0,2019
99,U.S.,29-2055,Surgical Technologists,detailed,109000.0,50110.0,48300.0,33420.0,39760.0,59320.0,71400.0,2019
99,U.S.,29-2056,Veterinary Technologists and Technicians,detailed,110650.0,36670.0,35320.0,24530.0,29080.0,42540.0,51230.0,2019
99,U.S.,29-2057,Ophthalmic Medical Technicians,detailed,58600.0,38760.0,36940.0,24980.0,29940.0,46320.0,56370.0,2019
99,U.S.,29-2061,Licensed Practical and Licensed Vocational Nurses,detailed,697510.0,48500.0,47480.0,34560.0,40810.0,56040.0,63360.0,2019
99,U.S.,29-2081,"Opticians, Dispensing",detailed,72330.0,40730.0,37840.0,25640.0,30050.0,49170.0,60840.0,2019
99,U.S.,29-2091,Orthotists and Prosthetists,detailed,9830.0,72810.0,68410.0,41360.0,52120.0,86580.0,108130.0,2019
99,U.S.,29-2092,Hearing Aid Specialists,detailed,8210.0,55360.0,53420.0,29020.0,38640.0,64780.0,85260.0,2019
99,U.S.,29-2098,"Medical Dosimetrists, Medical Records Specialists, and Health Technologists and Technicians, All Other",detailed,331790.0,46590.0,42630.0,27820.0,33760.0,56000.0,71150.0,2019
99,U.S.,29-9091,Athletic Trainers,detailed,28600.0,50540.0,48440.0,31300.0,39860.0,59430.0,73470.0,2019
99,U.S.,29-9092,Genetic Counselors,detailed,2390.0,84310.0,81880.0,61310.0,70740.0,98110.0,114750.0,2019
99,U.S.,29-9098,"Health Information Technologists, Medical Registrars, Surgical Assistants, and Healthcare Practitioners and Technical Workers, All Other",detailed,54350.0,58600.0,49850.0,27670.0,35170.0,76020.0,103430.0,2019
99,U.S.,31-1120,Home Health and Personal Care Aides,detailed,3161500.0,26440.0,25280.0,19430.0,22680.0,29460.0,34180.0,2019
99,U.S.,31-1131,Nursing Assistants,detailed,1419920.0,30720.0,29660.0,21960.0,25460.0,35260.0,40620.0,2019
99,U.S.,31-1132,Orderlies,detailed,46990.0,30710.0,28980.0,21590.0,24480.0,35460.0,42860.0,2019
99,U.S.,31-1133,Psychiatric Aides,detailed,55020.0,32590.0,31110.0,21440.0,24820.0,38520.0,47690.0,2019
99,U.S.,31-2011,Occupational Therapy Assistants,detailed,44990.0,61880.0,61510.0,41730.0,52150.0,73190.0,82210.0,2019
99,U.S.,31-2012,Occupational Therapy Aides,detailed,7560.0,34310.0,29230.0,18960.0,21920.0,39330.0,62120.0,2019
99,U.S.,31-2021,Physical Therapist Assistants,detailed,96840.0,58520.0,58790.0,33450.0,47690.0,69880.0,80840.0,2019
99,U.S.,31-2022,Physical Therapist Aides,detailed,49270.0,29180.0,27000.0,20310.0,23320.0,32310.0,39740.0,2019
99,U.S.,31-9011,Massage Therapists,detailed,107240.0,47180.0,42820.0,21810.0,29420.0,59370.0,80630.0,2019
99,U.S.,31-9091,Dental Assistants,detailed,351470.0,41170.0,40080.0,27980.0,33440.0,48550.0,56930.0,2019
99,U.S.,31-9092,Medical Assistants,detailed,712430.0,35720.0,34800.0,25820.0,29460.0,40270.0,48720.0,2019
99,U.S.,31-9093,Medical Equipment Preparers,detailed,56900.0,39530.0,37440.0,26530.0,30910.0,46630.0,56910.0,2019
99,U.S.,31-9094,Medical Transcriptionists,detailed,55780.0,35210.0,33380.0,22160.0,25690.0,42460.0,51260.0,2019
99,U.S.,31-9095,Pharmacy Aides,detailed,37280.0,30490.0,27850.0,20300.0,23560.0,34970.0,46500.0,2019
99,U.S.,31-9096,Veterinary Assistants and Laboratory Animal Caretakers,detailed,97030.0,29690.0,28590.0,20790.0,24080.0,34220.0,39800.0,2019
99,U.S.,31-9097,Phlebotomists,detailed,128290.0,36480.0,35510.0,26000.0,29860.0,41490.0,49750.0,2019
99,U.S.,31-9099,"Healthcare Support Workers, All Other",detailed,93270.0,40010.0,38460.0,23790.0,29460.0,48440.0,58500.0,2019
99,U.S.,33-1011,First-Line Supervisors of Correctional Officers,detailed,46430.0,69000.0,63730.0,41850.0,47710.0,86670.0,105780.0,2019
99,U.S.,33-1012,First-Line Supervisors of Police and Detectives,detailed,121340.0,94950.0,91090.0,52320.0,68170.0,118970.0,146580.0,2019
99,U.S.,33-1021,First-Line Supervisors of Firefighting and Prevention Workers,detailed,69590.0,82010.0,77800.0,43150.0,58540.0,101430.0,126720.0,2019
99,U.S.,33-1090,"Miscellaneous First-Line Supervisors, Protective Service Workers",detailed,82590.0,53210.0,50490.0,29180.0,36770.0,63690.0,81380.0,2019
99,U.S.,33-2011,Firefighters,detailed,324620.0,54650.0,50850.0,25550.0,34470.0,69040.0,92020.0,2019
99,U.S.,33-2021,Fire Inspectors and Investigators,detailed,13710.0,64730.0,61660.0,38090.0,48060.0,78180.0,96400.0,2019
99,U.S.,33-2022,Forest Fire Inspectors and Prevention Specialists,detailed,2160.0,53350.0,45270.0,28090.0,33760.0,69080.0,89710.0,2019
99,U.S.,33-3011,Bailiffs,detailed,19650.0,51840.0,47830.0,24620.0,34530.0,67180.0,82900.0,2019
99,U.S.,33-3012,Correctional Officers and Jailers,detailed,423050.0,50130.0,45180.0,31740.0,37110.0,60110.0,78090.0,2019
99,U.S.,33-3021,Detectives and Criminal Investigators,detailed,105620.0,86030.0,83170.0,44860.0,58890.0,107050.0,139180.0,2019
99,U.S.,33-3031,Fish and Game Wardens,detailed,6800.0,57690.0,57500.0,33930.0,45740.0,70050.0,80540.0,2019
99,U.S.,33-3041,Parking Enforcement Workers,detailed,7650.0,43420.0,40920.0,26610.0,32200.0,53040.0,64210.0,2019
99,U.S.,33-3051,Police and Sheriff's Patrol Officers,detailed,665280.0,67600.0,63150.0,36960.0,47190.0,84440.0,105230.0,2019
99,U.S.,33-3052,Transit and Railroad Police,detailed,4690.0,71120.0,71820.0,43220.0,57780.0,83200.0,99320.0,2019
99,U.S.,33-9011,Animal Control Workers,detailed,11980.0,39710.0,37590.0,24280.0,30440.0,47370.0,59610.0,2019
99,U.S.,33-9021,Private Detectives and Investigators,detailed,35000.0,57000.0,50510.0,30390.0,37030.0,67940.0,89760.0,2019
99,U.S.,33-9031,Gambling Surveillance Officers and Gambling Investigators,detailed,10280.0,38030.0,34190.0,24490.0,28050.0,43680.0,57700.0,2019
99,U.S.,33-9032,Security Guards,detailed,1126370.0,33030.0,29680.0,21150.0,24650.0,37950.0,50310.0,2019
99,U.S.,33-9091,Crossing Guards and Flaggers,detailed,84920.0,32920.0,29760.0,20060.0,24410.0,38510.0,49710.0,2019
99,U.S.,33-9092,"Lifeguards, Ski Patrol, and Other Recreational Protective Service Workers",detailed,143940.0,25380.0,23420.0,17830.0,19720.0,27620.0,35930.0,2019
99,U.S.,33-9093,Transportation Security Screeners,detailed,46730.0,42310.0,41770.0,34640.0,38010.0,45180.0,50240.0,2019
99,U.S.,33-9098,"School Bus Monitors and Protective Service Workers, All Other",detailed,146390.0,34880.0,30990.0,20560.0,24740.0,40390.0,54110.0,2019
99,U.S.,35-1011,Chefs and Head Cooks,detailed,128190.0,56310.0,51530.0,28370.0,37380.0,68500.0,86990.0,2019
99,U.S.,35-1012,First-Line Supervisors of Food Preparation and Serving Workers,detailed,1011100.0,36960.0,33400.0,22420.0,26610.0,44910.0,57990.0,2019
99,U.S.,35-2011,"Cooks, Fast Food",detailed,527220.0,23530.0,23510.0,17540.0,19450.0,26410.0,30490.0,2019
99,U.S.,35-2012,"Cooks, Institution and Cafeteria",detailed,402480.0,29030.0,27750.0,19200.0,22710.0,33940.0,40570.0,2019
99,U.S.,35-2013,"Cooks, Private Household",detailed,390.0,45600.0,37870.0,27390.0,30520.0,49100.0,81670.0,2019
99,U.S.,35-2014,"Cooks, Restaurant",detailed,1401890.0,28700.0,27790.0,19970.0,23520.0,32600.0,38740.0,2019
99,U.S.,35-2015,"Cooks, Short Order",detailed,152670.0,26240.0,25150.0,18700.0,21130.0,30120.0,36070.0,2019
99,U.S.,35-2019,"Cooks, All Other",detailed,19340.0,32240.0,30760.0,20050.0,24940.0,37890.0,45860.0,2019
99,U.S.,35-2021,Food Preparation Workers,detailed,863740.0,25820.0,24800.0,18220.0,20800.0,29650.0,35500.0,2019
99,U.S.,35-3011,Bartenders,detailed,646850.0,28000.0,23680.0,17780.0,19390.0,31390.0,46140.0,2019
99,U.S.,35-3023,Fast Food and Counter Workers,detailed,3996820.0,23250.0,22740.0,17580.0,19210.0,25780.0,30410.0,2019
99,U.S.,35-3031,Waiters and Waitresses,detailed,2579020.0,26800.0,22890.0,17420.0,18950.0,29620.0,42950.0,2019
99,U.S.,35-3041,"Food Servers, Nonrestaurant",detailed,277580.0,26080.0,24430.0,18510.0,20800.0,29280.0,36530.0,2019
99,U.S.,35-9011,Dining Room and Cafeteria Attendants and Bartender Helpers,detailed,477270.0,25020.0,23470.0,17870.0,19590.0,27140.0,34600.0,2019
99,U.S.,35-9021,Dishwashers,detailed,514330.0,24410.0,23970.0,18360.0,20580.0,26760.0,30950.0,2019
99,U.S.,35-9031,"Hosts and Hostesses, Restaurant, Lounge, and Coffee Shop",detailed,423380.0,24010.0,23090.0,17600.0,19290.0,26350.0,31560.0,2019
99,U.S.,35-9099,"Food Preparation and Serving Related Workers, All Other",detailed,72300.0,26510.0,24970.0,18480.0,21910.0,29890.0,36620.0,2019
99,U.S.,37-1011,First-Line Supervisors of Housekeeping and Janitorial Workers,detailed,155550.0,44160.0,40780.0,26240.0,31900.0,53890.0,67340.0,2019
99,U.S.,37-1012,"First-Line Supervisors of Landscaping, Lawn Service, and Groundskeeping Workers",detailed,103580.0,52340.0,49370.0,32380.0,38850.0,62520.0,78220.0,2019
99,U.S.,37-2011,"Janitors and Cleaners, Except Maids and Housekeeping Cleaners",detailed,2145450.0,30010.0,27430.0,19620.0,23050.0,34950.0,44880.0,2019
99,U.S.,37-2012,Maids and Housekeeping Cleaners,detailed,926960.0,26810.0,24850.0,18680.0,21290.0,30080.0,37900.0,2019
99,U.S.,37-2019,"Building Cleaning Workers, All Other",detailed,18150.0,35270.0,31230.0,21770.0,24920.0,40660.0,56390.0,2019
99,U.S.,37-2021,Pest Control Workers,detailed,79450.0,39910.0,37330.0,24920.0,30120.0,48150.0,60320.0,2019
99,U.S.,37-3011,Landscaping and Groundskeeping Workers,detailed,912660.0,32360.0,30440.0,21710.0,25450.0,37480.0,46530.0,2019
99,U.S.,37-3012,"Pesticide Handlers, Sprayers, and Applicators, Vegetation",detailed,25780.0,39230.0,35840.0,25020.0,29570.0,43310.0,57350.0,2019
99,U.S.,37-3013,Tree Trimmers and Pruners,detailed,47210.0,42510.0,39980.0,26450.0,32160.0,50800.0,62390.0,2019
99,U.S.,37-3019,"Grounds Maintenance Workers, All Other",detailed,14310.0,37870.0,32090.0,22630.0,27220.0,46430.0,65440.0,2019
99,U.S.,39-1013,First-Line Supervisors of Gambling Services Workers,detailed,29420.0,51850.0,50710.0,28280.0,38970.0,63170.0,77510.0,2019
99,U.S.,39-1098,"First-Line Supervisors of Personal Service and Entertainment and Recreation Workers, Except Gambling Services",detailed,217680.0,43400.0,39800.0,25210.0,31010.0,52520.0,66150.0,2019
99,U.S.,39-2011,Animal Trainers,detailed,16530.0,36240.0,30430.0,20810.0,24120.0,42080.0,59110.0,2019
99,U.S.,39-2021,Animal Caretakers,detailed,212450.0,27060.0,24780.0,18630.0,21200.0,30070.0,38630.0,2019
99,U.S.,39-3011,Gambling Dealers,detailed,98890.0,23980.0,21260.0,17040.0,18570.0,24720.0,36370.0,2019
99,U.S.,39-3012,Gambling and Sports Book Writers and Runners,detailed,9970.0,27830.0,24750.0,19350.0,21850.0,31030.0,43030.0,2019
99,U.S.,39-3019,"Gambling Service Workers, All Other",detailed,10470.0,32000.0,28300.0,18650.0,22920.0,37080.0,51860.0,2019
99,U.S.,39-3021,Motion Picture Projectionists,detailed,4540.0,29890.0,25150.0,18260.0,20560.0,34200.0,52980.0,2019
99,U.S.,39-3031,"Ushers, Lobby Attendants, and Ticket Takers",detailed,138160.0,24870.0,23500.0,17680.0,19460.0,27840.0,35170.0,2019
99,U.S.,39-3091,Amusement and Recreation Attendants,detailed,338110.0,24330.0,23370.0,17820.0,19560.0,26680.0,32130.0,2019
99,U.S.,39-3092,Costume Attendants,detailed,7460.0,48970.0,41410.0,24370.0,29800.0,55530.0,87780.0,2019
99,U.S.,39-3093,"Locker Room, Coatroom, and Dressing Room Attendants",detailed,15990.0,28230.0,25110.0,18700.0,21210.0,32030.0,39540.0,2019
99,U.S.,39-3099,"Entertainment Attendants and Related Workers, All Other",detailed,4500.0,31790.0,26460.0,18320.0,22120.0,37330.0,51230.0,2019
99,U.S.,39-4011,Embalmers,detailed,3890.0,50100.0,47760.0,26090.0,36090.0,60760.0,76110.0,2019
99,U.S.,39-4021,Funeral Attendants,detailed,34370.0,29830.0,27930.0,19390.0,22720.0,34860.0,43710.0,2019
99,U.S.,39-4031,"Morticians, Undertakers, and Funeral Arrangers",detailed,25440.0,58360.0,54150.0,29370.0,40050.0,71530.0,89880.0,2019
99,U.S.,39-5011,Barbers,detailed,20030.0,35190.0,30150.0,20300.0,23880.0,42210.0,56630.0,2019
99,U.S.,39-5012,"Hairdressers, Hairstylists, and Cosmetologists",detailed,385960.0,31530.0,26090.0,18420.0,20900.0,36730.0,51870.0,2019
99,U.S.,39-5091,"Makeup Artists, Theatrical and Performance",detailed,3400.0,81600.0,75730.0,23920.0,38250.0,118560.0,145420.0,2019
99,U.S.,39-5092,Manicurists and Pedicurists,detailed,111780.0,27390.0,25770.0,20230.0,23420.0,30200.0,36730.0,2019
99,U.S.,39-5093,Shampooers,detailed,12120.0,22910.0,22550.0,17920.0,19450.0,25340.0,29230.0,2019
99,U.S.,39-5094,Skincare Specialists,detailed,56660.0,38970.0,34090.0,20500.0,25220.0,46770.0,62540.0,2019
99,U.S.,39-6011,Baggage Porters and Bellhops,detailed,39790.0,28230.0,25580.0,18690.0,21580.0,31550.0,39510.0,2019
99,U.S.,39-6012,Concierges,detailed,41670.0,34290.0,31390.0,22250.0,26090.0,39640.0,51270.0,2019
99,U.S.,39-7010,Tour and Travel Guides,detailed,48710.0,30670.0,27600.0,19500.0,22970.0,35780.0,45850.0,2019
99,U.S.,39-9011,Childcare Workers,detailed,561520.0,25510.0,24230.0,18000.0,20210.0,29220.0,35800.0,2019
99,U.S.,39-9031,Exercise Trainers and Group Fitness Instructors,detailed,325500.0,45110.0,40390.0,21110.0,26910.0,57470.0,75400.0,2019
99,U.S.,39-9032,Recreation Workers,detailed,358750.0,29330.0,26350.0,18860.0,22170.0,33630.0,44000.0,2019
99,U.S.,39-9041,Residential Advisors,detailed,107930.0,31610.0,29450.0,20600.0,24310.0,36980.0,46640.0,2019
99,U.S.,39-9098,"Crematory Operators and Personal Care and Service Workers, All Other",detailed,61510.0,29190.0,27130.0,19180.0,22840.0,33540.0,39310.0,2019
99,U.S.,41-1011,First-Line Supervisors of Retail Sales Workers,detailed,1171900.0,45830.0,40350.0,26290.0,31960.0,54290.0,70060.0,2019
99,U.S.,41-1012,First-Line Supervisors of Non-Retail Sales Workers,detailed,249090.0,86180.0,74760.0,41780.0,55860.0,103830.0,146740.0,2019
99,U.S.,41-2011,Cashiers,detailed,3596630.0,24370.0,23650.0,18150.0,20320.0,26550.0,31270.0,2019
99,U.S.,41-2012,Gambling Change Persons and Booth Cashiers,detailed,21290.0,28010.0,25690.0,19430.0,22470.0,31460.0,38960.0,2019
99,U.S.,41-2021,Counter and Rental Clerks,detailed,411560.0,32600.0,28820.0,19620.0,23630.0,37910.0,50860.0,2019
99,U.S.,41-2022,Parts Salespersons,detailed,256170.0,35220.0,31710.0,20570.0,24840.0,41980.0,56090.0,2019
99,U.S.,41-2031,Retail Salespersons,detailed,4317950.0,29360.0,25250.0,18900.0,21780.0,31480.0,42780.0,2019
99,U.S.,41-3011,Advertising Sales Agents,detailed,129740.0,64660.0,53310.0,25390.0,35250.0,79010.0,118300.0,2019
99,U.S.,41-3021,Insurance Sales Agents,detailed,410050.0,67780.0,50940.0,28000.0,36520.0,77460.0,125500.0,2019
99,U.S.,41-3031,"Securities, Commodities, and Financial Services Sales Agents",detailed,437880.0,93090.0,62270.0,35320.0,43510.0,112770.0,204130.0,2019
99,U.S.,41-3041,Travel Agents,detailed,66670.0,44690.0,40660.0,23660.0,30400.0,54710.0,69420.0,2019
99,U.S.,41-3091,"Sales Representatives of Services, Except Advertising, Insurance, Financial Services, and Travel",detailed,1039670.0,66760.0,56130.0,27320.0,37550.0,80790.0,120460.0,2019
99,U.S.,41-4011,"Sales Representatives, Wholesale and Manufacturing, Technical and Scientific Products",detailed,306980.0,92980.0,81020.0,41080.0,57050.0,117560.0,158580.0,2019
99,U.S.,41-4012,"Sales Representatives, Wholesale and Manufacturing, Except Technical and Scientific Products",detailed,1344530.0,71110.0,59930.0,30530.0,42070.0,85730.0,125300.0,2019
99,U.S.,41-9011,Demonstrators and Product Promoters,detailed,77760.0,35320.0,30930.0,21750.0,25230.0,41880.0,54490.0,2019
99,U.S.,41-9012,Models,detailed,2320.0,36430.0,28350.0,21930.0,23530.0,39620.0,55630.0,2019
99,U.S.,41-9021,Real Estate Brokers,detailed,42730.0,81450.0,59720.0,23600.0,35940.0,95790.0,178720.0,2019
99,U.S.,41-9022,Real Estate Sales Agents,detailed,162330.0,62060.0,48930.0,24930.0,33600.0,75340.0,111800.0,2019
99,U.S.,41-9031,Sales Engineers,detailed,63550.0,112780.0,103900.0,59180.0,76350.0,139620.0,174270.0,2019
99,U.S.,41-9041,Telemarketers,detailed,134800.0,29770.0,26290.0,19170.0,22170.0,33960.0,44480.0,2019
99,U.S.,41-9091,"Door-to-Door Sales Workers, News and Street Vendors, and Related Workers",detailed,8930.0,35150.0,27420.0,19550.0,23020.0,39670.0,61580.0,2019
99,U.S.,41-9099,"Sales and Related Workers, All Other",detailed,118910.0,40620.0,31820.0,21650.0,24740.0,47530.0,69940.0,2019
99,U.S.,43-1011,First-Line Supervisors of Office and Administrative Support Workers,detailed,1487870.0,60130.0,56620.0,34290.0,43360.0,72480.0,91570.0,2019
99,U.S.,43-2011,"Switchboard Operators, Including Answering Service",detailed,68050.0,33030.0,30610.0,21870.0,25670.0,37790.0,47970.0,2019
99,U.S.,43-2021,Telephone Operators,detailed,4740.0,37940.0,35750.0,23360.0,27700.0,47630.0,57620.0,2019
99,U.S.,43-2099,"Communications Equipment Operators, All Other",detailed,3240.0,46050.0,42790.0,23510.0,33520.0,58230.0,72840.0,2019
99,U.S.,43-3011,Bill and Account Collectors,detailed,235870.0,39300.0,37000.0,25800.0,30740.0,45840.0,56860.0,2019
99,U.S.,43-3021,Billing and Posting Clerks,detailed,466450.0,40620.0,38740.0,27650.0,32940.0,47580.0,57300.0,2019
99,U.S.,43-3031,"Bookkeeping, Accounting, and Auditing Clerks",detailed,1512660.0,42960.0,41230.0,25870.0,33020.0,51370.0,62410.0,2019
99,U.S.,43-3041,Gambling Cage Workers,detailed,14330.0,29600.0,28040.0,20970.0,24040.0,33950.0,40550.0,2019
99,U.S.,43-3051,Payroll and Timekeeping Clerks,detailed,142700.0,47390.0,46180.0,30320.0,37000.0,57030.0,66210.0,2019
99,U.S.,43-3061,Procurement Clerks,detailed,66030.0,43980.0,43310.0,29450.0,35530.0,51290.0,59920.0,2019
99,U.S.,43-3071,Tellers,detailed,442120.0,31660.0,31230.0,23330.0,26920.0,36390.0,40230.0,2019
99,U.S.,43-3099,"Financial Clerks, All Other",detailed,30500.0,44740.0,42420.0,28650.0,34700.0,52370.0,63710.0,2019
99,U.S.,43-4011,Brokerage Clerks,detailed,47990.0,55190.0,52750.0,35600.0,43490.0,63770.0,78160.0,2019
99,U.S.,43-4021,Correspondence Clerks,detailed,6250.0,39570.0,38140.0,26540.0,32330.0,46090.0,55050.0,2019
99,U.S.,43-4031,"Court, Municipal, and License Clerks",detailed,154020.0,42030.0,39380.0,25990.0,31860.0,49380.0,61100.0,2019
99,U.S.,43-4041,"Credit Authorizers, Checkers, and Clerks",detailed,26700.0,41880.0,40100.0,26950.0,32780.0,49360.0,60570.0,2019
99,U.S.,43-4051,Customer Service Representatives,detailed,2919230.0,37320.0,34710.0,22980.0,27630.0,43980.0,56380.0,2019
99,U.S.,43-4061,"Eligibility Interviewers, Government Programs",detailed,139780.0,47110.0,46590.0,32180.0,37160.0,55960.0,62840.0,2019
99,U.S.,43-4071,File Clerks,detailed,102300.0,34610.0,32710.0,22150.0,26370.0,40280.0,50740.0,2019
99,U.S.,43-4081,"Hotel, Motel, and Resort Desk Clerks",detailed,267940.0,25950.0,24470.0,18340.0,20940.0,29160.0,35550.0,2019
99,U.S.,43-4111,"Interviewers, Except Eligibility and Loan",detailed,188570.0,36390.0,34970.0,23710.0,28310.0,42820.0,51360.0,2019
99,U.S.,43-4121,"Library Assistants, Clerical",detailed,85910.0,29820.0,27490.0,19030.0,22490.0,35730.0,44970.0,2019
99,U.S.,43-4131,Loan Interviewers and Clerks,detailed,208530.0,41960.0,40640.0,26610.0,33230.0,50010.0,60090.0,2019
99,U.S.,43-4141,New Accounts Clerks,detailed,43420.0,38490.0,36550.0,26820.0,31060.0,43600.0,51310.0,2019
99,U.S.,43-4151,Order Clerks,detailed,137180.0,36600.0,34240.0,23260.0,27300.0,43660.0,54050.0,2019
99,U.S.,43-4161,"Human Resources Assistants, Except Payroll and Timekeeping",detailed,117340.0,42620.0,41430.0,28760.0,34470.0,49640.0,59320.0,2019
99,U.S.,43-4171,Receptionists and Information Clerks,detailed,1057370.0,31250.0,30050.0,21130.0,25050.0,36680.0,43380.0,2019
99,U.S.,43-4181,Reservation and Transportation Ticket Agents and Travel Clerks,detailed,123660.0,44390.0,38380.0,24750.0,29260.0,61340.0,72630.0,2019
99,U.S.,43-4199,"Information and Record Clerks, All Other",detailed,153850.0,42410.0,41360.0,25770.0,32290.0,50530.0,59830.0,2019
99,U.S.,43-5011,Cargo and Freight Agents,detailed,95810.0,46770.0,43740.0,26780.0,34080.0,55940.0,69040.0,2019
99,U.S.,43-5021,Couriers and Messengers,detailed,74720.0,31640.0,29690.0,20990.0,24760.0,36570.0,46080.0,2019
99,U.S.,43-5031,Public Safety Telecommunicators,detailed,95320.0,44310.0,41910.0,27190.0,33650.0,52650.0,64950.0,2019
99,U.S.,43-5032,"Dispatchers, Except Police, Fire, and Ambulance",detailed,199360.0,44100.0,40190.0,25260.0,31640.0,52740.0,67850.0,2019
99,U.S.,43-5041,"Meter Readers, Utilities",detailed,30450.0,46250.0,42280.0,25810.0,31720.0,57760.0,72420.0,2019
99,U.S.,43-5051,Postal Service Clerks,detailed,81170.0,50610.0,48330.0,35770.0,43170.0,60750.0,61980.0,2019
99,U.S.,43-5052,Postal Service Mail Carriers,detailed,339650.0,52180.0,51310.0,36990.0,38050.0,64410.0,65620.0,2019
99,U.S.,43-5053,"Postal Service Mail Sorters, Processors, and Processing Machine Operators",detailed,102390.0,51190.0,60140.0,35760.0,39030.0,60750.0,61270.0,2019
99,U.S.,43-5061,"Production, Planning, and Expediting Clerks",detailed,370380.0,50640.0,48260.0,30190.0,37180.0,61650.0,76100.0,2019
99,U.S.,43-5071,"Shipping, Receiving, and Inventory Clerks",detailed,704910.0,36030.0,34190.0,23940.0,28030.0,41760.0,51560.0,2019
99,U.S.,43-5111,"Weighers, Measurers, Checkers, and Samplers, Recordkeeping",detailed,60920.0,36650.0,35040.0,23980.0,28190.0,43320.0,51540.0,2019
99,U.S.,43-6011,Executive Secretaries and Executive Administrative Assistants,detailed,542690.0,62920.0,60890.0,37890.0,48020.0,75820.0,91330.0,2019
99,U.S.,43-6012,Legal Secretaries and Administrative Assistants,detailed,168140.0,50900.0,47300.0,28760.0,35780.0,63480.0,79610.0,2019
99,U.S.,43-6013,Medical Secretaries and Administrative Assistants,detailed,604780.0,38090.0,36580.0,26180.0,30590.0,44650.0,53230.0,2019
99,U.S.,43-6014,"Secretaries and Administrative Assistants, Except Legal, Medical, and Executive",detailed,2038340.0,39180.0,37690.0,24250.0,30100.0,47510.0,57570.0,2019
99,U.S.,43-9021,Data Entry Keyers,detailed,159930.0,34820.0,33490.0,23380.0,27700.0,39850.0,49190.0,2019
99,U.S.,43-9022,Word Processors and Typists,detailed,47460.0,41880.0,40340.0,27850.0,33550.0,48710.0,58860.0,2019
99,U.S.,43-9031,Desktop Publishers,detailed,8740.0,48740.0,45390.0,23850.0,33060.0,60720.0,78190.0,2019
99,U.S.,43-9041,Insurance Claims and Policy Processing Clerks,detailed,257000.0,43280.0,40750.0,28380.0,34030.0,50550.0,61910.0,2019
99,U.S.,43-9051,"Mail Clerks and Mail Machine Operators, Except Postal Service",detailed,83580.0,32620.0,30960.0,21380.0,25420.0,38470.0,47110.0,2019
99,U.S.,43-9061,"Office Clerks, General",detailed,2956060.0,36360.0,34040.0,21140.0,26220.0,43590.0,55300.0,2019
99,U.S.,43-9071,"Office Machine Operators, Except Computer",detailed,45960.0,35150.0,33450.0,23120.0,27300.0,40600.0,50490.0,2019
99,U.S.,43-9081,Proofreaders and Copy Markers,detailed,7730.0,43200.0,40630.0,24630.0,31660.0,54120.0,63920.0,2019
99,U.S.,43-9111,Statistical Assistants,detailed,9810.0,51640.0,49870.0,31980.0,39090.0,61990.0,75650.0,2019
99,U.S.,43-9199,"Office and Administrative Support Workers, All Other",detailed,188360.0,38290.0,35470.0,22390.0,25420.0,47350.0,59700.0,2019
99,U.S.,45-1011,"First-Line Supervisors of Farming, Fishing, and Forestry Workers",detailed,22560.0,52520.0,48280.0,30130.0,36940.0,64000.0,80950.0,2019
99,U.S.,45-2011,Agricultural Inspectors,detailed,13760.0,47160.0,45490.0,28100.0,33960.0,56340.0,70320.0,2019
99,U.S.,45-2021,Animal Breeders,detailed,1610.0,46420.0,42920.0,26030.0,31730.0,56750.0,69550.0,2019
99,U.S.,45-2041,"Graders and Sorters, Agricultural Products",detailed,34340.0,27570.0,25670.0,19530.0,23390.0,29370.0,33250.0,2019
99,U.S.,45-2091,Agricultural Equipment Operators,detailed,26990.0,33300.0,31950.0,21720.0,26410.0,38730.0,47150.0,2019
99,U.S.,45-2092,"Farmworkers and Laborers, Crop, Nursery, and Greenhouse",detailed,295520.0,27780.0,25440.0,23010.0,23920.0,29780.0,36910.0,2019
99,U.S.,45-2093,"Farmworkers, Farm, Ranch, and Aquacultural Animals",detailed,36630.0,29880.0,27830.0,18930.0,22580.0,35420.0,43700.0,2019
99,U.S.,45-2099,"Agricultural Workers, All Other",detailed,6540.0,33930.0,29590.0,19200.0,23910.0,39820.0,54890.0,2019
99,U.S.,45-4011,Forest and Conservation Workers,detailed,6760.0,32790.0,31770.0,22770.0,25430.0,36420.0,46870.0,2019
99,U.S.,45-4021,Fallers,detailed,4890.0,49670.0,44650.0,30820.0,35350.0,61820.0,78950.0,2019
99,U.S.,45-4022,Logging Equipment Operators,detailed,26030.0,42060.0,41440.0,25430.0,32070.0,51170.0,60930.0,2019
99,U.S.,45-4023,Log Graders and Scalers,detailed,3300.0,39110.0,37280.0,25100.0,29600.0,46960.0,55400.0,2019
99,U.S.,45-4029,"Logging Workers, All Other",detailed,3750.0,40390.0,39780.0,24610.0,32470.0,48970.0,57580.0,2019
99,U.S.,47-1011,First-Line Supervisors of Construction Trades and Extraction Workers,detailed,626180.0,71440.0,66210.0,42730.0,53400.0,85540.0,106900.0,2019
99,U.S.,47-2011,Boilermakers,detailed,15820.0,65040.0,63100.0,39840.0,52570.0,77870.0,94440.0,2019
99,U.S.,47-2021,Brickmasons and Blockmasons,detailed,60650.0,56470.0,53100.0,32980.0,41520.0,66360.0,87360.0,2019
99,U.S.,47-2022,Stonemasons,detailed,12390.0,48070.0,43280.0,27510.0,33910.0,57720.0,75140.0,2019
99,U.S.,47-2031,Carpenters,detailed,734170.0,52850.0,48330.0,30170.0,37140.0,63050.0,84690.0,2019
99,U.S.,47-2041,Carpet Installers,detailed,26010.0,45320.0,40090.0,24570.0,30990.0,56180.0,74240.0,2019
99,U.S.,47-2042,"Floor Layers, Except Carpet, Wood, and Hard Tiles",detailed,16290.0,48610.0,44240.0,26740.0,33170.0,60600.0,78370.0,2019
99,U.S.,47-2043,Floor Sanders and Finishers,detailed,4940.0,42300.0,39610.0,26940.0,32500.0,48500.0,60590.0,2019
99,U.S.,47-2044,Tile and Stone Setters,detailed,40470.0,47300.0,43050.0,26030.0,33270.0,56600.0,74350.0,2019
99,U.S.,47-2051,Cement Masons and Concrete Finishers,detailed,196120.0,48330.0,44810.0,29750.0,35710.0,57600.0,74950.0,2019
99,U.S.,47-2053,Terrazzo Workers and Finishers,detailed,2970.0,56340.0,52180.0,31590.0,36960.0,76430.0,92200.0,2019
99,U.S.,47-2061,Construction Laborers,detailed,1020350.0,41730.0,36860.0,24880.0,29700.0,49160.0,67910.0,2019
99,U.S.,47-2071,"Paving, Surfacing, and Tamping Equipment Operators",detailed,45770.0,44630.0,40130.0,27870.0,33240.0,51460.0,69680.0,2019
99,U.S.,47-2072,Pile Driver Operators,detailed,3540.0,70230.0,62600.0,36160.0,46110.0,94360.0,113820.0,2019
99,U.S.,47-2073,Operating Engineers and Other Construction Equipment Operators,detailed,405750.0,54210.0,48980.0,32300.0,38350.0,64370.0,85640.0,2019
99,U.S.,47-2081,Drywall and Ceiling Tile Installers,detailed,102850.0,50560.0,45700.0,28490.0,35600.0,60190.0,85090.0,2019
99,U.S.,47-2082,Tapers,detailed,17970.0,61550.0,59070.0,34190.0,45260.0,77250.0,95950.0,2019
99,U.S.,47-2111,Electricians,detailed,688620.0,60370.0,56180.0,33410.0,42180.0,73940.0,96580.0,2019
99,U.S.,47-2121,Glaziers,detailed,52400.0,49810.0,44630.0,27860.0,34680.0,60190.0,83780.0,2019
99,U.S.,47-2131,"Insulation Workers, Floor, Ceiling, and Wall",detailed,33550.0,45100.0,40380.0,25860.0,32400.0,52800.0,68860.0,2019
99,U.S.,47-2132,"Insulation Workers, Mechanical",detailed,26670.0,54120.0,48690.0,31880.0,38130.0,63240.0,89350.0,2019
99,U.S.,47-2141,"Painters, Construction and Maintenance",detailed,232760.0,44640.0,40280.0,27130.0,33120.0,53290.0,67560.0,2019
99,U.S.,47-2142,Paperhangers,detailed,3380.0,44470.0,40520.0,26450.0,33180.0,49630.0,71100.0,2019
99,U.S.,47-2151,Pipelayers,detailed,36270.0,43600.0,38820.0,27470.0,32430.0,51960.0,68030.0,2019
99,U.S.,47-2152,"Plumbers, Pipefitters, and Steamfitters",detailed,442870.0,59800.0,55160.0,32690.0,41230.0,73380.0,97170.0,2019
99,U.S.,47-2161,Plasterers and Stucco Masons,detailed,27360.0,49710.0,45440.0,29360.0,35920.0,60140.0,78980.0,2019
99,U.S.,47-2171,Reinforcing Iron and Rebar Workers,detailed,18870.0,54650.0,49100.0,32930.0,39130.0,64550.0,89790.0,2019
99,U.S.,47-2181,Roofers,detailed,129690.0,45820.0,42100.0,26540.0,33160.0,55440.0,70920.0,2019
99,U.S.,47-2211,Sheet Metal Workers,detailed,131300.0,54480.0,50400.0,29260.0,37020.0,66770.0,88070.0,2019
99,U.S.,47-2221,Structural Iron and Steel Workers,detailed,76570.0,59170.0,55040.0,32790.0,40660.0,75520.0,95650.0,2019
99,U.S.,47-2231,Solar Photovoltaic Installers,detailed,11080.0,46850.0,44890.0,31600.0,36310.0,55680.0,63880.0,2019
99,U.S.,47-3011,"Helpers--Brickmasons, Blockmasons, Stonemasons, and Tile and Marble Setters",detailed,23480.0,38440.0,35410.0,24980.0,29290.0,43750.0,59690.0,2019
99,U.S.,47-3012,Helpers--Carpenters,detailed,32920.0,33830.0,33060.0,22640.0,26940.0,38900.0,47580.0,2019
99,U.S.,47-3013,Helpers--Electricians,detailed,79260.0,34300.0,32830.0,23200.0,27230.0,39320.0,48810.0,2019
99,U.S.,47-3014,"Helpers--Painters, Paperhangers, Plasterers, and Stucco Masons",detailed,10850.0,32930.0,31340.0,22190.0,26170.0,38170.0,47240.0,2019
99,U.S.,47-3015,"Helpers--Pipelayers, Plumbers, Pipefitters, and Steamfitters",detailed,58400.0,33750.0,32100.0,23290.0,27320.0,38600.0,47800.0,2019
99,U.S.,47-3016,Helpers--Roofers,detailed,8960.0,33350.0,32110.0,22980.0,27100.0,38420.0,47000.0,2019
99,U.S.,47-3019,"Helpers, Construction Trades, All Other",detailed,28530.0,33400.0,31910.0,21350.0,26130.0,38850.0,48070.0,2019
99,U.S.,47-4011,Construction and Building Inspectors,detailed,110420.0,64390.0,60710.0,36440.0,47110.0,78570.0,98820.0,2019
99,U.S.,47-4021,Elevator and Escalator Installers and Repairers,detailed,28350.0,83250.0,84990.0,44620.0,60480.0,104730.0,124150.0,2019
99,U.S.,47-4031,Fence Erectors,detailed,25900.0,38600.0,35800.0,25160.0,29160.0,44840.0,55860.0,2019
99,U.S.,47-4041,Hazardous Materials Removal Workers,detailed,44240.0,47740.0,43900.0,29100.0,35070.0,57860.0,74650.0,2019
99,U.S.,47-4051,Highway Maintenance Workers,detailed,150860.0,42410.0,40730.0,26840.0,33180.0,50390.0,60520.0,2019
99,U.S.,47-4061,Rail-Track Laying and Maintenance Equipment Operators,detailed,16180.0,57160.0,56100.0,34770.0,43530.0,70910.0,81380.0,2019
99,U.S.,47-4071,Septic Tank Servicers and Sewer Pipe Cleaners,detailed,29750.0,42760.0,39870.0,26550.0,32320.0,51080.0,62640.0,2019
99,U.S.,47-4090,Miscellaneous Construction and Related Workers,detailed,32040.0,44030.0,39720.0,26780.0,32610.0,51610.0,67560.0,2019
99,U.S.,47-5011,"Derrick Operators, Oil and Gas",detailed,12110.0,48030.0,46990.0,33800.0,39290.0,56120.0,63390.0,2019
99,U.S.,47-5012,"Rotary Drill Operators, Oil and Gas",detailed,21010.0,57070.0,54980.0,32670.0,42470.0,69480.0,83570.0,2019
99,U.S.,47-5013,"Service Unit Operators, Oil and Gas",detailed,51760.0,51390.0,46740.0,31930.0,37190.0,60490.0,77850.0,2019
99,U.S.,47-5022,"Excavating and Loading Machine and Dragline Operators, Surface Mining",detailed,44090.0,48580.0,44800.0,30950.0,36160.0,56800.0,72480.0,2019
99,U.S.,47-5041,Continuous Mining Machine Operators,detailed,14630.0,56530.0,55280.0,38240.0,45290.0,67730.0,77540.0,2019
99,U.S.,47-5043,"Roof Bolters, Mining",detailed,3140.0,59560.0,59090.0,44140.0,51970.0,67130.0,77770.0,2019
99,U.S.,47-5044,"Loading and Moving Machine Operators, Underground Mining",detailed,4200.0,53730.0,54210.0,36170.0,45030.0,61380.0,69290.0,2019
99,U.S.,47-5051,"Rock Splitters, Quarry",detailed,5080.0,37390.0,36070.0,26340.0,30540.0,43240.0,51990.0,2019
99,U.S.,47-5071,"Roustabouts, Oil and Gas",detailed,58930.0,41280.0,38910.0,28270.0,32930.0,48040.0,58950.0,2019
99,U.S.,47-5081,Helpers--Extraction Workers,detailed,16700.0,38390.0,37120.0,26300.0,31130.0,45260.0,54230.0,2019
99,U.S.,47-5097,"Earth Drillers, Except Oil and Gas; and Explosives Workers, Ordnance Handling Experts, and Blasters",detailed,24940.0,48890.0,46250.0,32020.0,37560.0,57810.0,71730.0,2019
99,U.S.,47-5098,"Underground Mining Machine Operators and Extraction Workers, All Other",detailed,13790.0,52280.0,50160.0,31740.0,39250.0,64440.0,77510.0,2019
99,U.S.,49-1011,"First-Line Supervisors of Mechanics, Installers, and Repairers",detailed,485700.0,70550.0,67460.0,40880.0,52300.0,85960.0,105810.0,2019
99,U.S.,49-2011,"Computer, Automated Teller, and Office Machine Repairers",detailed,98260.0,42070.0,39530.0,25610.0,31380.0,50430.0,62350.0,2019
99,U.S.,49-2021,"Radio, Cellular, and Tower Equipment Installers and Repairers",detailed,14370.0,57820.0,55380.0,32150.0,41100.0,73240.0,91530.0,2019
99,U.S.,49-2022,"Telecommunications Equipment Installers and Repairers, Except Line Installers",detailed,208480.0,58560.0,57910.0,33090.0,43570.0,73480.0,85620.0,2019
99,U.S.,49-2091,Avionics Technicians,detailed,21750.0,66970.0,65700.0,40350.0,53650.0,80840.0,97150.0,2019
99,U.S.,49-2092,"Electric Motor, Power Tool, and Related Repairers",detailed,15890.0,46620.0,44070.0,27650.0,34760.0,56530.0,70090.0,2019
99,U.S.,49-2093,"Electrical and Electronics Installers and Repairers, Transportation Equipment",detailed,9790.0,63670.0,62530.0,38530.0,50700.0,76630.0,91600.0,2019
99,U.S.,49-2094,"Electrical and Electronics Repairers, Commercial and Industrial Equipment",detailed,58930.0,60360.0,59300.0,36960.0,47640.0,71430.0,83480.0,2019
99,U.S.,49-2095,"Electrical and Electronics Repairers, Powerhouse, Substation, and Relay",detailed,22650.0,81280.0,82780.0,54230.0,68040.0,96160.0,106610.0,2019
99,U.S.,49-2096,"Electronic Equipment Installers and Repairers, Motor Vehicles",detailed,10310.0,38910.0,37380.0,24280.0,30970.0,46260.0,55530.0,2019
99,U.S.,49-2097,Audiovisual Equipment Installers and Repairers,detailed,25590.0,42130.0,39510.0,24200.0,31710.0,51750.0,62730.0,2019
99,U.S.,49-2098,Security and Fire Alarm Systems Installers,detailed,71600.0,50210.0,48970.0,31180.0,37630.0,60890.0,73920.0,2019
99,U.S.,49-3011,Aircraft Mechanics and Service Technicians,detailed,133310.0,67110.0,64090.0,37890.0,50190.0,84330.0,101070.0,2019
99,U.S.,49-3021,Automotive Body and Related Repairers,detailed,144180.0,47390.0,43580.0,26710.0,33870.0,57370.0,73470.0,2019
99,U.S.,49-3022,Automotive Glass Installers and Repairers,detailed,19410.0,37440.0,35790.0,24660.0,28730.0,44760.0,52710.0,2019
99,U.S.,49-3023,Automotive Service Technicians and Mechanics,detailed,655330.0,44890.0,42090.0,24400.0,31250.0,56140.0,68880.0,2019
99,U.S.,49-3031,Bus and Truck Mechanics and Diesel Engine Specialists,detailed,266330.0,50360.0,48500.0,31990.0,38810.0,60160.0,74090.0,2019
99,U.S.,49-3041,Farm Equipment Mechanics and Service Technicians,detailed,36290.0,43630.0,42200.0,27630.0,33780.0,52150.0,61960.0,2019
99,U.S.,49-3042,"Mobile Heavy Equipment Mechanics, Except Engines",detailed,147800.0,54840.0,53370.0,34900.0,42940.0,64080.0,77990.0,2019
99,U.S.,49-3043,Rail Car Repairers,detailed,25930.0,56810.0,56390.0,35150.0,43890.0,70070.0,79510.0,2019
99,U.S.,49-3051,Motorboat Mechanics and Service Technicians,detailed,22940.0,43440.0,41330.0,25740.0,32470.0,53380.0,63350.0,2019
99,U.S.,49-3052,Motorcycle Mechanics,detailed,15590.0,39970.0,37600.0,24490.0,29950.0,48530.0,60060.0,2019
99,U.S.,49-3053,Outdoor Power Equipment and Other Small Engine Mechanics,detailed,32160.0,37670.0,36100.0,23160.0,28690.0,45530.0,55870.0,2019
99,U.S.,49-3091,Bicycle Repairers,detailed,13190.0,31360.0,30330.0,22430.0,25290.0,36550.0,42630.0,2019
99,U.S.,49-3092,Recreational Vehicle Service Technicians,detailed,15580.0,41660.0,38570.0,26100.0,31710.0,49480.0,60250.0,2019
99,U.S.,49-3093,Tire Repairers and Changers,detailed,110880.0,30350.0,28640.0,21210.0,24270.0,34800.0,41010.0,2019
99,U.S.,49-9011,Mechanical Door Repairers,detailed,23050.0,43740.0,41570.0,27480.0,33670.0,51460.0,62820.0,2019
99,U.S.,49-9012,"Control and Valve Installers and Repairers, Except Mechanical Door",detailed,52270.0,59920.0,58100.0,31530.0,41140.0,77700.0,94630.0,2019
99,U.S.,49-9021,"Heating, Air Conditioning, and Refrigeration Mechanics and Installers",detailed,342040.0,51420.0,48730.0,30610.0,37660.0,62070.0,77920.0,2019
99,U.S.,49-9031,Home Appliance Repairers,detailed,31100.0,42400.0,40260.0,24500.0,31450.0,51450.0,62770.0,2019
99,U.S.,49-9041,Industrial Machinery Mechanics,detailed,387630.0,55320.0,53590.0,34410.0,42660.0,65190.0,79660.0,2019
99,U.S.,49-9043,"Maintenance Workers, Machinery",detailed,72890.0,49450.0,47520.0,30070.0,37290.0,59410.0,72460.0,2019
99,U.S.,49-9044,Millwrights,detailed,47320.0,57050.0,55560.0,35030.0,43450.0,69190.0,81080.0,2019
99,U.S.,49-9045,"Refractory Materials Repairers, Except Brickmasons",detailed,820.0,55750.0,53990.0,35110.0,43300.0,63510.0,78480.0,2019
99,U.S.,49-9051,Electrical Power-Line Installers and Repairers,detailed,111660.0,71960.0,72520.0,38810.0,53550.0,90870.0,103500.0,2019
99,U.S.,49-9052,Telecommunications Line Installers and Repairers,detailed,120900.0,59670.0,56750.0,32590.0,39270.0,79340.0,94880.0,2019
99,U.S.,49-9061,Camera and Photographic Equipment Repairers,detailed,3620.0,40720.0,38880.0,23590.0,29830.0,49560.0,60460.0,2019
99,U.S.,49-9062,Medical Equipment Repairers,detailed,46370.0,53130.0,49280.0,29630.0,36630.0,65430.0,82500.0,2019
99,U.S.,49-9063,Musical Instrument Repairers and Tuners,detailed,8020.0,39750.0,36650.0,23590.0,28750.0,48670.0,60140.0,2019
99,U.S.,49-9064,Watch and Clock Repairers,detailed,2780.0,45280.0,42520.0,22360.0,30380.0,56210.0,68670.0,2019
99,U.S.,49-9069,"Precision Instrument and Equipment Repairers, All Other",detailed,10570.0,59940.0,58720.0,36340.0,46960.0,71170.0,85160.0,2019
99,U.S.,49-9071,"Maintenance and Repair Workers, General",detailed,1418990.0,41960.0,39080.0,24600.0,30590.0,51030.0,63140.0,2019
99,U.S.,49-9081,Wind Turbine Service Technicians,detailed,5960.0,56700.0,52910.0,39820.0,44810.0,65200.0,80150.0,2019
99,U.S.,49-9091,"Coin, Vending, and Amusement Machine Servicers and Repairers",detailed,31370.0,37380.0,35420.0,21670.0,27270.0,45500.0,57310.0,2019
99,U.S.,49-9092,Commercial Divers,detailed,3420.0,67100.0,49980.0,32470.0,40490.0,69020.0,119830.0,2019
99,U.S.,49-9094,Locksmiths and Safe Repairers,detailed,17010.0,44460.0,41940.0,25240.0,32160.0,55630.0,67540.0,2019
99,U.S.,49-9095,Manufactured Building and Mobile Home Installers,detailed,2810.0,34300.0,33890.0,22610.0,27020.0,40010.0,48120.0,2019
99,U.S.,49-9096,Riggers,detailed,23000.0,52420.0,50860.0,32110.0,38210.0,62030.0,77240.0,2019
99,U.S.,49-9097,Signal and Track Switch Repairers,detailed,6860.0,72690.0,73890.0,51580.0,65500.0,81640.0,94440.0,2019
99,U.S.,49-9098,"Helpers--Installation, Maintenance, and Repair Workers",detailed,99460.0,32570.0,30530.0,20790.0,25020.0,38020.0,48200.0,2019
99,U.S.,49-9099,"Installation, Maintenance, and Repair Workers, All Other",detailed,161290.0,43800.0,39830.0,25440.0,31380.0,53670.0,65800.0,2019
99,U.S.,51-1011,First-Line Supervisors of Production and Operating Workers,detailed,631100.0,65220.0,61310.0,36740.0,47230.0,78830.0,100200.0,2019
99,U.S.,51-2011,"Aircraft Structure, Surfaces, Rigging, and Systems Assemblers",detailed,42940.0,56460.0,54210.0,32370.0,40150.0,72240.0,84870.0,2019
99,U.S.,51-2021,"Coil Winders, Tapers, and Finishers",detailed,12690.0,38760.0,36520.0,24810.0,29200.0,46020.0,57240.0,2019
99,U.S.,51-2028,"Electrical, Electronic, and Electromechanical Assemblers, Except Coil Winders, Tapers, and Finishers",detailed,285190.0,36930.0,34810.0,24030.0,28200.0,43320.0,53450.0,2019
99,U.S.,51-2031,Engine and Other Machine Assemblers,detailed,45980.0,46570.0,45660.0,30550.0,35690.0,57570.0,64450.0,2019
99,U.S.,51-2041,Structural Metal Fabricators and Fitters,detailed,76890.0,43000.0,40390.0,27530.0,33290.0,50130.0,61500.0,2019
99,U.S.,51-2051,Fiberglass Laminators and Fabricators,detailed,20010.0,36970.0,35480.0,24420.0,29050.0,42140.0,50710.0,2019
99,U.S.,51-2061,Timing Device Assemblers and Adjusters,detailed,1260.0,38110.0,35080.0,26310.0,28870.0,46010.0,56770.0,2019
99,U.S.,51-2090,Miscellaneous Assemblers and Fabricators,detailed,1371920.0,34800.0,32350.0,22420.0,26350.0,40320.0,51430.0,2019
99,U.S.,51-3011,Bakers,detailed,184990.0,29630.0,27700.0,20310.0,23480.0,34120.0,41640.0,2019
99,U.S.,51-3021,Butchers and Meat Cutters,detailed,136770.0,34010.0,32500.0,21780.0,25680.0,40660.0,49630.0,2019
99,U.S.,51-3022,"Meat, Poultry, and Fish Cutters and Trimmers",detailed,153990.0,28810.0,28100.0,20910.0,24020.0,32910.0,38420.0,2019
99,U.S.,51-3023,Slaughterers and Meat Packers,detailed,73390.0,29600.0,29230.0,21470.0,25100.0,34090.0,38690.0,2019
99,U.S.,51-3091,"Food and Tobacco Roasting, Baking, and Drying Machine Operators and Tenders",detailed,20830.0,33880.0,31590.0,21310.0,25490.0,39990.0,50760.0,2019
99,U.S.,51-3092,Food Batchmakers,detailed,159390.0,33120.0,30790.0,21720.0,25340.0,39380.0,48790.0,2019
99,U.S.,51-3093,Food Cooking Machine Operators and Tenders,detailed,30030.0,32320.0,31110.0,22200.0,25910.0,37750.0,45050.0,2019
99,U.S.,51-3099,"Food Processing Workers, All Other",detailed,42890.0,28820.0,27550.0,21410.0,23820.0,32230.0,38390.0,2019
99,U.S.,51-4021,"Extruding and Drawing Machine Setters, Operators, and Tenders, Metal and Plastic",detailed,76940.0,37770.0,36320.0,25010.0,29460.0,45350.0,53770.0,2019
99,U.S.,51-4022,"Forging Machine Setters, Operators, and Tenders, Metal and Plastic",detailed,16320.0,41200.0,39670.0,26830.0,32460.0,49320.0,58840.0,2019
99,U.S.,51-4023,"Rolling Machine Setters, Operators, and Tenders, Metal and Plastic",detailed,32470.0,41920.0,40490.0,26660.0,31990.0,50460.0,60650.0,2019
99,U.S.,51-4031,"Cutting, Punching, and Press Machine Setters, Operators, and Tenders, Metal and Plastic",detailed,195040.0,37310.0,35610.0,24920.0,29030.0,44150.0,53520.0,2019
99,U.S.,51-4032,"Drilling and Boring Machine Tool Setters, Operators, and Tenders, Metal and Plastic",detailed,10870.0,42630.0,38910.0,26240.0,31290.0,50420.0,63660.0,2019
99,U.S.,51-4033,"Grinding, Lapping, Polishing, and Buffing Machine Tool Setters, Operators, and Tenders, Metal and Plastic",detailed,76810.0,37860.0,36100.0,25180.0,29360.0,44810.0,53660.0,2019
99,U.S.,51-4034,"Lathe and Turning Machine Tool Setters, Operators, and Tenders, Metal and Plastic",detailed,28070.0,41990.0,40100.0,26980.0,32480.0,49630.0,60420.0,2019
99,U.S.,51-4035,"Milling and Planing Machine Setters, Operators, and Tenders, Metal and Plastic",detailed,18730.0,44820.0,43210.0,27320.0,33870.0,54090.0,63960.0,2019
99,U.S.,51-4041,Machinists,detailed,383470.0,46120.0,44420.0,27940.0,34820.0,55910.0,66610.0,2019
99,U.S.,51-4051,Metal-Refining Furnace Operators and Tenders,detailed,17150.0,43280.0,42250.0,27900.0,33870.0,51770.0,61400.0,2019
99,U.S.,51-4052,"Pourers and Casters, Metal",detailed,8010.0,40850.0,38620.0,27270.0,32260.0,48480.0,59020.0,2019
99,U.S.,51-4061,"Model Makers, Metal and Plastic",detailed,4300.0,57420.0,57020.0,32060.0,41890.0,71890.0,84400.0,2019
99,U.S.,51-4062,"Patternmakers, Metal and Plastic",detailed,3010.0,48050.0,46910.0,28930.0,35710.0,59150.0,70440.0,2019
99,U.S.,51-4071,Foundry Mold and Coremakers,detailed,17590.0,36920.0,35590.0,24400.0,28980.0,44250.0,52570.0,2019
99,U.S.,51-4072,"Molding, Coremaking, and Casting Machine Setters, Operators, and Tenders, Metal and Plastic",detailed,172520.0,34670.0,32130.0,22450.0,26400.0,40490.0,50840.0,2019
99,U.S.,51-4081,"Multiple Machine Tool Setters, Operators, and Tenders, Metal and Plastic",detailed,146950.0,38410.0,36330.0,24520.0,29200.0,46150.0,57080.0,2019
99,U.S.,51-4111,Tool and Die Makers,detailed,70770.0,54980.0,53920.0,33820.0,42460.0,65110.0,77940.0,2019
99,U.S.,51-4121,"Welders, Cutters, Solderers, and Brazers",detailed,410750.0,45190.0,42490.0,29470.0,34930.0,52350.0,64240.0,2019
99,U.S.,51-4122,"Welding, Soldering, and Brazing Machine Setters, Operators, and Tenders",detailed,35110.0,40240.0,38310.0,26890.0,31540.0,47510.0,57410.0,2019
99,U.S.,51-4191,"Heat Treating Equipment Setters, Operators, and Tenders, Metal and Plastic",detailed,19560.0,39840.0,38250.0,26390.0,31210.0,47200.0,56630.0,2019
99,U.S.,51-4192,"Layout Workers, Metal and Plastic",detailed,8150.0,48900.0,49940.0,30090.0,38240.0,59050.0,65200.0,2019
99,U.S.,51-4193,"Plating Machine Setters, Operators, and Tenders, Metal and Plastic",detailed,41810.0,35640.0,33500.0,23600.0,27450.0,41400.0,51290.0,2019
99,U.S.,51-4194,"Tool Grinders, Filers, and Sharpeners",detailed,6440.0,41970.0,39330.0,25000.0,31400.0,51130.0,61870.0,2019
99,U.S.,51-4199,"Metal Workers and Plastic Workers, All Other",detailed,24340.0,37790.0,34830.0,23790.0,27800.0,45420.0,57660.0,2019
99,U.S.,51-5111,Prepress Technicians and Workers,detailed,30270.0,42540.0,40510.0,25500.0,31850.0,51100.0,62590.0,2019
99,U.S.,51-5112,Printing Press Operators,detailed,173430.0,39100.0,36910.0,23830.0,28840.0,47400.0,58740.0,2019
99,U.S.,51-5113,Print Binding and Finishing Workers,detailed,45600.0,35130.0,33040.0,22460.0,26640.0,41970.0,51130.0,2019
99,U.S.,51-6011,Laundry and Dry-Cleaning Workers,detailed,209330.0,25420.0,24220.0,18500.0,20920.0,28540.0,33970.0,2019
99,U.S.,51-6021,"Pressers, Textile, Garment, and Related Materials",detailed,38070.0,24820.0,24190.0,18410.0,21050.0,27980.0,31440.0,2019
99,U.S.,51-6031,Sewing Machine Operators,detailed,133410.0,28000.0,26420.0,19530.0,23060.0,31750.0,38500.0,2019
99,U.S.,51-6041,Shoe and Leather Workers and Repairers,detailed,8760.0,30580.0,29560.0,20110.0,24050.0,36120.0,40420.0,2019
99,U.S.,51-6042,Shoe Machine Operators and Tenders,detailed,5020.0,30540.0,30570.0,18920.0,24250.0,36820.0,41880.0,2019
99,U.S.,51-6051,"Sewers, Hand",detailed,4770.0,31020.0,29950.0,21140.0,24390.0,36890.0,42600.0,2019
99,U.S.,51-6052,"Tailors, Dressmakers, and Custom Sewers",detailed,24110.0,34530.0,31520.0,20870.0,24900.0,41490.0,54740.0,2019
99,U.S.,51-6061,Textile Bleaching and Dyeing Machine Operators and Tenders,detailed,8690.0,30810.0,29460.0,22200.0,24980.0,35860.0,41060.0,2019
99,U.S.,51-6062,"Textile Cutting Machine Setters, Operators, and Tenders",detailed,13210.0,29660.0,28730.0,20560.0,23910.0,35040.0,39990.0,2019
99,U.S.,51-6063,"Textile Knitting and Weaving Machine Setters, Operators, and Tenders",detailed,21130.0,31300.0,29980.0,21590.0,24860.0,36610.0,43860.0,2019
99,U.S.,51-6064,"Textile Winding, Twisting, and Drawing Out Machine Setters, Operators, and Tenders",detailed,31190.0,30740.0,29790.0,22460.0,26170.0,34680.0,39520.0,2019
99,U.S.,51-6091,"Extruding and Forming Machine Setters, Operators, and Tenders, Synthetic and Glass Fibers",detailed,18230.0,37760.0,36110.0,26010.0,29980.0,44790.0,54270.0,2019
99,U.S.,51-6092,Fabric and Apparel Patternmakers,detailed,5870.0,52740.0,45070.0,23480.0,30650.0,69860.0,94980.0,2019
99,U.S.,51-6093,Upholsterers,detailed,29420.0,36640.0,35130.0,22610.0,28020.0,43110.0,53450.0,2019
99,U.S.,51-6099,"Textile, Apparel, and Furnishings Workers, All Other",detailed,18060.0,30710.0,27970.0,20180.0,23360.0,35010.0,46500.0,2019
99,U.S.,51-7011,Cabinetmakers and Bench Carpenters,detailed,99400.0,37620.0,35790.0,23860.0,28580.0,44950.0,55570.0,2019
99,U.S.,51-7021,Furniture Finishers,detailed,16220.0,34350.0,32480.0,23310.0,27130.0,39250.0,49080.0,2019
99,U.S.,51-7031,"Model Makers, Wood",detailed,810.0,57320.0,59260.0,33390.0,41700.0,70910.0,78530.0,2019
99,U.S.,51-7032,"Patternmakers, Wood",detailed,370.0,63490.0,64880.0,38540.0,50660.0,76940.0,87990.0,2019
99,U.S.,51-7041,"Sawing Machine Setters, Operators, and Tenders, Wood",detailed,50730.0,32150.0,30410.0,21150.0,25310.0,37780.0,46670.0,2019
99,U.S.,51-7042,"Woodworking Machine Setters, Operators, and Tenders, Except Sawing",detailed,78850.0,32180.0,30990.0,21430.0,25440.0,37780.0,45880.0,2019
99,U.S.,51-7099,"Woodworkers, All Other",detailed,6700.0,35270.0,33110.0,21800.0,24970.0,43800.0,53680.0,2019
99,U.S.,51-8011,Nuclear Power Reactor Operators,detailed,5050.0,100990.0,100530.0,74520.0,87250.0,116880.0,128810.0,2019
99,U.S.,51-8012,Power Distributors and Dispatchers,detailed,10770.0,88910.0,90700.0,56360.0,72540.0,104140.0,122380.0,2019
99,U.S.,51-8013,Power Plant Operators,detailed,33620.0,79370.0,81990.0,45970.0,63110.0,96940.0,108380.0,2019
99,U.S.,51-8021,Stationary Engineers and Boiler Operators,detailed,32520.0,65970.0,62150.0,39050.0,50040.0,78960.0,100080.0,2019
99,U.S.,51-8031,Water and Wastewater Treatment Plant and System Operators,detailed,123730.0,50490.0,47760.0,28850.0,36740.0,61220.0,77600.0,2019
99,U.S.,51-8091,Chemical Plant and System Operators,detailed,28840.0,62710.0,62550.0,35330.0,46600.0,78360.0,93250.0,2019
99,U.S.,51-8092,Gas Plant Operators,detailed,14410.0,71050.0,70710.0,44080.0,56800.0,83130.0,101320.0,2019
99,U.S.,51-8093,"Petroleum Pump System Operators, Refinery Operators, and Gaugers",detailed,40370.0,73830.0,74180.0,47380.0,58370.0,90060.0,100070.0,2019
99,U.S.,51-8099,"Plant and System Operators, All Other",detailed,12950.0,59500.0,58390.0,34350.0,44720.0,71600.0,84460.0,2019
99,U.S.,51-9011,Chemical Equipment Operators and Tenders,detailed,87120.0,51540.0,49130.0,29210.0,36960.0,64070.0,78650.0,2019
99,U.S.,51-9012,"Separating, Filtering, Clarifying, Precipitating, and Still Machine Setters, Operators, and Tenders",detailed,51160.0,45370.0,41330.0,26710.0,32870.0,55190.0,70800.0,2019
99,U.S.,51-9021,"Crushing, Grinding, and Polishing Machine Setters, Operators, and Tenders",detailed,33360.0,39270.0,37560.0,24990.0,30050.0,47260.0,57030.0,2019
99,U.S.,51-9022,"Grinding and Polishing Workers, Hand",detailed,29170.0,33060.0,30600.0,22400.0,25660.0,38110.0,48290.0,2019
99,U.S.,51-9023,"Mixing and Blending Machine Setters, Operators, and Tenders",detailed,125340.0,39920.0,37780.0,25440.0,30510.0,47740.0,58680.0,2019
99,U.S.,51-9031,"Cutters and Trimmers, Hand",detailed,9670.0,32340.0,30200.0,20850.0,24870.0,37370.0,47720.0,2019
99,U.S.,51-9032,"Cutting and Slicing Machine Setters, Operators, and Tenders",detailed,57960.0,36750.0,35600.0,24640.0,28880.0,43920.0,51470.0,2019
99,U.S.,51-9041,"Extruding, Forming, Pressing, and Compacting Machine Setters, Operators, and Tenders",detailed,71850.0,37240.0,35480.0,24970.0,29020.0,44280.0,53510.0,2019
99,U.S.,51-9051,"Furnace, Kiln, Oven, Drier, and Kettle Operators and Tenders",detailed,18970.0,41350.0,40090.0,27050.0,32510.0,49180.0,58920.0,2019
99,U.S.,51-9061,"Inspectors, Testers, Sorters, Samplers, and Weighers",detailed,576950.0,43000.0,39140.0,24660.0,30390.0,51990.0,66260.0,2019
99,U.S.,51-9071,Jewelers and Precious Stone and Metal Workers,detailed,23590.0,45950.0,40870.0,24520.0,30720.0,55630.0,73420.0,2019
99,U.S.,51-9081,Dental Laboratory Technicians,detailed,34460.0,44330.0,41340.0,25660.0,31790.0,53950.0,65820.0,2019
99,U.S.,51-9082,Medical Appliance Technicians,detailed,14130.0,44200.0,40690.0,25320.0,32160.0,53000.0,66860.0,2019
99,U.S.,51-9083,Ophthalmic Laboratory Technicians,detailed,29150.0,34800.0,32620.0,23140.0,26810.0,40060.0,49850.0,2019
99,U.S.,51-9111,Packaging and Filling Machine Operators and Tenders,detailed,390540.0,33590.0,30990.0,22090.0,25580.0,39250.0,49570.0,2019
99,U.S.,51-9123,"Painting, Coating, and Decorating Workers",detailed,12430.0,35600.0,32950.0,23070.0,26820.0,41190.0,51540.0,2019
99,U.S.,51-9124,"Coating, Painting, and Spraying Machine Setters, Operators, and Tenders",detailed,146350.0,41260.0,38150.0,25760.0,30870.0,48540.0,61220.0,2019
99,U.S.,51-9141,Semiconductor Processing Technicians,detailed,27680.0,41950.0,38060.0,26910.0,31390.0,49710.0,64190.0,2019
99,U.S.,51-9151,Photographic Process Workers and Processing Machine Operators,detailed,11940.0,36890.0,32280.0,22300.0,26190.0,44650.0,59100.0,2019
99,U.S.,51-9161,Computer Numerically Controlled Tool Operators,detailed,151700.0,43170.0,41200.0,27730.0,33540.0,50940.0,61980.0,2019
99,U.S.,51-9162,Computer Numerically Controlled Tool Programmers,detailed,25570.0,59730.0,56450.0,36280.0,44680.0,70750.0,89170.0,2019
99,U.S.,51-9191,Adhesive Bonding Machine Operators and Tenders,detailed,13890.0,36010.0,34340.0,24160.0,28150.0,42680.0,50280.0,2019
99,U.S.,51-9192,"Cleaning, Washing, and Metal Pickling Equipment Operators and Tenders",detailed,16410.0,34230.0,31850.0,22730.0,26490.0,39350.0,49470.0,2019
99,U.S.,51-9193,Cooling and Freezing Equipment Operators and Tenders,detailed,8740.0,37010.0,35290.0,23430.0,27710.0,45320.0,54050.0,2019
99,U.S.,51-9194,Etchers and Engravers,detailed,10310.0,33770.0,30620.0,20620.0,24250.0,40280.0,52660.0,2019
99,U.S.,51-9195,"Molders, Shapers, and Casters, Except Metal and Plastic",detailed,44890.0,36000.0,34030.0,24280.0,28080.0,41500.0,51920.0,2019
99,U.S.,51-9196,"Paper Goods Machine Setters, Operators, and Tenders",detailed,100290.0,40980.0,39210.0,25000.0,30530.0,49460.0,61430.0,2019
99,U.S.,51-9197,Tire Builders,detailed,20790.0,45010.0,46010.0,28440.0,34760.0,56230.0,61470.0,2019
99,U.S.,51-9198,Helpers--Production Workers,detailed,303030.0,30540.0,29100.0,20590.0,24120.0,36030.0,42600.0,2019
99,U.S.,51-9199,"Production Workers, All Other",detailed,222230.0,33830.0,29800.0,20320.0,24120.0,39330.0,52820.0,2019
99,U.S.,53-1041,Aircraft Cargo Handling Supervisors,detailed,9500.0,57960.0,53850.0,35090.0,41260.0,73300.0,83650.0,2019
99,U.S.,53-1047,"First-Line Supervisors of Transportation and Material Moving Workers, Except Aircraft Cargo Handling Supervisors",detailed,455390.0,57840.0,55060.0,33540.0,41070.0,70800.0,87310.0,2019
99,U.S.,53-2011,"Airline Pilots, Copilots, and Flight Engineers",detailed,84520.0,174870.0,147220.0,74100.0,99090.0,,,2019
99,U.S.,53-2012,Commercial Pilots,detailed,37830.0,102870.0,86080.0,45480.0,63040.0,123070.0,179440.0,2019
99,U.S.,53-2021,Air Traffic Controllers,detailed,22090.0,120140.0,122990.0,68330.0,85770.0,151350.0,176320.0,2019
99,U.S.,53-2022,Airfield Operations Specialists,detailed,10680.0,57620.0,52650.0,28500.0,37320.0,71810.0,92290.0,2019
99,U.S.,53-2031,Flight Attendants,detailed,120840.0,56230.0,56640.0,29270.0,41070.0,67040.0,80940.0,2019
99,U.S.,53-3011,"Ambulance Drivers and Attendants, Except Emergency Medical Technicians",detailed,14740.0,29600.0,25890.0,19460.0,22150.0,32190.0,43570.0,2019
99,U.S.,53-3031,Driver/Sales Workers,detailed,444660.0,30230.0,25860.0,18060.0,20040.0,37500.0,48970.0,2019
99,U.S.,53-3032,Heavy and Tractor-Trailer Truck Drivers,detailed,1856130.0,46850.0,45260.0,29130.0,36250.0,55850.0,66840.0,2019
99,U.S.,53-3033,Light Truck Drivers,detailed,923050.0,38520.0,34730.0,21060.0,25730.0,47700.0,65400.0,2019
99,U.S.,53-3052,"Bus Drivers, Transit and Intercity",detailed,179510.0,45830.0,43030.0,26710.0,33070.0,57920.0,70810.0,2019
99,U.S.,53-3058,"Passenger Vehicle Drivers, Except Bus Drivers, Transit and Intercity",detailed,700030.0,33210.0,31340.0,19320.0,24250.0,39950.0,49500.0,2019
99,U.S.,53-3099,"Motor Vehicle Operators, All Other",detailed,56590.0,37300.0,32910.0,19990.0,24110.0,48700.0,59800.0,2019
99,U.S.,53-4011,Locomotive Engineers,detailed,35520.0,71570.0,67090.0,47190.0,56950.0,88530.0,101060.0,2019
99,U.S.,53-4013,"Rail Yard Engineers, Dinkey Operators, and Hostlers",detailed,5400.0,52690.0,49330.0,33110.0,39110.0,61670.0,79720.0,2019
99,U.S.,53-4022,"Railroad Brake, Signal, and Switch Operators and Locomotive Firers",detailed,11080.0,62380.0,60260.0,37150.0,46760.0,75700.0,94640.0,2019
99,U.S.,53-4031,Railroad Conductors and Yardmasters,detailed,45710.0,68350.0,65990.0,45850.0,55390.0,80040.0,98110.0,2019
99,U.S.,53-4041,Subway and Streetcar Operators,detailed,10730.0,63770.0,67880.0,38530.0,51940.0,78530.0,84860.0,2019
99,U.S.,53-4099,"Rail Transportation Workers, All Other",detailed,2650.0,54170.0,51600.0,31590.0,37990.0,65210.0,81600.0,2019
99,U.S.,53-5011,Sailors and Marine Oilers,detailed,31290.0,53250.0,43480.0,25190.0,31710.0,58650.0,75520.0,2019
99,U.S.,53-5021,"Captains, Mates, and Pilots of Water Vessels",detailed,33370.0,87420.0,72340.0,37270.0,50020.0,105330.0,153700.0,2019
99,U.S.,53-5022,Motorboat Operators,detailed,2120.0,49030.0,48260.0,25250.0,32830.0,62370.0,74180.0,2019
99,U.S.,53-5031,Ship Engineers,detailed,8410.0,79540.0,74610.0,41730.0,53690.0,99050.0,130540.0,2019
99,U.S.,53-6011,Bridge and Lock Tenders,detailed,3150.0,47880.0,50110.0,27270.0,37680.0,57920.0,63740.0,2019
99,U.S.,53-6021,Parking Attendants,detailed,147390.0,26450.0,25140.0,18850.0,21620.0,29900.0,36000.0,2019
99,U.S.,53-6031,Automotive and Watercraft Service Attendants,detailed,117670.0,26860.0,25200.0,19600.0,22160.0,30060.0,36960.0,2019
99,U.S.,53-6041,Traffic Technicians,detailed,7470.0,52590.0,47480.0,30820.0,37170.0,64510.0,82230.0,2019
99,U.S.,53-6051,Transportation Inspectors,detailed,30020.0,77530.0,75820.0,33330.0,52670.0,100940.0,125310.0,2019
99,U.S.,53-6061,Passenger Attendants,detailed,28200.0,29420.0,26570.0,19480.0,22900.0,34490.0,40800.0,2019
99,U.S.,53-6098,"Aircraft Service Attendants and Transportation Workers, All Other",detailed,34940.0,42940.0,37000.0,22710.0,27830.0,58620.0,74380.0,2019
99,U.S.,53-7011,Conveyor Operators and Tenders,detailed,24050.0,36150.0,34660.0,24990.0,28840.0,41570.0,49890.0,2019
99,U.S.,53-7021,Crane and Tower Operators,detailed,45480.0,60530.0,56690.0,32250.0,41680.0,73060.0,91840.0,2019
99,U.S.,53-7031,Dredge Operators,detailed,1550.0,51340.0,47040.0,32170.0,38090.0,65590.0,77940.0,2019
99,U.S.,53-7041,Hoist and Winch Operators,detailed,4800.0,62690.0,59720.0,30680.0,39500.0,80240.0,101550.0,2019
99,U.S.,53-7051,Industrial Truck and Tractor Operators,detailed,629270.0,37930.0,36200.0,26090.0,30050.0,44350.0,53270.0,2019
99,U.S.,53-7061,Cleaners of Vehicles and Equipment,detailed,382670.0,27940.0,25800.0,19150.0,22360.0,31210.0,39010.0,2019
99,U.S.,53-7062,"Laborers and Freight, Stock, and Material Movers, Hand",detailed,2953170.0,32130.0,29510.0,21410.0,24570.0,37150.0,47140.0,2019
99,U.S.,53-7063,Machine Feeders and Offbearers,detailed,63280.0,33010.0,31180.0,22610.0,26060.0,38600.0,47610.0,2019
99,U.S.,53-7064,"Packers and Packagers, Hand",detailed,633640.0,27680.0,25910.0,19510.0,22800.0,31120.0,38320.0,2019
99,U.S.,53-7065,Stockers and Order Fillers,detailed,2135850.0,29660.0,27380.0,20520.0,23480.0,33910.0,42080.0,2019
99,U.S.,53-7071,Gas Compressor and Gas Pumping Station Operators,detailed,3440.0,62710.0,66160.0,37790.0,49940.0,76460.0,83130.0,2019
99,U.S.,53-7072,"Pump Operators, Except Wellhead Pumpers",detailed,10000.0,49120.0,45040.0,29000.0,35190.0,59720.0,77860.0,2019
99,U.S.,53-7073,Wellhead Pumpers,detailed,12970.0,55080.0,55040.0,33300.0,40500.0,67930.0,80280.0,2019
99,U.S.,53-7081,Refuse and Recyclable Material Collectors,detailed,121330.0,41400.0,37840.0,22780.0,28880.0,50240.0,67370.0,2019
99,U.S.,53-7121,"Tank Car, Truck, and Ship Loaders",detailed,11620.0,47580.0,42360.0,28090.0,33760.0,60800.0,76050.0,2019
99,U.S.,53-7199,"Material Moving Workers, All Other",detailed,28240.0,36530.0,31770.0,23620.0,26170.0,43730.0,57960.0,2019
99,U.S.,11-1011,Chief Executives,detailed,202360.0,197840.0,185950.0,62780.0,114530.0,,,2020
99,U.S.,11-1021,General and Operations Managers,detailed,2347420.0,125740.0,103650.0,45850.0,67450.0,161190.0,,2020
99,U.S.,11-1031,Legislators,detailed,51290.0,53560.0,33200.0,18120.0,19790.0,83780.0,105100.0,2020
99,U.S.,11-2011,Advertising and Promotions Managers,detailed,22490.0,147560.0,133460.0,68940.0,91910.0,181800.0,,2020
99,U.S.,11-2021,Marketing Managers,detailed,270200.0,154470.0,142170.0,74620.0,101690.0,191760.0,,2020
99,U.S.,11-2022,Sales Managers,detailed,390170.0,147580.0,132290.0,63170.0,89720.0,185200.0,,2020
99,U.S.,11-2030,Public Relations and Fundraising Managers,detailed,81110.0,135580.0,118430.0,66740.0,86440.0,165340.0,,2020
99,U.S.,11-3010,Administrative Services and Facilities Managers,detailed,307620.0,108120.0,98890.0,56080.0,73650.0,130930.0,169930.0,2020
99,U.S.,11-3021,Computer and Information Systems Managers,detailed,457290.0,161730.0,151150.0,90430.0,116990.0,191470.0,,2020
99,U.S.,11-3031,Financial Managers,detailed,653080.0,151510.0,134180.0,70830.0,95770.0,186030.0,,2020
99,U.S.,11-3051,Industrial Production Managers,detailed,179570.0,118190.0,108790.0,67100.0,84990.0,141290.0,181220.0,2020
99,U.S.,11-3061,Purchasing Managers,detailed,70960.0,132660.0,125940.0,74570.0,96400.0,158160.0,197630.0,2020
99,U.S.,11-3071,"Transportation, Storage, and Distribution Managers",detailed,132210.0,105100.0,96390.0,56970.0,73700.0,126560.0,164140.0,2020
99,U.S.,11-3111,Compensation and Benefits Managers,detailed,16340.0,137160.0,125130.0,70920.0,93510.0,168500.0,,2020
99,U.S.,11-3121,Human Resources Managers,detailed,156600.0,134580.0,121220.0,71180.0,91730.0,162720.0,,2020
99,U.S.,11-3131,Training and Development Managers,detailed,38710.0,125920.0,115640.0,66270.0,86820.0,155120.0,200210.0,2020
99,U.S.,11-9013,"Farmers, Ranchers, and Other Agricultural Managers",detailed,5670.0,76810.0,68090.0,35090.0,42850.0,96980.0,130760.0,2020
99,U.S.,11-9021,Construction Managers,detailed,285640.0,107260.0,97180.0,56880.0,73460.0,128860.0,169070.0,2020
99,U.S.,11-9031,"Education and Childcare Administrators, Preschool and Daycare",detailed,46410.0,54940.0,49160.0,31380.0,38000.0,63520.0,86040.0,2020
99,U.S.,11-9032,"Education Administrators, Kindergarten through Secondary",detailed,262480.0,103010.0,98490.0,65150.0,78560.0,124380.0,152500.0,2020
99,U.S.,11-9033,"Education Administrators, Postsecondary",detailed,140880.0,115200.0,97500.0,56310.0,72030.0,139220.0,199400.0,2020
99,U.S.,11-9039,"Education Administrators, All Other",detailed,43580.0,93830.0,87580.0,47710.0,63090.0,117670.0,146820.0,2020
99,U.S.,11-9041,Architectural and Engineering Managers,detailed,195900.0,158100.0,149530.0,95310.0,119310.0,185270.0,,2020
99,U.S.,11-9051,Food Service Managers,detailed,197010.0,61000.0,56590.0,33880.0,43580.0,73330.0,94770.0,2020
99,U.S.,11-9071,Gambling Managers,detailed,3240.0,85440.0,75470.0,46540.0,58640.0,99350.0,139680.0,2020
99,U.S.,11-9081,Lodging Managers,detailed,31790.0,65270.0,56670.0,32980.0,42430.0,76660.0,108060.0,2020
99,U.S.,11-9111,Medical and Health Services Managers,detailed,402540.0,118800.0,104280.0,59980.0,78820.0,139650.0,195630.0,2020
99,U.S.,11-9121,Natural Sciences Managers,detailed,75870.0,154930.0,137940.0,71400.0,101750.0,190000.0,,2020
99,U.S.,11-9131,Postmasters and Mail Superintendents,detailed,13880.0,79660.0,78060.0,66360.0,71690.0,88040.0,96350.0,2020
99,U.S.,11-9141,"Property, Real Estate, and Community Association Managers",detailed,219800.0,73210.0,59660.0,31330.0,42330.0,86320.0,134570.0,2020
99,U.S.,11-9151,Social and Community Service Managers,detailed,155800.0,75140.0,69600.0,42230.0,53880.0,90630.0,115800.0,2020
99,U.S.,11-9161,Emergency Management Directors,detailed,10210.0,84310.0,76250.0,42230.0,55660.0,104880.0,142870.0,2020
99,U.S.,11-9171,Funeral Home Managers,detailed,10010.0,91530.0,74200.0,42990.0,55400.0,106260.0,156940.0,2020
99,U.S.,11-9198,"Personal Service Managers, All Other; Entertainment and Recreation Managers, Except Gambling; and Managers, All Other",detailed,469160.0,123980.0,116350.0,56330.0,81410.0,153670.0,197270.0,2020
99,U.S.,13-1011,"Agents and Business Managers of Artists, Performers, and Athletes",detailed,16240.0,98070.0,75420.0,35840.0,53130.0,122010.0,190500.0,2020
99,U.S.,13-1020,Buyers and Purchasing Agents,detailed,419920.0,72370.0,66690.0,39810.0,50840.0,88600.0,112170.0,2020
99,U.S.,13-1031,"Claims Adjusters, Examiners, and Investigators",detailed,287150.0,70650.0,68270.0,41950.0,52160.0,85820.0,103610.0,2020
99,U.S.,13-1032,"Insurance Appraisers, Auto Damage",detailed,13220.0,68540.0,65550.0,46410.0,55680.0,80030.0,95630.0,2020
99,U.S.,13-1041,Compliance Officers,detailed,327360.0,75620.0,71100.0,40160.0,52670.0,95330.0,115220.0,2020
99,U.S.,13-1051,Cost Estimators,detailed,199360.0,72960.0,66610.0,40380.0,51980.0,88460.0,114360.0,2020
99,U.S.,13-1071,Human Resources Specialists,detailed,647810.0,69430.0,63490.0,37710.0,48190.0,83940.0,109350.0,2020
99,U.S.,13-1074,Farm Labor Contractors,detailed,,50300.0,47780.0,36440.0,43260.0,52280.0,71620.0,2020
99,U.S.,13-1075,Labor Relations Specialists,detailed,70050.0,74870.0,73240.0,19520.0,46440.0,99940.0,128600.0,2020
99,U.S.,13-1081,Logisticians,detailed,184230.0,79830.0,76270.0,44190.0,57810.0,98400.0,122580.0,2020
99,U.S.,13-1111,Management Analysts,detailed,734000.0,97580.0,87660.0,50990.0,66080.0,116710.0,156840.0,2020
99,U.S.,13-1121,"Meeting, Convention, and Event Planners",detailed,109800.0,55890.0,51560.0,29240.0,38460.0,67250.0,88360.0,2020
99,U.S.,13-1131,Fundraisers,detailed,82140.0,64550.0,59610.0,34320.0,45170.0,78990.0,103320.0,2020
99,U.S.,13-1141,"Compensation, Benefits, and Job Analysis Specialists",detailed,87870.0,72610.0,67190.0,41490.0,52010.0,86590.0,111930.0,2020
99,U.S.,13-1151,Training and Development Specialists,detailed,318040.0,67440.0,62700.0,33900.0,45870.0,83510.0,107060.0,2020
99,U.S.,13-1161,Market Research Analysts and Marketing Specialists,detailed,690160.0,73970.0,65810.0,35380.0,48040.0,93030.0,127410.0,2020
99,U.S.,13-1198,"Project Management Specialists and Business Operations Specialists, All Other",detailed,1444420.0,84290.0,77420.0,42180.0,56790.0,104410.0,135220.0,2020
99,U.S.,13-2011,Accountants and Auditors,detailed,1274620.0,81660.0,73560.0,45220.0,57110.0,97530.0,128680.0,2020
99,U.S.,13-2020,Property Appraisers and Assessors,detailed,55990.0,65630.0,58650.0,32990.0,43400.0,80790.0,107090.0,2020
99,U.S.,13-2031,Budget Analysts,detailed,49260.0,82690.0,78970.0,51220.0,62540.0,100060.0,121360.0,2020
99,U.S.,13-2041,Credit Analysts,detailed,72090.0,86170.0,74970.0,44250.0,56120.0,103840.0,146690.0,2020
99,U.S.,13-2052,Personal Financial Advisors,detailed,218050.0,122490.0,89330.0,44100.0,59450.0,157020.0,,2020
99,U.S.,13-2053,Insurance Underwriters,detailed,101790.0,80390.0,71790.0,43210.0,54850.0,97820.0,129550.0,2020
99,U.S.,13-2061,Financial Examiners,detailed,68210.0,92730.0,81430.0,43890.0,59050.0,113170.0,159120.0,2020
99,U.S.,13-2071,Credit Counselors,detailed,30770.0,49940.0,46170.0,32160.0,37640.0,57220.0,74410.0,2020
99,U.S.,13-2072,Loan Officers,detailed,308700.0,76930.0,63960.0,33650.0,45540.0,93490.0,133850.0,2020
99,U.S.,13-2081,"Tax Examiners and Collectors, and Revenue Agents",detailed,53150.0,62040.0,55640.0,33180.0,42040.0,77540.0,105430.0,2020
99,U.S.,13-2082,Tax Preparers,detailed,62600.0,52710.0,44300.0,22090.0,29310.0,65960.0,93540.0,2020
99,U.S.,13-2098,"Financial and Investment Analysts, Financial Risk Specialists, and Financial Specialists, All Other",detailed,460250.0,96630.0,83660.0,48760.0,63670.0,112460.0,159560.0,2020
99,U.S.,15-1211,Computer Systems Analysts,detailed,574450.0,99020.0,93730.0,56510.0,72030.0,120890.0,152060.0,2020
99,U.S.,15-1212,Information Security Analysts,detailed,138000.0,107580.0,103590.0,60060.0,78440.0,132890.0,163300.0,2020
99,U.S.,15-1221,Computer and Information Research Scientists,detailed,30220.0,130890.0,126830.0,72210.0,95340.0,157720.0,194430.0,2020
99,U.S.,15-1231,Computer Network Support Specialists,detailed,184220.0,71040.0,65450.0,40620.0,50730.0,85930.0,110450.0,2020
99,U.S.,15-1232,Computer User Support Specialists,detailed,634820.0,57000.0,52690.0,32830.0,40730.0,68500.0,88940.0,2020
99,U.S.,15-1241,Computer Network Architects,detailed,159350.0,119230.0,116780.0,67190.0,88120.0,147480.0,175570.0,2020
99,U.S.,15-1244,Network and Computer Systems Administrators,detailed,339560.0,89460.0,84810.0,52830.0,66340.0,107610.0,134970.0,2020
99,U.S.,15-1245,Database Administrators and Architects,detailed,133630.0,101090.0,98860.0,54070.0,71900.0,126890.0,155660.0,2020
99,U.S.,15-1251,Computer Programmers,detailed,178140.0,95640.0,89190.0,51440.0,67370.0,116220.0,146050.0,2020
99,U.S.,15-1256,Software Developers and Software Quality Assurance Analysts and Testers,detailed,1476800.0,114270.0,110140.0,65210.0,84020.0,140470.0,170100.0,2020
99,U.S.,15-1257,Web Developers and Digital Interface Designers,detailed,156220.0,85490.0,77200.0,40750.0,55390.0,107620.0,146430.0,2020
99,U.S.,15-1299,"Computer Occupations, All Other",detailed,362580.0,96740.0,92870.0,45760.0,65630.0,122360.0,152730.0,2020
99,U.S.,15-2011,Actuaries,detailed,22480.0,123180.0,111030.0,66030.0,83550.0,151060.0,196010.0,2020
99,U.S.,15-2021,Mathematicians,detailed,2460.0,112530.0,110860.0,61130.0,79280.0,134680.0,170150.0,2020
99,U.S.,15-2031,Operations Research Analysts,detailed,96220.0,92280.0,86200.0,48050.0,63070.0,115080.0,144330.0,2020
99,U.S.,15-2041,Statisticians,detailed,38860.0,97170.0,92270.0,52700.0,68810.0,121800.0,150840.0,2020
99,U.S.,15-2098,"Data Scientists and Mathematical Science Occupations, All Other",detailed,59680.0,103930.0,98230.0,52950.0,71790.0,130370.0,165230.0,2020
99,U.S.,17-1011,"Architects, Except Landscape and Naval",detailed,103900.0,89470.0,82320.0,49950.0,63420.0,106680.0,136310.0,2020
99,U.S.,17-1012,Landscape Architects,detailed,20730.0,75440.0,70630.0,42500.0,54790.0,92670.0,115660.0,2020
99,U.S.,17-1021,Cartographers and Photogrammetrists,detailed,12600.0,72420.0,68380.0,42980.0,54110.0,88620.0,108890.0,2020
99,U.S.,17-1022,Surveyors,detailed,43710.0,70260.0,65590.0,37690.0,49250.0,87480.0,109010.0,2020
99,U.S.,17-2011,Aerospace Engineers,detailed,60630.0,121110.0,118610.0,72770.0,91480.0,148570.0,171220.0,2020
99,U.S.,17-2021,Agricultural Engineers,detailed,1440.0,101620.0,84410.0,51160.0,62700.0,106000.0,166620.0,2020
99,U.S.,17-2031,Bioengineers and Biomedical Engineers,detailed,18660.0,98340.0,92620.0,56590.0,71830.0,118930.0,149440.0,2020
99,U.S.,17-2041,Chemical Engineers,detailed,25770.0,114820.0,108540.0,68430.0,84890.0,136360.0,168960.0,2020
99,U.S.,17-2051,Civil Engineers,detailed,300850.0,95440.0,88570.0,56160.0,69100.0,115110.0,144810.0,2020
99,U.S.,17-2061,Computer Hardware Engineers,detailed,64710.0,126140.0,119560.0,70100.0,90310.0,153450.0,192110.0,2020
99,U.S.,17-2071,Electrical Engineers,detailed,185220.0,105990.0,100830.0,64870.0,79010.0,128680.0,159520.0,2020
99,U.S.,17-2072,"Electronics Engineers, Except Computer",detailed,122320.0,112320.0,107540.0,69210.0,84400.0,135290.0,167410.0,2020
99,U.S.,17-2081,Environmental Engineers,detailed,50260.0,96890.0,92120.0,55450.0,70260.0,118960.0,144670.0,2020
99,U.S.,17-2111,"Health and Safety Engineers, Except Mining Safety Engineers and Inspectors",detailed,23780.0,97330.0,94240.0,55390.0,71460.0,120890.0,144800.0,2020
99,U.S.,17-2112,Industrial Engineers,detailed,290190.0,93610.0,88950.0,57950.0,71630.0,111360.0,136930.0,2020
99,U.S.,17-2121,Marine Engineers and Naval Architects,detailed,8700.0,99590.0,95440.0,62610.0,76750.0,118790.0,148580.0,2020
99,U.S.,17-2131,Materials Engineers,detailed,24740.0,100550.0,95640.0,57970.0,73950.0,123590.0,154340.0,2020
99,U.S.,17-2141,Mechanical Engineers,detailed,293960.0,95560.0,90160.0,58410.0,71880.0,114380.0,141060.0,2020
99,U.S.,17-2151,"Mining and Geological Engineers, Including Mining Safety Engineers",detailed,6270.0,100140.0,93800.0,57040.0,71990.0,121670.0,156270.0,2020
99,U.S.,17-2161,Nuclear Engineers,detailed,15700.0,125130.0,116140.0,74800.0,92440.0,143000.0,185550.0,2020
99,U.S.,17-2171,Petroleum Engineers,detailed,27850.0,154330.0,137330.0,78620.0,108130.0,189030.0,,2020
99,U.S.,17-2199,"Engineers, All Other",detailed,152380.0,107060.0,103380.0,55360.0,75380.0,134480.0,166050.0,2020
99,U.S.,17-3011,Architectural and Civil Drafters,detailed,99180.0,59120.0,57500.0,36590.0,45770.0,70170.0,83740.0,2020
99,U.S.,17-3012,Electrical and Electronics Drafters,detailed,23020.0,65720.0,62100.0,37020.0,47980.0,79740.0,101130.0,2020
99,U.S.,17-3013,Mechanical Drafters,detailed,51620.0,61490.0,58270.0,37100.0,46150.0,73700.0,92410.0,2020
99,U.S.,17-3019,"Drafters, All Other",detailed,13850.0,56530.0,54500.0,34100.0,41570.0,67300.0,83170.0,2020
99,U.S.,17-3021,Aerospace Engineering and Operations Technologists and Technicians,detailed,11900.0,70680.0,68570.0,43400.0,53790.0,84580.0,103450.0,2020
99,U.S.,17-3022,Civil Engineering Technologists and Technicians,detailed,67270.0,56590.0,54080.0,34230.0,40850.0,68350.0,82960.0,2020
99,U.S.,17-3023,Electrical and Electronic Engineering Technologists and Technicians,detailed,115270.0,68310.0,67550.0,40170.0,52520.0,81430.0,99810.0,2020
99,U.S.,17-3024,Electro-Mechanical and Mechatronics Technologists and Technicians,detailed,13160.0,62800.0,59800.0,37350.0,46640.0,76270.0,95340.0,2020
99,U.S.,17-3025,Environmental Engineering Technologists and Technicians,detailed,17070.0,56570.0,51630.0,32850.0,39330.0,67100.0,87730.0,2020
99,U.S.,17-3026,Industrial Engineering Technologists and Technicians,detailed,62980.0,59920.0,57320.0,36550.0,45040.0,71990.0,86900.0,2020
99,U.S.,17-3027,Mechanical Engineering Technologists and Technicians,detailed,39880.0,60880.0,58230.0,36200.0,45430.0,73800.0,91320.0,2020
99,U.S.,17-3031,Surveying and Mapping Technicians,detailed,53370.0,49770.0,46200.0,29110.0,35760.0,60430.0,77480.0,2020
99,U.S.,17-3098,"Calibration Technologists and Technicians and Engineering Technologists and Technicians, Except Drafters, All Other",detailed,92100.0,67640.0,64190.0,37200.0,48430.0,82910.0,102790.0,2020
99,U.S.,19-1011,Animal Scientists,detailed,2680.0,74540.0,63490.0,40720.0,50260.0,87080.0,125250.0,2020
99,U.S.,19-1012,Food Scientists and Technologists,detailed,13080.0,80190.0,73450.0,41240.0,54300.0,99870.0,130430.0,2020
99,U.S.,19-1013,Soil and Plant Scientists,detailed,13950.0,73040.0,66120.0,39650.0,51420.0,87560.0,117450.0,2020
99,U.S.,19-1021,Biochemists and Biophysicists,detailed,32010.0,104810.0,94270.0,52640.0,67710.0,127980.0,169860.0,2020
99,U.S.,19-1022,Microbiologists,detailed,19710.0,91840.0,84400.0,45690.0,58800.0,119770.0,156360.0,2020
99,U.S.,19-1023,Zoologists and Wildlife Biologists,detailed,17200.0,70510.0,66350.0,41720.0,52630.0,82670.0,106320.0,2020
99,U.S.,19-1029,"Biological Scientists, All Other",detailed,41680.0,89910.0,85290.0,49060.0,64720.0,105140.0,137030.0,2020
99,U.S.,19-1031,Conservation Scientists,detailed,22020.0,69020.0,64020.0,39230.0,49930.0,82740.0,100350.0,2020
99,U.S.,19-1032,Foresters,detailed,9360.0,66000.0,63980.0,42500.0,51890.0,77010.0,93060.0,2020
99,U.S.,19-1041,Epidemiologists,detailed,7500.0,83620.0,74560.0,49140.0,59380.0,97270.0,126040.0,2020
99,U.S.,19-1042,"Medical Scientists, Except Epidemiologists",detailed,126110.0,101800.0,91510.0,50240.0,63400.0,126270.0,164650.0,2020
99,U.S.,19-1099,"Life Scientists, All Other",detailed,6540.0,92170.0,82000.0,41840.0,57440.0,111380.0,154850.0,2020
99,U.S.,19-2011,Astronomers,detailed,1910.0,126250.0,119730.0,62410.0,79930.0,166710.0,189690.0,2020
99,U.S.,19-2012,Physicists,detailed,16160.0,137700.0,129850.0,67450.0,95020.0,170810.0,,2020
99,U.S.,19-2021,Atmospheric and Space Scientists,detailed,10210.0,100550.0,99740.0,52350.0,72570.0,123930.0,153150.0,2020
99,U.S.,19-2031,Chemists,detailed,82940.0,86410.0,79300.0,44970.0,58070.0,108390.0,139650.0,2020
99,U.S.,19-2032,Materials Scientists,detailed,6930.0,104450.0,99460.0,54810.0,73130.0,130890.0,165290.0,2020
99,U.S.,19-2041,"Environmental Scientists and Specialists, Including Health",detailed,84610.0,80090.0,73230.0,42960.0,55210.0,98120.0,129450.0,2020
99,U.S.,19-2042,"Geoscientists, Except Hydrologists and Geographers",detailed,27890.0,112110.0,93580.0,51890.0,66500.0,136020.0,201150.0,2020
99,U.S.,19-2043,Hydrologists,detailed,6170.0,90150.0,84040.0,52900.0,65080.0,106620.0,130030.0,2020
99,U.S.,19-2099,"Physical Scientists, All Other",detailed,19050.0,110100.0,107210.0,49800.0,72310.0,140140.0,170800.0,2020
99,U.S.,19-3011,Economists,detailed,17520.0,120880.0,108350.0,59220.0,79860.0,151210.0,198230.0,2020
99,U.S.,19-3022,Survey Researchers,detailed,10350.0,66960.0,59870.0,33970.0,44680.0,81830.0,110910.0,2020
99,U.S.,19-3031,"Clinical, Counseling, and School Psychologists",detailed,111320.0,89290.0,79820.0,46410.0,60750.0,104860.0,138550.0,2020
99,U.S.,19-3032,Industrial-Organizational Psychologists,detailed,780.0,112690.0,96270.0,57440.0,69780.0,137930.0,192800.0,2020
99,U.S.,19-3039,"Psychologists, All Other",detailed,14960.0,100130.0,105780.0,44500.0,76730.0,119460.0,133470.0,2020
99,U.S.,19-3041,Sociologists,detailed,2470.0,93420.0,86110.0,52640.0,65680.0,111910.0,143020.0,2020
99,U.S.,19-3051,Urban and Regional Planners,detailed,38190.0,79410.0,75950.0,46830.0,59130.0,96380.0,118280.0,2020
99,U.S.,19-3091,Anthropologists and Archeologists,detailed,7180.0,69960.0,66130.0,40800.0,51170.0,84560.0,102770.0,2020
99,U.S.,19-3092,Geographers,detailed,1450.0,85620.0,85430.0,53630.0,66130.0,102660.0,117100.0,2020
99,U.S.,19-3093,Historians,detailed,2770.0,68400.0,63100.0,29540.0,40920.0,90130.0,116340.0,2020
99,U.S.,19-3094,Political Scientists,detailed,6010.0,124100.0,125350.0,62840.0,90780.0,157710.0,170800.0,2020
99,U.S.,19-3099,"Social Scientists and Related Workers, All Other",detailed,34570.0,91280.0,87260.0,54550.0,68760.0,110010.0,133440.0,2020
99,U.S.,19-4010,Agricultural and Food Science Technicians,detailed,21940.0,45920.0,41970.0,28650.0,34550.0,53250.0,66620.0,2020
99,U.S.,19-4021,Biological Technicians,detailed,80640.0,49490.0,46340.0,30440.0,36280.0,60130.0,74600.0,2020
99,U.S.,19-4031,Chemical Technicians,detailed,63490.0,53700.0,49820.0,31720.0,38380.0,64700.0,81260.0,2020
99,U.S.,19-4042,"Environmental Science and Protection Technicians, Including Health",detailed,31860.0,50960.0,46850.0,29280.0,35900.0,60960.0,80530.0,2020
99,U.S.,19-4045,Geological and Hydrologic Technicians,detailed,15580.0,61130.0,50630.0,28210.0,35450.0,76650.0,109300.0,2020
99,U.S.,19-4051,Nuclear Technicians,detailed,6160.0,83810.0,84190.0,53570.0,65650.0,100260.0,116680.0,2020
99,U.S.,19-4061,Social Science Research Assistants,detailed,35330.0,53560.0,49210.0,31090.0,39250.0,62420.0,81280.0,2020
99,U.S.,19-4071,Forest and Conservation Technicians,detailed,30150.0,42780.0,38940.0,27970.0,31510.0,51240.0,60910.0,2020
99,U.S.,19-4092,Forensic Science Technicians,detailed,16640.0,64890.0,60590.0,36630.0,46460.0,79330.0,100910.0,2020
99,U.S.,19-4099,"Life, Physical, and Social Science Technicians, All Other",detailed,62080.0,56830.0,52460.0,30800.0,39140.0,66720.0,86050.0,2020
99,U.S.,19-5011,Occupational Health and Safety Specialists,detailed,95960.0,78110.0,76340.0,44710.0,58820.0,95190.0,112850.0,2020
99,U.S.,19-5012,Occupational Health and Safety Technicians,detailed,20950.0,57870.0,53340.0,33330.0,41600.0,71320.0,89780.0,2020
99,U.S.,21-1012,"Educational, Guidance, and Career Counselors and Advisors",detailed,292230.0,62320.0,58120.0,35620.0,45080.0,75920.0,97910.0,2020
99,U.S.,21-1013,Marriage and Family Therapists,detailed,60850.0,56890.0,51340.0,33140.0,39130.0,68020.0,92930.0,2020
99,U.S.,21-1015,Rehabilitation Counselors,detailed,100260.0,42080.0,37530.0,25660.0,29800.0,50040.0,66180.0,2020
99,U.S.,21-1018,"Substance Abuse, Behavioral Disorder, and Mental Health Counselors",detailed,293620.0,51550.0,47660.0,30590.0,36950.0,61760.0,78700.0,2020
99,U.S.,21-1019,"Counselors, All Other",detailed,27310.0,50800.0,45760.0,29120.0,35190.0,61700.0,79030.0,2020
99,U.S.,21-1021,"Child, Family, and School Social Workers",detailed,328120.0,52370.0,48430.0,32300.0,38350.0,62080.0,80290.0,2020
99,U.S.,21-1022,Healthcare Social Workers,detailed,176110.0,60470.0,57630.0,36110.0,45280.0,72120.0,87150.0,2020
99,U.S.,21-1023,Mental Health and Substance Abuse Social Workers,detailed,116780.0,54540.0,48720.0,30770.0,37220.0,65210.0,87420.0,2020
99,U.S.,21-1029,"Social Workers, All Other",detailed,60390.0,64940.0,64210.0,36070.0,45130.0,83200.0,96140.0,2020
99,U.S.,21-1091,Health Education Specialists,detailed,57920.0,62120.0,56500.0,33720.0,41870.0,77300.0,101890.0,2020
99,U.S.,21-1092,Probation Officers and Correctional Treatment Specialists,detailed,90070.0,61900.0,55690.0,36990.0,43720.0,75030.0,98510.0,2020
99,U.S.,21-1093,Social and Human Service Assistants,detailed,399920.0,38230.0,35960.0,24950.0,29220.0,45100.0,56080.0,2020
99,U.S.,21-1094,Community Health Workers,detailed,58670.0,46000.0,42000.0,28010.0,33960.0,54320.0,70790.0,2020
99,U.S.,21-1099,"Community and Social Service Specialists, All Other",detailed,87800.0,49600.0,46770.0,28390.0,35970.0,60470.0,76430.0,2020
99,U.S.,21-2011,Clergy,detailed,52260.0,56560.0,51940.0,28410.0,38110.0,66980.0,89510.0,2020
99,U.S.,21-2021,"Directors, Religious Activities and Education",detailed,19860.0,52660.0,45110.0,25340.0,32830.0,63630.0,93990.0,2020
99,U.S.,21-2099,"Religious Workers, All Other",detailed,8900.0,40070.0,33530.0,22880.0,26870.0,48430.0,65830.0,2020
99,U.S.,23-1011,Lawyers,detailed,658120.0,148910.0,126930.0,61490.0,84450.0,189520.0,,2020
99,U.S.,23-1012,Judicial Law Clerks,detailed,14690.0,63860.0,57510.0,34220.0,43400.0,76140.0,105620.0,2020
99,U.S.,23-1021,"Administrative Law Judges, Adjudicators, and Hearing Officers",detailed,14570.0,102050.0,97520.0,47580.0,65260.0,131790.0,180910.0,2020
99,U.S.,23-1022,"Arbitrators, Mediators, and Conciliators",detailed,5810.0,76440.0,66130.0,38330.0,47440.0,99870.0,131210.0,2020
99,U.S.,23-1023,"Judges, Magistrate Judges, and Magistrates",detailed,28550.0,131850.0,141080.0,40270.0,81100.0,174050.0,,2020
99,U.S.,23-2011,Paralegals and Legal Assistants,detailed,332720.0,56610.0,52920.0,32900.0,40640.0,67080.0,85160.0,2020
99,U.S.,23-2093,"Title Examiners, Abstractors, and Searchers",detailed,54960.0,52950.0,48820.0,30320.0,37330.0,63360.0,82180.0,2020
99,U.S.,23-2099,"Legal Support Workers, All Other",detailed,45310.0,73320.0,59540.0,32640.0,44330.0,96820.0,140520.0,2020
99,U.S.,25-1011,"Business Teachers, Postsecondary",detailed,79810.0,107270.0,88010.0,39720.0,58350.0,137730.0,202080.0,2020
99,U.S.,25-1021,"Computer Science Teachers, Postsecondary",detailed,32230.0,98680.0,85540.0,44240.0,60330.0,124370.0,170270.0,2020
99,U.S.,25-1022,"Mathematical Science Teachers, Postsecondary",detailed,49550.0,86760.0,73650.0,38730.0,53970.0,106580.0,154750.0,2020
99,U.S.,25-1031,"Architecture Teachers, Postsecondary",detailed,6910.0,100820.0,90880.0,45960.0,66990.0,126130.0,178310.0,2020
99,U.S.,25-1032,"Engineering Teachers, Postsecondary",detailed,38520.0,114130.0,103600.0,55440.0,76510.0,139610.0,188980.0,2020
99,U.S.,25-1041,"Agricultural Sciences Teachers, Postsecondary",detailed,8520.0,96200.0,90340.0,47100.0,65660.0,120890.0,157650.0,2020
99,U.S.,25-1042,"Biological Science Teachers, Postsecondary",detailed,51500.0,101320.0,85600.0,46430.0,61380.0,126200.0,179450.0,2020
99,U.S.,25-1043,"Forestry and Conservation Science Teachers, Postsecondary",detailed,1460.0,92420.0,87400.0,50520.0,65490.0,114670.0,144310.0,2020
99,U.S.,25-1051,"Atmospheric, Earth, Marine, and Space Sciences Teachers, Postsecondary",detailed,11750.0,104710.0,94520.0,48280.0,66790.0,130640.0,179490.0,2020
99,U.S.,25-1052,"Chemistry Teachers, Postsecondary",detailed,21530.0,94630.0,80400.0,47840.0,60320.0,114270.0,163670.0,2020
99,U.S.,25-1053,"Environmental Science Teachers, Postsecondary",detailed,5860.0,94520.0,84740.0,42830.0,60650.0,114720.0,159640.0,2020
99,U.S.,25-1054,"Physics Teachers, Postsecondary",detailed,13670.0,101290.0,90400.0,49340.0,64990.0,125290.0,169240.0,2020
99,U.S.,25-1061,"Anthropology and Archeology Teachers, Postsecondary",detailed,5590.0,98740.0,89220.0,51580.0,66660.0,120090.0,162640.0,2020
99,U.S.,25-1062,"Area, Ethnic, and Cultural Studies Teachers, Postsecondary",detailed,9960.0,88790.0,78840.0,40800.0,57480.0,106380.0,153900.0,2020
99,U.S.,25-1063,"Economics Teachers, Postsecondary",detailed,13080.0,123720.0,107260.0,53860.0,75710.0,152110.0,,2020
99,U.S.,25-1064,"Geography Teachers, Postsecondary",detailed,3720.0,87160.0,82330.0,45920.0,64150.0,105810.0,136240.0,2020
99,U.S.,25-1065,"Political Science Teachers, Postsecondary",detailed,15130.0,100970.0,85760.0,43460.0,62020.0,122000.0,179450.0,2020
99,U.S.,25-1066,"Psychology Teachers, Postsecondary",detailed,36520.0,89960.0,78180.0,41480.0,57200.0,108920.0,155800.0,2020
99,U.S.,25-1067,"Sociology Teachers, Postsecondary",detailed,13420.0,85180.0,75610.0,38910.0,55490.0,103670.0,145990.0,2020
99,U.S.,25-1069,"Social Sciences Teachers, Postsecondary, All Other",detailed,17620.0,85670.0,69340.0,32900.0,52150.0,107000.0,165790.0,2020
99,U.S.,25-1071,"Health Specialties Teachers, Postsecondary",detailed,200040.0,124890.0,99090.0,43840.0,63000.0,164930.0,,2020
99,U.S.,25-1072,"Nursing Instructors and Teachers, Postsecondary",detailed,61100.0,84060.0,75470.0,41930.0,57660.0,100330.0,133420.0,2020
99,U.S.,25-1081,"Education Teachers, Postsecondary",detailed,57560.0,75010.0,65440.0,30380.0,47080.0,92010.0,130110.0,2020
99,U.S.,25-1082,"Library Science Teachers, Postsecondary",detailed,4230.0,77560.0,71580.0,46120.0,57210.0,90630.0,116450.0,2020
99,U.S.,25-1111,"Criminal Justice and Law Enforcement Teachers, Postsecondary",detailed,14030.0,74740.0,63560.0,35180.0,49140.0,86680.0,129820.0,2020
99,U.S.,25-1112,"Law Teachers, Postsecondary",detailed,14930.0,134760.0,116430.0,41650.0,67640.0,181790.0,,2020
99,U.S.,25-1113,"Social Work Teachers, Postsecondary",detailed,13580.0,78110.0,71570.0,35670.0,53820.0,95880.0,129560.0,2020
99,U.S.,25-1121,"Art, Drama, and Music Teachers, Postsecondary",detailed,91170.0,84780.0,69690.0,34220.0,50300.0,102330.0,153060.0,2020
99,U.S.,25-1122,"Communications Teachers, Postsecondary",detailed,28430.0,80940.0,71030.0,40690.0,54050.0,98750.0,137520.0,2020
99,U.S.,25-1123,"English Language and Literature Teachers, Postsecondary",detailed,64800.0,81340.0,69000.0,39320.0,52060.0,100410.0,141190.0,2020
99,U.S.,25-1124,"Foreign Language and Literature Teachers, Postsecondary",detailed,22790.0,80410.0,69920.0,40970.0,54110.0,98710.0,135800.0,2020
99,U.S.,25-1125,"History Teachers, Postsecondary",detailed,20450.0,85630.0,76890.0,37340.0,56120.0,104110.0,141860.0,2020
99,U.S.,25-1126,"Philosophy and Religion Teachers, Postsecondary",detailed,22900.0,90160.0,76160.0,40470.0,56510.0,106240.0,155430.0,2020
99,U.S.,25-1192,"Family and Consumer Sciences Teachers, Postsecondary",detailed,2270.0,81580.0,72220.0,35540.0,53030.0,98620.0,134420.0,2020
99,U.S.,25-1193,"Recreation and Fitness Studies Teachers, Postsecondary",detailed,14730.0,75430.0,66290.0,33140.0,49160.0,94420.0,130580.0,2020
99,U.S.,25-1194,"Career/Technical Education Teachers, Postsecondary",detailed,105830.0,61710.0,55620.0,33420.0,42680.0,73500.0,101310.0,2020
99,U.S.,25-1199,"Postsecondary Teachers, All Other",detailed,194740.0,86430.0,71950.0,29030.0,49420.0,116500.0,156550.0,2020
99,U.S.,25-2011,"Preschool Teachers, Except Special Education",detailed,370940.0,36550.0,31930.0,21900.0,26220.0,42350.0,58230.0,2020
99,U.S.,25-2012,"Kindergarten Teachers, Except Special Education",detailed,120080.0,61170.0,57860.0,37360.0,46280.0,72440.0,91980.0,2020
99,U.S.,25-2021,"Elementary School Teachers, Except Special Education",detailed,1364870.0,65420.0,60940.0,40030.0,48350.0,79120.0,100480.0,2020
99,U.S.,25-2022,"Middle School Teachers, Except Special and Career/Technical Education",detailed,599520.0,64990.0,60810.0,40930.0,48870.0,77880.0,98840.0,2020
99,U.S.,25-2023,"Career/Technical Education Teachers, Middle School",detailed,11670.0,66950.0,62270.0,41600.0,52200.0,79670.0,100780.0,2020
99,U.S.,25-2031,"Secondary School Teachers, Except Special and Career/Technical Education",detailed,991000.0,67340.0,62870.0,41330.0,49990.0,81410.0,102130.0,2020
99,U.S.,25-2032,"Career/Technical Education Teachers, Secondary School",detailed,73530.0,65870.0,62460.0,43410.0,52010.0,77780.0,96020.0,2020
99,U.S.,25-2051,"Special Education Teachers, Preschool",detailed,20300.0,68110.0,61400.0,34780.0,46320.0,82820.0,115020.0,2020
99,U.S.,25-2052,"Special Education Teachers, Kindergarten and Elementary School",detailed,191170.0,64790.0,60620.0,41020.0,48860.0,77580.0,98480.0,2020
99,U.S.,25-2057,"Special Education Teachers, Middle School",detailed,80110.0,66300.0,61820.0,42090.0,50360.0,79190.0,99750.0,2020
99,U.S.,25-2058,"Special Education Teachers, Secondary School",detailed,142500.0,66490.0,62320.0,41270.0,49940.0,80210.0,101050.0,2020
99,U.S.,25-2059,"Special Education Teachers, All Other",detailed,32950.0,67670.0,62820.0,35740.0,47090.0,85010.0,104790.0,2020
99,U.S.,25-3011,"Adult Basic Education, Adult Secondary Education, and English as a Second Language Instructors",detailed,42910.0,59810.0,55350.0,32120.0,42500.0,72000.0,95630.0,2020
99,U.S.,25-3021,Self-Enrichment Teachers,detailed,222700.0,47930.0,39960.0,21920.0,28500.0,58180.0,82000.0,2020
99,U.S.,25-3031,"Substitute Teachers, Short-Term",detailed,512030.0,36090.0,29370.0,19060.0,23390.0,38160.0,51850.0,2020
99,U.S.,25-3097,"Tutors and Teachers and Instructors, All Other",detailed,309220.0,50390.0,40590.0,22110.0,28840.0,63170.0,91630.0,2020
99,U.S.,25-4011,Archivists,detailed,6550.0,61210.0,56760.0,33180.0,42840.0,75070.0,98990.0,2020
99,U.S.,25-4012,Curators,detailed,11750.0,61650.0,56990.0,33370.0,43420.0,76330.0,96820.0,2020
99,U.S.,25-4013,Museum Technicians and Conservators,detailed,11930.0,49990.0,45710.0,27730.0,34910.0,60830.0,79590.0,2020
99,U.S.,25-4022,Librarians and Media Collections Specialists,detailed,135070.0,63560.0,60820.0,34810.0,47090.0,77680.0,97460.0,2020
99,U.S.,25-4031,Library Technicians,detailed,89070.0,39630.0,37010.0,23110.0,28080.0,48400.0,61650.0,2020
99,U.S.,25-9021,Farm and Home Management Educators,detailed,8090.0,54870.0,51550.0,26300.0,37910.0,67330.0,85140.0,2020
99,U.S.,25-9031,Instructional Coordinators,detailed,174900.0,70160.0,66970.0,39270.0,51720.0,86100.0,105650.0,2020
99,U.S.,25-9044,"Teaching Assistants, Postsecondary",detailed,138740.0,39460.0,36250.0,19880.0,27080.0,51000.0,62540.0,2020
99,U.S.,25-9045,"Teaching Assistants, Except Postsecondary",detailed,1272840.0,30630.0,28900.0,19610.0,23830.0,36110.0,44290.0,2020
99,U.S.,25-9099,"Educational Instruction and Library Workers, All Other",detailed,142550.0,47210.0,41570.0,19420.0,27680.0,60140.0,83260.0,2020
99,U.S.,27-1011,Art Directors,detailed,40950.0,114490.0,97270.0,54530.0,71610.0,136310.0,199250.0,2020
99,U.S.,27-1012,Craft Artists,detailed,4090.0,38260.0,35180.0,21630.0,27400.0,45390.0,59620.0,2020
99,U.S.,27-1013,"Fine Artists, Including Painters, Sculptors, and Illustrators",detailed,11070.0,65020.0,52340.0,19570.0,31200.0,78410.0,122900.0,2020
99,U.S.,27-1014,Special Effects Artists and Animators,detailed,26460.0,88080.0,77700.0,42390.0,56890.0,108640.0,142750.0,2020
99,U.S.,27-1019,"Artists and Related Workers, All Other",detailed,7220.0,69650.0,65800.0,27860.0,37980.0,97860.0,116350.0,2020
99,U.S.,27-1021,Commercial and Industrial Designers,detailed,30100.0,76290.0,71640.0,41860.0,54820.0,94190.0,118440.0,2020
99,U.S.,27-1022,Fashion Designers,detailed,21050.0,87210.0,75810.0,38570.0,54470.0,101700.0,146300.0,2020
99,U.S.,27-1023,Floral Designers,detailed,36810.0,30670.0,29140.0,20110.0,24050.0,35750.0,43150.0,2020
99,U.S.,27-1024,Graphic Designers,detailed,201440.0,58370.0,53380.0,31720.0,40160.0,71310.0,93440.0,2020
99,U.S.,27-1025,Interior Designers,detailed,59170.0,61400.0,57060.0,33020.0,43570.0,74720.0,97920.0,2020
99,U.S.,27-1026,Merchandise Displayers and Window Trimmers,detailed,134660.0,34550.0,30810.0,22440.0,26450.0,38890.0,51750.0,2020
99,U.S.,27-1027,Set and Exhibit Designers,detailed,10980.0,64610.0,58180.0,30180.0,38790.0,82780.0,106230.0,2020
99,U.S.,27-1029,"Designers, All Other",detailed,10680.0,71340.0,63750.0,30530.0,45220.0,85030.0,121030.0,2020
99,U.S.,27-2011,Actors,detailed,44460.0,,,,,,,2020
99,U.S.,27-2012,Producers and Directors,detailed,119490.0,96690.0,76400.0,36070.0,51760.0,118020.0,184660.0,2020
99,U.S.,27-2021,Athletes and Sports Competitors,detailed,8380.0,94740.0,50850.0,20270.0,25790.0,105510.0,,2020
99,U.S.,27-2022,Coaches and Scouts,detailed,208180.0,47100.0,36330.0,19340.0,25190.0,55530.0,81940.0,2020
99,U.S.,27-2023,"Umpires, Referees, and Other Sports Officials",detailed,16590.0,40140.0,28940.0,18750.0,22560.0,45590.0,63480.0,2020
99,U.S.,27-2031,Dancers,detailed,7370.0,,,,,,,2020
99,U.S.,27-2032,Choreographers,detailed,3580.0,52000.0,43680.0,21180.0,29420.0,63080.0,101250.0,2020
99,U.S.,27-2041,Music Directors and Composers,detailed,9200.0,65720.0,52250.0,23890.0,33990.0,76000.0,124390.0,2020
99,U.S.,27-2042,Musicians and Singers,detailed,34770.0,,,,,,,2020
99,U.S.,27-2090,"Miscellaneous Entertainers and Performers, Sports and Related Workers",detailed,13760.0,,,,,,,2020
99,U.S.,27-3011,Broadcast Announcers and Radio Disc Jockeys,detailed,27290.0,57300.0,36770.0,19580.0,25110.0,59980.0,114050.0,2020
99,U.S.,27-3023,"News Analysts, Reporters, and Journalists",detailed,41580.0,66000.0,49300.0,25510.0,32160.0,80950.0,127370.0,2020
99,U.S.,27-3031,Public Relations Specialists,detailed,244550.0,71940.0,62810.0,35350.0,46630.0,85380.0,118210.0,2020
99,U.S.,27-3041,Editors,detailed,93370.0,73910.0,63400.0,33620.0,45310.0,89530.0,126800.0,2020
99,U.S.,27-3042,Technical Writers,detailed,48880.0,78590.0,74650.0,45510.0,57960.0,95690.0,119040.0,2020
99,U.S.,27-3043,Writers and Authors,detailed,44240.0,78680.0,67120.0,35880.0,49310.0,94090.0,133460.0,2020
99,U.S.,27-3091,Interpreters and Translators,detailed,56920.0,58140.0,52330.0,29740.0,38410.0,72630.0,96480.0,2020
99,U.S.,27-3092,Court Reporters and Simultaneous Captioners,detailed,13880.0,66710.0,61660.0,31600.0,43730.0,88420.0,109240.0,2020
99,U.S.,27-3099,"Media and Communication Workers, All Other",detailed,20940.0,55540.0,49730.0,24370.0,33270.0,72930.0,95100.0,2020
99,U.S.,27-4011,Audio and Video Technicians,detailed,62360.0,53390.0,47920.0,27840.0,35570.0,64940.0,87050.0,2020
99,U.S.,27-4012,Broadcast Technicians,detailed,25960.0,49250.0,43570.0,21570.0,28930.0,62980.0,83620.0,2020
99,U.S.,27-4014,Sound Engineering Technicians,detailed,10870.0,67210.0,53520.0,27650.0,35460.0,77410.0,119720.0,2020
99,U.S.,27-4021,Photographers,detailed,41600.0,50290.0,41280.0,22410.0,28530.0,62440.0,86850.0,2020
99,U.S.,27-4031,"Camera Operators, Television, Video, and Film",detailed,20340.0,67590.0,57200.0,29140.0,39550.0,81580.0,123220.0,2020
99,U.S.,27-4032,Film and Video Editors,detailed,22410.0,83880.0,67250.0,34870.0,47240.0,100830.0,152720.0,2020
99,U.S.,27-4098,"Lighting Technicians and Media and Communication Equipment Workers, All Other",detailed,21860.0,74880.0,70980.0,31150.0,45240.0,98330.0,123670.0,2020
99,U.S.,29-1011,Chiropractors,detailed,34760.0,83830.0,70720.0,35390.0,53070.0,98050.0,137950.0,2020
99,U.S.,29-1021,"Dentists, General",detailed,95920.0,180830.0,158940.0,81060.0,115290.0,,,2020
99,U.S.,29-1022,Oral and Maxillofacial Surgeons,detailed,4120.0,234990.0,,63840.0,156210.0,,,2020
99,U.S.,29-1023,Orthodontists,detailed,5040.0,237990.0,,74020.0,150250.0,,,2020
99,U.S.,29-1024,Prosthodontists,detailed,530.0,214870.0,,80270.0,119710.0,,,2020
99,U.S.,29-1029,"Dentists, All Other Specialists",detailed,5610.0,194930.0,183300.0,81140.0,139080.0,,,2020
99,U.S.,29-1031,Dietitians and Nutritionists,detailed,66330.0,64150.0,63090.0,39840.0,51700.0,77180.0,90000.0,2020
99,U.S.,29-1041,Optometrists,detailed,36690.0,125440.0,118050.0,60750.0,91180.0,145720.0,195810.0,2020
99,U.S.,29-1051,Pharmacists,detailed,315470.0,125460.0,128710.0,85210.0,112690.0,147690.0,164980.0,2020
99,U.S.,29-1071,Physician Assistants,detailed,125280.0,116080.0,115390.0,76700.0,95730.0,135220.0,162470.0,2020
99,U.S.,29-1081,Podiatrists,detailed,9710.0,151110.0,134300.0,55230.0,82750.0,196030.0,,2020
99,U.S.,29-1122,Occupational Therapists,detailed,126610.0,87480.0,86280.0,57330.0,70880.0,103060.0,122670.0,2020
99,U.S.,29-1123,Physical Therapists,detailed,220870.0,91680.0,91010.0,63530.0,75360.0,106060.0,126780.0,2020
99,U.S.,29-1124,Radiation Therapists,detailed,17390.0,94300.0,86850.0,60080.0,71350.0,107830.0,132930.0,2020
99,U.S.,29-1125,Recreational Therapists,detailed,20080.0,51260.0,47710.0,31450.0,37570.0,62440.0,79250.0,2020
99,U.S.,29-1126,Respiratory Therapists,detailed,131890.0,65640.0,62810.0,45940.0,54170.0,75950.0,89170.0,2020
99,U.S.,29-1127,Speech-Language Pathologists,detailed,148450.0,83240.0,80480.0,50370.0,62790.0,101110.0,122790.0,2020
99,U.S.,29-1128,Exercise Physiologists,detailed,7330.0,54020.0,50280.0,36070.0,42550.0,62600.0,78170.0,2020
99,U.S.,29-1129,"Therapists, All Other",detailed,11710.0,62090.0,57310.0,34270.0,43970.0,76480.0,96160.0,2020
99,U.S.,29-1131,Veterinarians,detailed,73710.0,108350.0,99250.0,60690.0,79430.0,126260.0,164490.0,2020
99,U.S.,29-1141,Registered Nurses,detailed,2986500.0,80010.0,75330.0,53410.0,61630.0,93590.0,116230.0,2020
99,U.S.,29-1151,Nurse Anesthetists,detailed,41960.0,189190.0,183580.0,133970.0,154540.0,,,2020
99,U.S.,29-1161,Nurse Midwives,detailed,7120.0,115540.0,111130.0,67710.0,91590.0,136960.0,179770.0,2020
99,U.S.,29-1171,Nurse Practitioners,detailed,211280.0,114510.0,111680.0,82960.0,94890.0,130240.0,156160.0,2020
99,U.S.,29-1181,Audiologists,detailed,13300.0,89230.0,81030.0,56550.0,68940.0,102220.0,128160.0,2020
99,U.S.,29-1211,Anesthesiologists,detailed,28590.0,271440.0,,136180.0,,,,2020
99,U.S.,29-1215,Family Medicine Physicians,detailed,98590.0,214370.0,207380.0,79610.0,148320.0,,,2020
99,U.S.,29-1216,General Internal Medicine Physicians,detailed,50600.0,210960.0,,64340.0,112490.0,,,2020
99,U.S.,29-1218,Obstetricians and Gynecologists,detailed,18900.0,239120.0,,82330.0,175470.0,,,2020
99,U.S.,29-1221,"Pediatricians, General",detailed,27550.0,184570.0,177130.0,69470.0,126930.0,,,2020
99,U.S.,29-1223,Psychiatrists,detailed,25540.0,217100.0,,69470.0,135300.0,,,2020
99,U.S.,29-1228,"Physicians, All Other; and Ophthalmologists, Except Pediatric",detailed,375390.0,218850.0,,61380.0,126470.0,,,2020
99,U.S.,29-1248,"Surgeons, Except Ophthalmologists",detailed,37900.0,251650.0,,77240.0,188170.0,,,2020
99,U.S.,29-1292,Dental Hygienists,detailed,194830.0,78050.0,77090.0,54200.0,65440.0,91620.0,104420.0,2020
99,U.S.,29-1298,"Acupuncturists and Healthcare Diagnosing or Treating Practitioners, All Other",detailed,36070.0,97270.0,82420.0,43200.0,60680.0,126070.0,160990.0,2020
99,U.S.,29-2010,Clinical Laboratory Technologists and Technicians,detailed,326220.0,55990.0,54180.0,31450.0,39680.0,69650.0,83700.0,2020
99,U.S.,29-2031,Cardiovascular Technologists and Technicians,detailed,55980.0,60940.0,59100.0,30140.0,39250.0,78170.0,96790.0,2020
99,U.S.,29-2032,Diagnostic Medical Sonographers,detailed,73920.0,77790.0,75920.0,53790.0,63020.0,90940.0,105340.0,2020
99,U.S.,29-2033,Nuclear Medicine Technologists,detailed,17510.0,82080.0,79590.0,57830.0,68370.0,95230.0,109070.0,2020
99,U.S.,29-2034,Radiologic Technologists and Technicians,detailed,206720.0,64840.0,61900.0,42180.0,50670.0,76520.0,92660.0,2020
99,U.S.,29-2035,Magnetic Resonance Imaging Technologists,detailed,39270.0,75960.0,74690.0,52880.0,62140.0,88370.0,104210.0,2020
99,U.S.,29-2040,Emergency Medical Technicians and Paramedics,detailed,257700.0,40370.0,36650.0,24650.0,29170.0,47810.0,62150.0,2020
99,U.S.,29-2051,Dietetic Technicians,detailed,26430.0,32920.0,30110.0,20980.0,25490.0,38090.0,49000.0,2020
99,U.S.,29-2052,Pharmacy Technicians,detailed,415310.0,36450.0,35100.0,25400.0,29090.0,41660.0,50430.0,2020
99,U.S.,29-2053,Psychiatric Technicians,detailed,85330.0,38080.0,35030.0,24960.0,28660.0,44020.0,59020.0,2020
99,U.S.,29-2055,Surgical Technologists,detailed,107400.0,51510.0,49710.0,34120.0,41010.0,60980.0,73110.0,2020
99,U.S.,29-2056,Veterinary Technologists and Technicians,detailed,109490.0,37860.0,36260.0,25520.0,30030.0,43890.0,52410.0,2020
99,U.S.,29-2057,Ophthalmic Medical Technicians,detailed,59960.0,40010.0,37940.0,25830.0,31030.0,47490.0,57900.0,2020
99,U.S.,29-2061,Licensed Practical and Licensed Vocational Nurses,detailed,676440.0,50090.0,48820.0,35570.0,42060.0,57860.0,65520.0,2020
99,U.S.,29-2081,"Opticians, Dispensing",detailed,68180.0,41380.0,38530.0,26080.0,30540.0,50150.0,62180.0,2020
99,U.S.,29-2091,Orthotists and Prosthetists,detailed,9550.0,74120.0,70190.0,41790.0,53770.0,89240.0,110130.0,2020
99,U.S.,29-2092,Hearing Aid Specialists,detailed,7770.0,54630.0,52630.0,29960.0,38620.0,64120.0,81170.0,2020
99,U.S.,29-2098,"Medical Dosimetrists, Medical Records Specialists, and Health Technologists and Technicians, All Other",detailed,318010.0,48270.0,44090.0,28800.0,34810.0,57840.0,73370.0,2020
99,U.S.,29-9091,Athletic Trainers,detailed,27430.0,52230.0,49860.0,32980.0,41310.0,61280.0,75810.0,2020
99,U.S.,29-9092,Genetic Counselors,detailed,2280.0,89710.0,85700.0,66930.0,74060.0,103700.0,126350.0,2020
99,U.S.,29-9098,"Health Information Technologists, Medical Registrars, Surgical Assistants, and Healthcare Practitioners and Technical Workers, All Other",detailed,76670.0,60900.0,51840.0,29130.0,36840.0,76860.0,105690.0,2020
99,U.S.,31-1120,Home Health and Personal Care Aides,detailed,3211590.0,28060.0,27080.0,20130.0,23560.0,31280.0,36990.0,2020
99,U.S.,31-1131,Nursing Assistants,detailed,1371050.0,32050.0,30850.0,22750.0,26650.0,36990.0,42110.0,2020
99,U.S.,31-1132,Orderlies,detailed,43570.0,31780.0,30030.0,22260.0,25680.0,36530.0,44550.0,2020
99,U.S.,31-1133,Psychiatric Aides,detailed,51550.0,33300.0,31570.0,21840.0,25630.0,39270.0,48880.0,2020
99,U.S.,31-2011,Occupational Therapy Assistants,detailed,42750.0,63420.0,62940.0,43180.0,53640.0,74770.0,84090.0,2020
99,U.S.,31-2012,Occupational Therapy Aides,detailed,5630.0,34160.0,30180.0,20010.0,23130.0,39120.0,58800.0,2020
99,U.S.,31-2021,Physical Therapist Assistants,detailed,92740.0,59440.0,59770.0,33840.0,48260.0,70800.0,82470.0,2020
99,U.S.,31-2022,Physical Therapist Aides,detailed,45790.0,30110.0,28450.0,20500.0,24250.0,33280.0,40580.0,2020
99,U.S.,31-9011,Massage Therapists,detailed,85040.0,47350.0,43620.0,22580.0,30010.0,59790.0,79150.0,2020
99,U.S.,31-9091,Dental Assistants,detailed,312140.0,42310.0,41180.0,28940.0,34470.0,49810.0,58390.0,2020
99,U.S.,31-9092,Medical Assistants,detailed,710200.0,36930.0,35850.0,26930.0,30360.0,41280.0,50580.0,2020
99,U.S.,31-9093,Medical Equipment Preparers,detailed,56870.0,41070.0,38800.0,27450.0,32300.0,48310.0,59370.0,2020
99,U.S.,31-9094,Medical Transcriptionists,detailed,49530.0,37310.0,35270.0,21790.0,27070.0,45260.0,55220.0,2020
99,U.S.,31-9095,Pharmacy Aides,detailed,38900.0,32250.0,29280.0,20960.0,24720.0,36690.0,50390.0,2020
99,U.S.,31-9096,Veterinary Assistants and Laboratory Animal Caretakers,detailed,98810.0,30980.0,29930.0,21570.0,25370.0,35900.0,41080.0,2020
99,U.S.,31-9097,Phlebotomists,detailed,128020.0,37280.0,36320.0,26690.0,30610.0,42130.0,50740.0,2020
99,U.S.,31-9099,"Healthcare Support Workers, All Other",detailed,96720.0,41430.0,39530.0,24700.0,30240.0,50430.0,61120.0,2020
99,U.S.,33-1011,First-Line Supervisors of Correctional Officers,detailed,53420.0,67600.0,60910.0,37720.0,46610.0,85160.0,107780.0,2020
99,U.S.,33-1012,First-Line Supervisors of Police and Detectives,detailed,122310.0,97180.0,92970.0,52610.0,69030.0,121910.0,152090.0,2020
99,U.S.,33-1021,First-Line Supervisors of Firefighting and Prevention Workers,detailed,69000.0,83170.0,78870.0,43640.0,59130.0,103170.0,129470.0,2020
99,U.S.,33-1090,"Miscellaneous First-Line Supervisors, Protective Service Workers",detailed,78860.0,55210.0,52650.0,30420.0,38500.0,65970.0,83780.0,2020
99,U.S.,33-2011,Firefighters,detailed,311350.0,56360.0,52500.0,26940.0,35850.0,70870.0,93790.0,2020
99,U.S.,33-2021,Fire Inspectors and Investigators,detailed,14010.0,67680.0,64610.0,39860.0,50230.0,81800.0,100780.0,2020
99,U.S.,33-2022,Forest Fire Inspectors and Prevention Specialists,detailed,2900.0,52130.0,42150.0,29660.0,33380.0,66370.0,86270.0,2020
99,U.S.,33-3011,Bailiffs,detailed,18120.0,51730.0,48000.0,25680.0,35630.0,66560.0,81360.0,2020
99,U.S.,33-3012,Correctional Officers and Jailers,detailed,405870.0,52340.0,47410.0,32830.0,37950.0,63290.0,81940.0,2020
99,U.S.,33-3021,Detectives and Criminal Investigators,detailed,105980.0,89300.0,86940.0,46020.0,59620.0,111900.0,146000.0,2020
99,U.S.,33-3031,Fish and Game Wardens,detailed,7230.0,57810.0,58040.0,29880.0,44250.0,70270.0,81960.0,2020
99,U.S.,33-3041,Parking Enforcement Workers,detailed,7560.0,44870.0,42070.0,27370.0,33330.0,54530.0,66260.0,2020
99,U.S.,33-3051,Police and Sheriff's Patrol Officers,detailed,654900.0,70000.0,65540.0,38420.0,48950.0,86880.0,109040.0,2020
99,U.S.,33-3052,Transit and Railroad Police,detailed,3800.0,71000.0,72580.0,44520.0,54080.0,83360.0,99050.0,2020
99,U.S.,33-9011,Animal Control Workers,detailed,11580.0,40680.0,38430.0,25050.0,31040.0,48640.0,61270.0,2020
99,U.S.,33-9021,Private Detectives and Investigators,detailed,32200.0,60100.0,53320.0,31440.0,38400.0,73190.0,96950.0,2020
99,U.S.,33-9031,Gambling Surveillance Officers and Gambling Investigators,detailed,8340.0,39910.0,35300.0,25400.0,28990.0,46340.0,62450.0,2020
99,U.S.,33-9032,Security Guards,detailed,1054400.0,34360.0,31050.0,21930.0,26200.0,39220.0,51600.0,2020
99,U.S.,33-9091,Crossing Guards and Flaggers,detailed,85050.0,34220.0,30790.0,20960.0,25680.0,39520.0,51500.0,2020
99,U.S.,33-9092,"Lifeguards, Ski Patrol, and Other Recreational Protective Service Workers",detailed,113150.0,27050.0,25020.0,18490.0,20680.0,30070.0,38330.0,2020
99,U.S.,33-9093,Transportation Security Screeners,detailed,46850.0,44920.0,44300.0,37090.0,40330.0,47950.0,53540.0,2020
99,U.S.,33-9098,"School Bus Monitors and Protective Service Workers, All Other",detailed,144310.0,36140.0,31960.0,21610.0,26540.0,41290.0,55830.0,2020
99,U.S.,35-1011,Chefs and Head Cooks,detailed,101490.0,58740.0,53380.0,30300.0,39420.0,71350.0,90790.0,2020
99,U.S.,35-1012,First-Line Supervisors of Food Preparation and Serving Workers,detailed,891540.0,37880.0,34570.0,22910.0,27560.0,46000.0,59330.0,2020
99,U.S.,35-2011,"Cooks, Fast Food",detailed,544420.0,24300.0,24380.0,17590.0,19650.0,27960.0,31430.0,2020
99,U.S.,35-2012,"Cooks, Institution and Cafeteria",detailed,387300.0,29940.0,28650.0,19860.0,23320.0,35020.0,41580.0,2020
99,U.S.,35-2013,"Cooks, Private Household",detailed,320.0,46810.0,32630.0,27860.0,29650.0,47920.0,98980.0,2020
99,U.S.,35-2014,"Cooks, Restaurant",detailed,1109650.0,29530.0,28800.0,20100.0,24210.0,33550.0,39840.0,2020
99,U.S.,35-2015,"Cooks, Short Order",detailed,123350.0,27030.0,26570.0,18550.0,21670.0,31170.0,37210.0,2020
99,U.S.,35-2019,"Cooks, All Other",detailed,19080.0,32350.0,30460.0,20470.0,25460.0,37420.0,46350.0,2020
99,U.S.,35-2021,Food Preparation Workers,detailed,793590.0,26820.0,26070.0,18460.0,21400.0,30850.0,37000.0,2020
99,U.S.,35-3011,Bartenders,detailed,486720.0,28910.0,24960.0,17940.0,19620.0,32130.0,47690.0,2020
99,U.S.,35-3023,Fast Food and Counter Workers,detailed,3450120.0,24540.0,23860.0,17940.0,19800.0,27920.0,31960.0,2020
99,U.S.,35-3031,Waiters and Waitresses,detailed,1944240.0,27470.0,23740.0,17520.0,19290.0,30650.0,42550.0,2020
99,U.S.,35-3041,"Food Servers, Nonrestaurant",detailed,254650.0,27460.0,25910.0,19350.0,22200.0,30830.0,37910.0,2020
99,U.S.,35-9011,Dining Room and Cafeteria Attendants and Bartender Helpers,detailed,374940.0,26300.0,25010.0,18260.0,20160.0,29370.0,35970.0,2020
99,U.S.,35-9021,Dishwashers,detailed,395660.0,25600.0,25270.0,18670.0,21060.0,28960.0,32280.0,2020
99,U.S.,35-9031,"Hosts and Hostesses, Restaurant, Lounge, and Coffee Shop",detailed,316700.0,24800.0,23880.0,17780.0,19670.0,28170.0,32360.0,2020
99,U.S.,35-9099,"Food Preparation and Serving Related Workers, All Other",detailed,69070.0,27880.0,27080.0,18930.0,22890.0,31150.0,37690.0,2020
99,U.S.,37-1011,First-Line Supervisors of Housekeeping and Janitorial Workers,detailed,141260.0,45500.0,42040.0,27110.0,32950.0,55380.0,69130.0,2020
99,U.S.,37-1012,"First-Line Supervisors of Landscaping, Lawn Service, and Groundskeeping Workers",detailed,103730.0,54040.0,51010.0,33750.0,40600.0,64490.0,80650.0,2020
99,U.S.,37-2011,"Janitors and Cleaners, Except Maids and Housekeeping Cleaners",detailed,1990510.0,31410.0,29080.0,20380.0,24140.0,36600.0,46870.0,2020
99,U.S.,37-2012,Maids and Housekeeping Cleaners,detailed,795590.0,28010.0,26220.0,19370.0,22230.0,31320.0,39140.0,2020
99,U.S.,37-2019,"Building Cleaning Workers, All Other",detailed,17050.0,38860.0,34510.0,22950.0,27340.0,45220.0,63610.0,2020
99,U.S.,37-2021,Pest Control Workers,detailed,79560.0,40350.0,37820.0,24980.0,30450.0,48570.0,61170.0,2020
99,U.S.,37-3011,Landscaping and Groundskeeping Workers,detailed,872370.0,33800.0,31730.0,22800.0,27060.0,38930.0,48310.0,2020
99,U.S.,37-3012,"Pesticide Handlers, Sprayers, and Applicators, Vegetation",detailed,23950.0,39130.0,36630.0,25590.0,30440.0,43560.0,56030.0,2020
99,U.S.,37-3013,Tree Trimmers and Pruners,detailed,52040.0,44040.0,41340.0,27510.0,33390.0,52520.0,64520.0,2020
99,U.S.,37-3019,"Grounds Maintenance Workers, All Other",detailed,14310.0,40270.0,34210.0,24570.0,28950.0,50230.0,67820.0,2020
99,U.S.,39-1013,First-Line Supervisors of Gambling Services Workers,detailed,19100.0,51160.0,50440.0,28120.0,38650.0,62500.0,74590.0,2020
99,U.S.,39-1098,"First-Line Supervisors of Personal Service and Entertainment and Recreation Workers, Except Gambling Services",detailed,174860.0,45820.0,42000.0,26620.0,32820.0,55430.0,69910.0,2020
99,U.S.,39-2011,Animal Trainers,detailed,14880.0,37950.0,31520.0,21550.0,25160.0,43370.0,62040.0,2020
99,U.S.,39-2021,Animal Caretakers,detailed,193660.0,28380.0,26080.0,19310.0,22030.0,31480.0,40210.0,2020
99,U.S.,39-3011,Gambling Dealers,detailed,67330.0,26110.0,23740.0,17480.0,19190.0,27800.0,40230.0,2020
99,U.S.,39-3012,Gambling and Sports Book Writers and Runners,detailed,7500.0,27130.0,25220.0,19910.0,21820.0,30170.0,37490.0,2020
99,U.S.,39-3019,"Gambling Service Workers, All Other",detailed,8570.0,33340.0,29360.0,19370.0,24290.0,38710.0,53540.0,2020
99,U.S.,39-3021,Motion Picture Projectionists,detailed,2270.0,34380.0,27490.0,19620.0,23120.0,40950.0,60880.0,2020
99,U.S.,39-3031,"Ushers, Lobby Attendants, and Ticket Takers",detailed,95600.0,26390.0,25110.0,18070.0,20190.0,30270.0,37100.0,2020
99,U.S.,39-3091,Amusement and Recreation Attendants,detailed,248190.0,25610.0,24760.0,18150.0,20080.0,29220.0,33420.0,2020
99,U.S.,39-3092,Costume Attendants,detailed,5750.0,51780.0,42910.0,24730.0,30370.0,63600.0,93400.0,2020
99,U.S.,39-3093,"Locker Room, Coatroom, and Dressing Room Attendants",detailed,11530.0,29320.0,26700.0,19430.0,22170.0,33120.0,40200.0,2020
99,U.S.,39-3099,"Entertainment Attendants and Related Workers, All Other",detailed,3900.0,32580.0,27230.0,18380.0,21880.0,37120.0,54810.0,2020
99,U.S.,39-4011,Embalmers,detailed,3860.0,50220.0,47630.0,27930.0,37490.0,59460.0,75190.0,2020
99,U.S.,39-4021,Funeral Attendants,detailed,32300.0,31130.0,29150.0,20160.0,23770.0,36690.0,46160.0,2020
99,U.S.,39-4031,"Morticians, Undertakers, and Funeral Arrangers",detailed,24560.0,59000.0,54100.0,29080.0,40100.0,71530.0,91140.0,2020
99,U.S.,39-5011,Barbers,detailed,14880.0,38050.0,32470.0,21810.0,25480.0,46400.0,63450.0,2020
99,U.S.,39-5012,"Hairdressers, Hairstylists, and Cosmetologists",detailed,302410.0,32740.0,27380.0,18840.0,21520.0,37970.0,53410.0,2020
99,U.S.,39-5091,"Makeup Artists, Theatrical and Performance",detailed,2780.0,99990.0,106920.0,38010.0,63220.0,132530.0,157680.0,2020
99,U.S.,39-5092,Manicurists and Pedicurists,detailed,73010.0,29010.0,27870.0,20370.0,24820.0,31890.0,38900.0,2020
99,U.S.,39-5093,Shampooers,detailed,8310.0,24320.0,24190.0,18550.0,20320.0,27260.0,30890.0,2020
99,U.S.,39-5094,Skincare Specialists,detailed,46640.0,41230.0,36510.0,22850.0,27590.0,48710.0,64610.0,2020
99,U.S.,39-6011,Baggage Porters and Bellhops,detailed,28440.0,29060.0,27050.0,19020.0,22000.0,32850.0,40750.0,2020
99,U.S.,39-6012,Concierges,detailed,36800.0,35310.0,32380.0,23440.0,27300.0,40540.0,52020.0,2020
99,U.S.,39-7010,Tour and Travel Guides,detailed,38030.0,32200.0,29460.0,20430.0,24200.0,37730.0,47660.0,2020
99,U.S.,39-9011,Childcare Workers,detailed,494360.0,26790.0,25460.0,18380.0,20900.0,30750.0,37720.0,2020
99,U.S.,39-9031,Exercise Trainers and Group Fitness Instructors,detailed,248070.0,45650.0,40510.0,21640.0,27840.0,57490.0,76550.0,2020
99,U.S.,39-9032,Recreation Workers,detailed,325640.0,30960.0,28440.0,19510.0,23420.0,35620.0,46510.0,2020
99,U.S.,39-9041,Residential Advisors,detailed,102450.0,33430.0,31190.0,21550.0,26010.0,39100.0,49180.0,2020
99,U.S.,39-9098,"Crematory Operators and Personal Care and Service Workers, All Other",detailed,60650.0,30330.0,28420.0,19750.0,24280.0,34880.0,40200.0,2020
99,U.S.,41-1011,First-Line Supervisors of Retail Sales Workers,detailed,1063110.0,47300.0,41580.0,27260.0,33070.0,55880.0,72810.0,2020
99,U.S.,41-1012,First-Line Supervisors of Non-Retail Sales Workers,detailed,240290.0,90120.0,78560.0,44860.0,58850.0,109050.0,151790.0,2020
99,U.S.,41-2011,Cashiers,detailed,3333100.0,25710.0,25020.0,18850.0,21310.0,28840.0,32630.0,2020
99,U.S.,41-2012,Gambling Change Persons and Booth Cashiers,detailed,14000.0,29110.0,27080.0,19710.0,23240.0,32140.0,40160.0,2020
99,U.S.,41-2021,Counter and Rental Clerks,detailed,368300.0,34700.0,30870.0,20780.0,25540.0,39960.0,53550.0,2020
99,U.S.,41-2022,Parts Salespersons,detailed,253870.0,36350.0,32460.0,21170.0,25970.0,43120.0,57620.0,2020
99,U.S.,41-2031,Retail Salespersons,detailed,3659670.0,30940.0,27080.0,19740.0,22900.0,32990.0,44570.0,2020
99,U.S.,41-3011,Advertising Sales Agents,detailed,110040.0,68040.0,54940.0,26700.0,36720.0,82020.0,124030.0,2020
99,U.S.,41-3021,Insurance Sales Agents,detailed,409950.0,69100.0,52180.0,29000.0,37590.0,79200.0,127840.0,2020
99,U.S.,41-3031,"Securities, Commodities, and Financial Services Sales Agents",detailed,440300.0,96540.0,64770.0,36910.0,45930.0,116020.0,,2020
99,U.S.,41-3041,Travel Agents,detailed,55180.0,46650.0,42350.0,25230.0,32010.0,56520.0,73360.0,2020
99,U.S.,41-3091,"Sales Representatives of Services, Except Advertising, Insurance, Financial Services, and Travel",detailed,977070.0,70490.0,58770.0,29110.0,39730.0,85430.0,128820.0,2020
99,U.S.,41-4011,"Sales Representatives, Wholesale and Manufacturing, Technical and Scientific Products",detailed,288150.0,99680.0,86650.0,42820.0,59590.0,127800.0,171700.0,2020
99,U.S.,41-4012,"Sales Representatives, Wholesale and Manufacturing, Except Technical and Scientific Products",detailed,1278670.0,73500.0,62070.0,31950.0,43580.0,89030.0,129200.0,2020
99,U.S.,41-9011,Demonstrators and Product Promoters,detailed,69990.0,37080.0,32500.0,23080.0,27080.0,42810.0,58210.0,2020
99,U.S.,41-9012,Models,detailed,2350.0,54050.0,31910.0,24970.0,25660.0,48730.0,124730.0,2020
99,U.S.,41-9021,Real Estate Brokers,detailed,44610.0,81630.0,60370.0,25460.0,38170.0,97080.0,174120.0,2020
99,U.S.,41-9022,Real Estate Sales Agents,detailed,168740.0,62990.0,49040.0,25100.0,33370.0,76720.0,112410.0,2020
99,U.S.,41-9031,Sales Engineers,detailed,63780.0,117270.0,108830.0,60730.0,79670.0,148040.0,184190.0,2020
99,U.S.,41-9041,Telemarketers,detailed,117610.0,30930.0,27920.0,19820.0,22960.0,35270.0,45820.0,2020
99,U.S.,41-9091,"Door-to-Door Sales Workers, News and Street Vendors, and Related Workers",detailed,8360.0,36740.0,29730.0,20170.0,24180.0,41440.0,63290.0,2020
99,U.S.,41-9099,"Sales and Related Workers, All Other",detailed,153180.0,39750.0,30550.0,21600.0,24930.0,44230.0,69350.0,2020
99,U.S.,43-1011,First-Line Supervisors of Office and Administrative Support Workers,detailed,1427260.0,62010.0,58450.0,35360.0,44900.0,74660.0,94170.0,2020
99,U.S.,43-2011,"Switchboard Operators, Including Answering Service",detailed,59270.0,33980.0,31430.0,22530.0,26710.0,38780.0,49570.0,2020
99,U.S.,43-2021,Telephone Operators,detailed,4630.0,39340.0,37710.0,25000.0,29430.0,48700.0,58410.0,2020
99,U.S.,43-2099,"Communications Equipment Operators, All Other",detailed,3070.0,49260.0,46680.0,30180.0,37470.0,60520.0,74120.0,2020
99,U.S.,43-3011,Bill and Account Collectors,detailed,222030.0,40630.0,38100.0,26960.0,31790.0,47380.0,58940.0,2020
99,U.S.,43-3021,Billing and Posting Clerks,detailed,445160.0,41610.0,39590.0,28300.0,33650.0,48690.0,58820.0,2020
99,U.S.,43-3031,"Bookkeeping, Accounting, and Auditing Clerks",detailed,1443940.0,44100.0,42410.0,27050.0,33920.0,52430.0,63900.0,2020
99,U.S.,43-3041,Gambling Cage Workers,detailed,10560.0,29700.0,28650.0,21090.0,24990.0,33330.0,39850.0,2020
99,U.S.,43-3051,Payroll and Timekeeping Clerks,detailed,133870.0,48290.0,47020.0,30950.0,37720.0,58000.0,67600.0,2020
99,U.S.,43-3061,Procurement Clerks,detailed,61000.0,45400.0,44740.0,30540.0,36660.0,52950.0,61880.0,2020
99,U.S.,43-3071,Tellers,detailed,423570.0,32960.0,32620.0,24660.0,28080.0,37780.0,41220.0,2020
99,U.S.,43-3099,"Financial Clerks, All Other",detailed,30470.0,46310.0,44160.0,30140.0,36010.0,53960.0,65850.0,2020
99,U.S.,43-4011,Brokerage Clerks,detailed,44720.0,58460.0,55270.0,37100.0,45280.0,67420.0,83260.0,2020
99,U.S.,43-4021,Correspondence Clerks,detailed,6150.0,40070.0,38400.0,28010.0,33350.0,45930.0,54570.0,2020
99,U.S.,43-4031,"Court, Municipal, and License Clerks",detailed,156100.0,43490.0,40930.0,27240.0,33420.0,50750.0,62970.0,2020
99,U.S.,43-4041,"Credit Authorizers, Checkers, and Clerks",detailed,24600.0,43580.0,41730.0,28020.0,34180.0,51060.0,62940.0,2020
99,U.S.,43-4051,Customer Service Representatives,detailed,2833250.0,38510.0,35830.0,24120.0,28760.0,45400.0,57830.0,2020
99,U.S.,43-4061,"Eligibility Interviewers, Government Programs",detailed,138820.0,47990.0,47110.0,31800.0,37300.0,57690.0,65390.0,2020
99,U.S.,43-4071,File Clerks,detailed,91560.0,36140.0,34090.0,23520.0,27890.0,41820.0,52400.0,2020
99,U.S.,43-4081,"Hotel, Motel, and Resort Desk Clerks",detailed,222550.0,26900.0,25490.0,18950.0,21690.0,30330.0,36580.0,2020
99,U.S.,43-4111,"Interviewers, Except Eligibility and Loan",detailed,173800.0,37640.0,36170.0,24980.0,29400.0,44400.0,52550.0,2020
99,U.S.,43-4121,"Library Assistants, Clerical",detailed,84560.0,30740.0,28730.0,19650.0,23240.0,36570.0,45930.0,2020
99,U.S.,43-4131,Loan Interviewers and Clerks,detailed,204100.0,42780.0,41370.0,27350.0,33730.0,50950.0,61360.0,2020
99,U.S.,43-4141,New Accounts Clerks,detailed,45250.0,39870.0,37750.0,27520.0,32170.0,45450.0,52450.0,2020
99,U.S.,43-4151,Order Clerks,detailed,119640.0,37660.0,35590.0,24820.0,28900.0,44440.0,54450.0,2020
99,U.S.,43-4161,"Human Resources Assistants, Except Payroll and Timekeeping",detailed,108470.0,44170.0,43250.0,30040.0,35650.0,51290.0,61430.0,2020
99,U.S.,43-4171,Receptionists and Information Clerks,detailed,968420.0,32410.0,31110.0,22030.0,26380.0,37830.0,45150.0,2020
99,U.S.,43-4181,Reservation and Transportation Ticket Agents and Travel Clerks,detailed,110020.0,45710.0,39430.0,26320.0,30600.0,62550.0,74960.0,2020
99,U.S.,43-4199,"Information and Record Clerks, All Other",detailed,148870.0,43880.0,42820.0,27170.0,33550.0,52120.0,62260.0,2020
99,U.S.,43-5011,Cargo and Freight Agents,detailed,96510.0,47170.0,43770.0,27780.0,34400.0,56060.0,69890.0,2020
99,U.S.,43-5021,Couriers and Messengers,detailed,70700.0,33010.0,30980.0,21840.0,26110.0,38020.0,48340.0,2020
99,U.S.,43-5031,Public Safety Telecommunicators,detailed,93290.0,45800.0,43290.0,28040.0,34630.0,54370.0,67150.0,2020
99,U.S.,43-5032,"Dispatchers, Except Police, Fire, and Ambulance",detailed,188450.0,44860.0,40980.0,26560.0,32510.0,53400.0,67680.0,2020
99,U.S.,43-5041,"Meter Readers, Utilities",detailed,26490.0,46160.0,41940.0,26390.0,32090.0,58440.0,73570.0,2020
99,U.S.,43-5051,Postal Service Clerks,detailed,86950.0,51200.0,50150.0,37760.0,38980.0,62990.0,64260.0,2020
99,U.S.,43-5052,Postal Service Mail Carriers,detailed,333570.0,53180.0,51080.0,38060.0,38620.0,65030.0,66900.0,2020
99,U.S.,43-5053,"Postal Service Mail Sorters, Processors, and Processing Machine Operators",detailed,105400.0,51440.0,53140.0,34440.0,37770.0,62980.0,63000.0,2020
99,U.S.,43-5061,"Production, Planning, and Expediting Clerks",detailed,362090.0,52000.0,49640.0,31520.0,38470.0,63120.0,77710.0,2020
99,U.S.,43-5071,"Shipping, Receiving, and Inventory Clerks",detailed,727640.0,37210.0,35260.0,25360.0,29060.0,43120.0,52820.0,2020
99,U.S.,43-5111,"Weighers, Measurers, Checkers, and Samplers, Recordkeeping",detailed,57960.0,38080.0,36650.0,26130.0,30130.0,44610.0,52100.0,2020
99,U.S.,43-6011,Executive Secretaries and Executive Administrative Assistants,detailed,503390.0,65230.0,63110.0,39350.0,49890.0,78410.0,94830.0,2020
99,U.S.,43-6012,Legal Secretaries and Administrative Assistants,detailed,160950.0,52750.0,48980.0,29620.0,37090.0,65610.0,82270.0,2020
99,U.S.,43-6013,Medical Secretaries and Administrative Assistants,detailed,597100.0,39000.0,37350.0,27000.0,31370.0,45620.0,54600.0,2020
99,U.S.,43-6014,"Secretaries and Administrative Assistants, Except Legal, Medical, and Executive",detailed,1850360.0,40420.0,38850.0,25630.0,31180.0,48860.0,59090.0,2020
99,U.S.,43-9021,Data Entry Keyers,detailed,151520.0,35850.0,34440.0,24490.0,28580.0,40750.0,50440.0,2020
99,U.S.,43-9022,Word Processors and Typists,detailed,42920.0,42630.0,41050.0,28650.0,34570.0,49640.0,59240.0,2020
99,U.S.,43-9031,Desktop Publishers,detailed,7090.0,50600.0,47560.0,24530.0,35150.0,62420.0,81240.0,2020
99,U.S.,43-9041,Insurance Claims and Policy Processing Clerks,detailed,240740.0,45070.0,42050.0,29480.0,35050.0,52150.0,64460.0,2020
99,U.S.,43-9051,"Mail Clerks and Mail Machine Operators, Except Postal Service",detailed,79310.0,33700.0,31920.0,22290.0,26850.0,39470.0,48300.0,2020
99,U.S.,43-9061,"Office Clerks, General",detailed,2788090.0,37770.0,35330.0,22030.0,27570.0,45480.0,57140.0,2020
99,U.S.,43-9071,"Office Machine Operators, Except Computer",detailed,40640.0,36580.0,34730.0,24600.0,28670.0,41630.0,51960.0,2020
99,U.S.,43-9081,Proofreaders and Copy Markers,detailed,6610.0,44670.0,41140.0,26340.0,32020.0,55380.0,65840.0,2020
99,U.S.,43-9111,Statistical Assistants,detailed,9320.0,52120.0,50360.0,31220.0,37970.0,63350.0,77070.0,2020
99,U.S.,43-9199,"Office and Administrative Support Workers, All Other",detailed,175600.0,39340.0,35890.0,22890.0,26990.0,48560.0,61620.0,2020
99,U.S.,45-1011,"First-Line Supervisors of Farming, Fishing, and Forestry Workers",detailed,22640.0,54420.0,50080.0,31730.0,38340.0,66380.0,83090.0,2020
99,U.S.,45-2011,Agricultural Inspectors,detailed,13450.0,48620.0,46700.0,29430.0,34920.0,58380.0,72310.0,2020
99,U.S.,45-2021,Animal Breeders,detailed,920.0,43930.0,40770.0,24060.0,30500.0,54530.0,64680.0,2020
99,U.S.,45-2041,"Graders and Sorters, Agricultural Products",detailed,28640.0,29620.0,28220.0,20340.0,25170.0,31120.0,36040.0,2020
99,U.S.,45-2091,Agricultural Equipment Operators,detailed,29220.0,34070.0,32750.0,21860.0,27850.0,39340.0,47890.0,2020
99,U.S.,45-2092,"Farmworkers and Laborers, Crop, Nursery, and Greenhouse",detailed,293910.0,30140.0,28660.0,25270.0,27070.0,31310.0,37990.0,2020
99,U.S.,45-2093,"Farmworkers, Farm, Ranch, and Aquacultural Animals",detailed,36820.0,31060.0,29130.0,19420.0,23670.0,36760.0,46170.0,2020
99,U.S.,45-2099,"Agricultural Workers, All Other",detailed,6460.0,34330.0,30140.0,19170.0,24930.0,39410.0,54300.0,2020
99,U.S.,45-4011,Forest and Conservation Workers,detailed,6490.0,33520.0,30640.0,23400.0,27250.0,37550.0,48700.0,2020
99,U.S.,45-4021,Fallers,detailed,4820.0,49520.0,43190.0,29580.0,34920.0,64840.0,80530.0,2020
99,U.S.,45-4022,Logging Equipment Operators,detailed,25560.0,43570.0,43210.0,25760.0,33080.0,52780.0,63050.0,2020
99,U.S.,45-4023,Log Graders and Scalers,detailed,3390.0,38940.0,36900.0,25910.0,30000.0,46250.0,54430.0,2020
99,U.S.,45-4029,"Logging Workers, All Other",detailed,3850.0,41830.0,41410.0,24100.0,33270.0,50760.0,60040.0,2020
99,U.S.,47-1011,First-Line Supervisors of Construction Trades and Extraction Workers,detailed,614080.0,72990.0,67840.0,43570.0,54270.0,87570.0,109980.0,2020
99,U.S.,47-2011,Boilermakers,detailed,14020.0,67430.0,65360.0,39620.0,53240.0,81150.0,99920.0,2020
99,U.S.,47-2021,Brickmasons and Blockmasons,detailed,59940.0,58420.0,55080.0,34250.0,43220.0,69440.0,89380.0,2020
99,U.S.,47-2022,Stonemasons,detailed,11830.0,48290.0,43650.0,28310.0,34620.0,57110.0,75690.0,2020
99,U.S.,47-2031,Carpenters,detailed,699300.0,54200.0,49520.0,31200.0,38240.0,64480.0,87410.0,2020
99,U.S.,47-2041,Carpet Installers,detailed,23020.0,46150.0,41480.0,25900.0,31940.0,55540.0,75750.0,2020
99,U.S.,47-2042,"Floor Layers, Except Carpet, Wood, and Hard Tiles",detailed,16720.0,49740.0,45520.0,27260.0,33900.0,61450.0,79500.0,2020
99,U.S.,47-2043,Floor Sanders and Finishers,detailed,5100.0,41400.0,38850.0,27080.0,31230.0,48390.0,61540.0,2020
99,U.S.,47-2044,Tile and Stone Setters,detailed,38150.0,48490.0,44220.0,27390.0,34240.0,58200.0,76620.0,2020
99,U.S.,47-2051,Cement Masons and Concrete Finishers,detailed,195580.0,49390.0,46000.0,31050.0,36810.0,58710.0,75900.0,2020
99,U.S.,47-2053,Terrazzo Workers and Finishers,detailed,2970.0,56440.0,51430.0,32380.0,38010.0,74520.0,92920.0,2020
99,U.S.,47-2061,Construction Laborers,detailed,971330.0,43000.0,37890.0,26090.0,30690.0,50330.0,69880.0,2020
99,U.S.,47-2071,"Paving, Surfacing, and Tamping Equipment Operators",detailed,44560.0,46400.0,41540.0,29030.0,34580.0,53820.0,72860.0,2020
99,U.S.,47-2072,Pile Driver Operators,detailed,3820.0,71880.0,63370.0,37010.0,47590.0,97190.0,115290.0,2020
99,U.S.,47-2073,Operating Engineers and Other Construction Equipment Operators,detailed,402870.0,55280.0,49770.0,32980.0,39150.0,65640.0,87220.0,2020
99,U.S.,47-2081,Drywall and Ceiling Tile Installers,detailed,99700.0,51930.0,47460.0,29890.0,37140.0,61980.0,85070.0,2020
99,U.S.,47-2082,Tapers,detailed,16320.0,62140.0,59450.0,36580.0,46380.0,76770.0,95800.0,2020
99,U.S.,47-2111,Electricians,detailed,656510.0,61550.0,56900.0,33810.0,42790.0,75380.0,98720.0,2020
99,U.S.,47-2121,Glaziers,detailed,52190.0,50970.0,46080.0,29440.0,35900.0,61300.0,83640.0,2020
99,U.S.,47-2131,"Insulation Workers, Floor, Ceiling, and Wall",detailed,32780.0,46860.0,41690.0,26720.0,33300.0,54500.0,74540.0,2020
99,U.S.,47-2132,"Insulation Workers, Mechanical",detailed,27700.0,55470.0,50030.0,32830.0,39640.0,64600.0,91120.0,2020
99,U.S.,47-2141,"Painters, Construction and Maintenance",detailed,217880.0,46460.0,42130.0,28290.0,34300.0,55590.0,70470.0,2020
99,U.S.,47-2142,Paperhangers,detailed,2820.0,49820.0,43560.0,27070.0,34390.0,55550.0,91340.0,2020
99,U.S.,47-2151,Pipelayers,detailed,33950.0,45060.0,40480.0,28760.0,34140.0,52450.0,69090.0,2020
99,U.S.,47-2152,"Plumbers, Pipefitters, and Steamfitters",detailed,417440.0,61100.0,56330.0,33460.0,42330.0,75370.0,98990.0,2020
99,U.S.,47-2161,Plasterers and Stucco Masons,detailed,25210.0,52100.0,47020.0,31140.0,37380.0,62090.0,81710.0,2020
99,U.S.,47-2171,Reinforcing Iron and Rebar Workers,detailed,18680.0,54700.0,49390.0,32940.0,40520.0,63900.0,88380.0,2020
99,U.S.,47-2181,Roofers,detailed,128680.0,47010.0,43580.0,27220.0,33810.0,56860.0,72100.0,2020
99,U.S.,47-2211,Sheet Metal Workers,detailed,128220.0,55320.0,51370.0,30460.0,37980.0,67380.0,87470.0,2020
99,U.S.,47-2221,Structural Iron and Steel Workers,detailed,71490.0,58650.0,54830.0,33330.0,40990.0,73800.0,94140.0,2020
99,U.S.,47-2231,Solar Photovoltaic Installers,detailed,11490.0,48020.0,46470.0,32590.0,37860.0,55760.0,64600.0,2020
99,U.S.,47-3011,"Helpers--Brickmasons, Blockmasons, Stonemasons, and Tile and Marble Setters",detailed,21410.0,40190.0,36990.0,26530.0,30990.0,46450.0,61550.0,2020
99,U.S.,47-3012,Helpers--Carpenters,detailed,30900.0,35360.0,34280.0,23850.0,28290.0,40490.0,49950.0,2020
99,U.S.,47-3013,Helpers--Electricians,detailed,73920.0,35440.0,33840.0,24280.0,28160.0,40220.0,50050.0,2020
99,U.S.,47-3014,"Helpers--Painters, Paperhangers, Plasterers, and Stucco Masons",detailed,9500.0,33520.0,31640.0,23200.0,27080.0,38400.0,47550.0,2020
99,U.S.,47-3015,"Helpers--Pipelayers, Plumbers, Pipefitters, and Steamfitters",detailed,55740.0,34990.0,33590.0,24820.0,28310.0,40070.0,49360.0,2020
99,U.S.,47-3016,Helpers--Roofers,detailed,8390.0,35080.0,33260.0,24610.0,28080.0,39840.0,49650.0,2020
99,U.S.,47-3019,"Helpers, Construction Trades, All Other",detailed,27850.0,35140.0,33360.0,22710.0,27400.0,40530.0,50440.0,2020
99,U.S.,47-4011,Construction and Building Inspectors,detailed,113770.0,66470.0,62860.0,37850.0,48860.0,80970.0,101170.0,2020
99,U.S.,47-4021,Elevator and Escalator Installers and Repairers,detailed,24730.0,86200.0,88540.0,45950.0,62050.0,108080.0,128500.0,2020
99,U.S.,47-4031,Fence Erectors,detailed,27010.0,40120.0,37550.0,26450.0,30840.0,46730.0,57470.0,2020
99,U.S.,47-4041,Hazardous Materials Removal Workers,detailed,44010.0,49170.0,45270.0,30590.0,36210.0,58970.0,76570.0,2020
99,U.S.,47-4051,Highway Maintenance Workers,detailed,149890.0,43200.0,41660.0,27410.0,33850.0,51300.0,61940.0,2020
99,U.S.,47-4061,Rail-Track Laying and Maintenance Equipment Operators,detailed,17590.0,57430.0,56370.0,36110.0,44560.0,68440.0,81670.0,2020
99,U.S.,47-4071,Septic Tank Servicers and Sewer Pipe Cleaners,detailed,29880.0,43930.0,41120.0,27530.0,33520.0,51850.0,63620.0,2020
99,U.S.,47-4090,Miscellaneous Construction and Related Workers,detailed,32050.0,44180.0,39660.0,26700.0,32650.0,51660.0,67310.0,2020
99,U.S.,47-5011,"Derrick Operators, Oil and Gas",detailed,9350.0,50280.0,47920.0,33860.0,39740.0,58200.0,69820.0,2020
99,U.S.,47-5012,"Rotary Drill Operators, Oil and Gas",detailed,15650.0,58940.0,53820.0,33600.0,42790.0,71780.0,90640.0,2020
99,U.S.,47-5013,"Service Unit Operators, Oil and Gas",detailed,43840.0,52510.0,47380.0,31400.0,37220.0,62420.0,79750.0,2020
99,U.S.,47-5022,"Excavating and Loading Machine and Dragline Operators, Surface Mining",detailed,40240.0,48500.0,45150.0,31660.0,36630.0,56820.0,70840.0,2020
99,U.S.,47-5041,Continuous Mining Machine Operators,detailed,14990.0,58340.0,56920.0,38870.0,46190.0,69830.0,80110.0,2020
99,U.S.,47-5043,"Roof Bolters, Mining",detailed,2080.0,61900.0,61190.0,45250.0,54220.0,70330.0,80580.0,2020
99,U.S.,47-5044,"Loading and Moving Machine Operators, Underground Mining",detailed,3520.0,56100.0,56640.0,36750.0,46750.0,64010.0,75630.0,2020
99,U.S.,47-5051,"Rock Splitters, Quarry",detailed,4640.0,38430.0,37130.0,27620.0,31980.0,43730.0,51730.0,2020
99,U.S.,47-5071,"Roustabouts, Oil and Gas",detailed,44710.0,42160.0,39420.0,28700.0,33850.0,48740.0,60650.0,2020
99,U.S.,47-5081,Helpers--Extraction Workers,detailed,12740.0,39150.0,37860.0,26300.0,30990.0,47160.0,55730.0,2020
99,U.S.,47-5097,"Earth Drillers, Except Oil and Gas; and Explosives Workers, Ordnance Handling Experts, and Blasters",detailed,22540.0,51040.0,48510.0,33440.0,39690.0,60190.0,73650.0,2020
99,U.S.,47-5098,"Underground Mining Machine Operators and Extraction Workers, All Other",detailed,12540.0,53730.0,52400.0,32730.0,40560.0,65990.0,78690.0,2020
99,U.S.,49-1011,"First-Line Supervisors of Mechanics, Installers, and Repairers",detailed,475000.0,73100.0,70240.0,42440.0,54210.0,89040.0,109440.0,2020
99,U.S.,49-2011,"Computer, Automated Teller, and Office Machine Repairers",detailed,91930.0,43790.0,41090.0,27140.0,32730.0,52230.0,64630.0,2020
99,U.S.,49-2021,"Radio, Cellular, and Tower Equipment Installers and Repairers",detailed,13210.0,60790.0,57720.0,32450.0,41980.0,78870.0,97780.0,2020
99,U.S.,49-2022,"Telecommunications Equipment Installers and Repairers, Except Line Installers",detailed,190510.0,61980.0,61470.0,34690.0,46350.0,77210.0,90680.0,2020
99,U.S.,49-2091,Avionics Technicians,detailed,21390.0,69180.0,67840.0,41660.0,55120.0,83880.0,100680.0,2020
99,U.S.,49-2092,"Electric Motor, Power Tool, and Related Repairers",detailed,15380.0,49250.0,46590.0,28830.0,36440.0,59790.0,74910.0,2020
99,U.S.,49-2093,"Electrical and Electronics Installers and Repairers, Transportation Equipment",detailed,10390.0,70440.0,70200.0,43410.0,55850.0,82790.0,101110.0,2020
99,U.S.,49-2094,"Electrical and Electronics Repairers, Commercial and Industrial Equipment",detailed,55200.0,63350.0,62010.0,39160.0,50030.0,75130.0,87970.0,2020
99,U.S.,49-2095,"Electrical and Electronics Repairers, Powerhouse, Substation, and Relay",detailed,23070.0,83150.0,85340.0,54680.0,68820.0,99390.0,110110.0,2020
99,U.S.,49-2096,"Electronic Equipment Installers and Repairers, Motor Vehicles",detailed,10230.0,41250.0,39570.0,26860.0,32880.0,48750.0,57550.0,2020
99,U.S.,49-2097,Audiovisual Equipment Installers and Repairers,detailed,25760.0,44850.0,41460.0,26640.0,33760.0,54450.0,66120.0,2020
99,U.S.,49-2098,Security and Fire Alarm Systems Installers,detailed,68920.0,52150.0,50940.0,32280.0,39240.0,63050.0,76690.0,2020
99,U.S.,49-3011,Aircraft Mechanics and Service Technicians,detailed,128300.0,69040.0,66440.0,38970.0,51760.0,85400.0,103880.0,2020
99,U.S.,49-3021,Automotive Body and Related Repairers,detailed,137120.0,49430.0,45350.0,28090.0,35170.0,59560.0,77210.0,2020
99,U.S.,49-3022,Automotive Glass Installers and Repairers,detailed,18490.0,39660.0,37710.0,26610.0,30640.0,47070.0,56760.0,2020
99,U.S.,49-3023,Automotive Service Technicians and Mechanics,detailed,620110.0,46760.0,44050.0,25790.0,32570.0,58330.0,71940.0,2020
99,U.S.,49-3031,Bus and Truck Mechanics and Diesel Engine Specialists,detailed,253010.0,52090.0,50200.0,32820.0,40180.0,62290.0,76460.0,2020
99,U.S.,49-3041,Farm Equipment Mechanics and Service Technicians,detailed,35720.0,45350.0,43880.0,28670.0,35000.0,54050.0,64220.0,2020
99,U.S.,49-3042,"Mobile Heavy Equipment Mechanics, Except Engines",detailed,147680.0,57000.0,55350.0,36250.0,44610.0,66290.0,81000.0,2020
99,U.S.,49-3043,Rail Car Repairers,detailed,22310.0,58250.0,57710.0,35110.0,44160.0,73170.0,82760.0,2020
99,U.S.,49-3051,Motorboat Mechanics and Service Technicians,detailed,20440.0,45490.0,43320.0,27110.0,33450.0,55540.0,66230.0,2020
99,U.S.,49-3052,Motorcycle Mechanics,detailed,13490.0,40390.0,38010.0,25420.0,30090.0,49100.0,60940.0,2020
99,U.S.,49-3053,Outdoor Power Equipment and Other Small Engine Mechanics,detailed,31500.0,39090.0,37530.0,24350.0,30070.0,47180.0,57420.0,2020
99,U.S.,49-3091,Bicycle Repairers,detailed,11290.0,33530.0,32630.0,23740.0,27490.0,38790.0,46240.0,2020
99,U.S.,49-3092,Recreational Vehicle Service Technicians,detailed,15150.0,43790.0,40520.0,27340.0,33090.0,51950.0,63060.0,2020
99,U.S.,49-3093,Tire Repairers and Changers,detailed,98560.0,31790.0,30060.0,22010.0,25730.0,36340.0,43230.0,2020
99,U.S.,49-9011,Mechanical Door Repairers,detailed,22680.0,45350.0,43220.0,28340.0,34740.0,53440.0,65060.0,2020
99,U.S.,49-9012,"Control and Valve Installers and Repairers, Except Mechanical Door",detailed,50660.0,62400.0,60580.0,32940.0,42930.0,80750.0,98180.0,2020
99,U.S.,49-9021,"Heating, Air Conditioning, and Refrigeration Mechanics and Installers",detailed,344020.0,53410.0,50590.0,31910.0,39320.0,64350.0,80820.0,2020
99,U.S.,49-9031,Home Appliance Repairers,detailed,27640.0,43810.0,41610.0,25000.0,32170.0,52920.0,65640.0,2020
99,U.S.,49-9041,Industrial Machinery Mechanics,detailed,385980.0,57350.0,55490.0,35720.0,44270.0,67370.0,82450.0,2020
99,U.S.,49-9043,"Maintenance Workers, Machinery",detailed,65240.0,51960.0,50100.0,32170.0,39560.0,62310.0,75800.0,2020
99,U.S.,49-9044,Millwrights,detailed,44400.0,59080.0,57260.0,36450.0,44990.0,70820.0,83690.0,2020
99,U.S.,49-9045,"Refractory Materials Repairers, Except Brickmasons",detailed,760.0,55080.0,54610.0,36190.0,44560.0,64040.0,76550.0,2020
99,U.S.,49-9051,Electrical Power-Line Installers and Repairers,detailed,114930.0,74410.0,75030.0,39090.0,54250.0,94580.0,108380.0,2020
99,U.S.,49-9052,Telecommunications Line Installers and Repairers,detailed,122480.0,61860.0,58870.0,34180.0,41060.0,82030.0,97840.0,2020
99,U.S.,49-9061,Camera and Photographic Equipment Repairers,detailed,3320.0,42740.0,40330.0,25310.0,31230.0,51730.0,63400.0,2020
99,U.S.,49-9062,Medical Equipment Repairers,detailed,48510.0,55090.0,51610.0,31180.0,38700.0,67930.0,84720.0,2020
99,U.S.,49-9063,Musical Instrument Repairers and Tuners,detailed,7070.0,39770.0,36810.0,23930.0,29270.0,47970.0,60890.0,2020
99,U.S.,49-9064,Watch and Clock Repairers,detailed,2430.0,48560.0,45290.0,22780.0,32960.0,59370.0,76060.0,2020
99,U.S.,49-9069,"Precision Instrument and Equipment Repairers, All Other",detailed,10100.0,62500.0,61420.0,38180.0,49380.0,74090.0,87100.0,2020
99,U.S.,49-9071,"Maintenance and Repair Workers, General",detailed,1357630.0,43790.0,40850.0,26130.0,32020.0,53150.0,65590.0,2020
99,U.S.,49-9081,Wind Turbine Service Technicians,detailed,5860.0,59340.0,56230.0,40490.0,46270.0,68920.0,83580.0,2020
99,U.S.,49-9091,"Coin, Vending, and Amusement Machine Servicers and Repairers",detailed,25080.0,39710.0,37580.0,22770.0,29280.0,48440.0,60930.0,2020
99,U.S.,49-9092,Commercial Divers,detailed,3460.0,71850.0,54800.0,36200.0,43570.0,77220.0,111130.0,2020
99,U.S.,49-9094,Locksmiths and Safe Repairers,detailed,16180.0,46240.0,43690.0,27080.0,33690.0,57850.0,69170.0,2020
99,U.S.,49-9095,Manufactured Building and Mobile Home Installers,detailed,2900.0,36360.0,35120.0,23330.0,27870.0,42890.0,52200.0,2020
99,U.S.,49-9096,Riggers,detailed,21700.0,53020.0,50850.0,32480.0,38680.0,62960.0,78200.0,2020
99,U.S.,49-9097,Signal and Track Switch Repairers,detailed,7250.0,75970.0,76210.0,47130.0,65270.0,84390.0,96990.0,2020
99,U.S.,49-9098,"Helpers--Installation, Maintenance, and Repair Workers",detailed,91430.0,33960.0,31760.0,21640.0,26590.0,39370.0,50030.0,2020
99,U.S.,49-9099,"Installation, Maintenance, and Repair Workers, All Other",detailed,151050.0,46160.0,42480.0,27060.0,33070.0,56690.0,69640.0,2020
99,U.S.,51-1011,First-Line Supervisors of Production and Operating Workers,detailed,599900.0,66800.0,62850.0,37990.0,48500.0,80770.0,102510.0,2020
99,U.S.,51-2011,"Aircraft Structure, Surfaces, Rigging, and Systems Assemblers",detailed,38460.0,55510.0,53160.0,33200.0,40100.0,70890.0,83530.0,2020
99,U.S.,51-2021,"Coil Winders, Tapers, and Finishers",detailed,12580.0,40280.0,37970.0,26930.0,31070.0,47300.0,58150.0,2020
99,U.S.,51-2028,"Electrical, Electronic, and Electromechanical Assemblers, Except Coil Winders, Tapers, and Finishers",detailed,283800.0,38750.0,36390.0,25700.0,29660.0,45700.0,56670.0,2020
99,U.S.,51-2031,Engine and Other Machine Assemblers,detailed,41510.0,47190.0,45770.0,30930.0,36200.0,58540.0,65740.0,2020
99,U.S.,51-2041,Structural Metal Fabricators and Fitters,detailed,69550.0,44750.0,41780.0,28750.0,34480.0,52080.0,63950.0,2020
99,U.S.,51-2051,Fiberglass Laminators and Fabricators,detailed,18800.0,38280.0,36950.0,26090.0,30530.0,44890.0,52010.0,2020
99,U.S.,51-2061,Timing Device Assemblers and Adjusters,detailed,1000.0,39430.0,36170.0,27140.0,29800.0,47300.0,58930.0,2020
99,U.S.,51-2090,Miscellaneous Assemblers and Fabricators,detailed,1258780.0,35980.0,33550.0,23470.0,27740.0,41190.0,52410.0,2020
99,U.S.,51-3011,Bakers,detailed,168890.0,31060.0,29400.0,21070.0,24810.0,36000.0,43310.0,2020
99,U.S.,51-3021,Butchers and Meat Cutters,detailed,142220.0,34630.0,32900.0,22210.0,26950.0,40930.0,50440.0,2020
99,U.S.,51-3022,"Meat, Poultry, and Fish Cutters and Trimmers",detailed,147760.0,30800.0,30190.0,22100.0,26070.0,35760.0,40050.0,2020
99,U.S.,51-3023,Slaughterers and Meat Packers,detailed,77980.0,31210.0,30710.0,23170.0,27050.0,35980.0,40000.0,2020
99,U.S.,51-3091,"Food and Tobacco Roasting, Baking, and Drying Machine Operators and Tenders",detailed,19010.0,35370.0,32480.0,22530.0,27060.0,41410.0,52940.0,2020
99,U.S.,51-3092,Food Batchmakers,detailed,153270.0,34970.0,32710.0,22890.0,27170.0,41370.0,50580.0,2020
99,U.S.,51-3093,Food Cooking Machine Operators and Tenders,detailed,26530.0,34180.0,33010.0,23070.0,27080.0,39670.0,48330.0,2020
99,U.S.,51-3099,"Food Processing Workers, All Other",detailed,41840.0,30680.0,29620.0,22480.0,25600.0,34890.0,40060.0,2020
99,U.S.,51-4021,"Extruding and Drawing Machine Setters, Operators, and Tenders, Metal and Plastic",detailed,69300.0,38990.0,37530.0,26660.0,30850.0,46330.0,54750.0,2020
99,U.S.,51-4022,"Forging Machine Setters, Operators, and Tenders, Metal and Plastic",detailed,13730.0,43480.0,41430.0,28180.0,33790.0,52420.0,62550.0,2020
99,U.S.,51-4023,"Rolling Machine Setters, Operators, and Tenders, Metal and Plastic",detailed,34500.0,45110.0,43600.0,29100.0,35050.0,52910.0,63570.0,2020
99,U.S.,51-4031,"Cutting, Punching, and Press Machine Setters, Operators, and Tenders, Metal and Plastic",detailed,179300.0,38650.0,36980.0,26400.0,30440.0,45630.0,54630.0,2020
99,U.S.,51-4032,"Drilling and Boring Machine Tool Setters, Operators, and Tenders, Metal and Plastic",detailed,9090.0,42800.0,39780.0,27300.0,32310.0,51050.0,63320.0,2020
99,U.S.,51-4033,"Grinding, Lapping, Polishing, and Buffing Machine Tool Setters, Operators, and Tenders, Metal and Plastic",detailed,69570.0,38800.0,36880.0,26580.0,30310.0,45820.0,54790.0,2020
99,U.S.,51-4034,"Lathe and Turning Machine Tool Setters, Operators, and Tenders, Metal and Plastic",detailed,23710.0,43100.0,41380.0,28020.0,33690.0,50840.0,61710.0,2020
99,U.S.,51-4035,"Milling and Planing Machine Setters, Operators, and Tenders, Metal and Plastic",detailed,15760.0,44920.0,43150.0,28270.0,34340.0,52520.0,64150.0,2020
99,U.S.,51-4041,Machinists,detailed,360340.0,47800.0,45840.0,29240.0,35900.0,57930.0,69050.0,2020
99,U.S.,51-4051,Metal-Refining Furnace Operators and Tenders,detailed,15290.0,46000.0,44610.0,29750.0,35790.0,55770.0,64570.0,2020
99,U.S.,51-4052,"Pourers and Casters, Metal",detailed,7200.0,42440.0,40170.0,28480.0,33500.0,50250.0,61160.0,2020
99,U.S.,51-4061,"Model Makers, Metal and Plastic",detailed,3400.0,58180.0,54780.0,32950.0,42180.0,74210.0,85770.0,2020
99,U.S.,51-4062,"Patternmakers, Metal and Plastic",detailed,2400.0,49570.0,48160.0,30160.0,37220.0,60940.0,73640.0,2020
99,U.S.,51-4071,Foundry Mold and Coremakers,detailed,16090.0,38370.0,37140.0,25080.0,30190.0,45940.0,54330.0,2020
99,U.S.,51-4072,"Molding, Coremaking, and Casting Machine Setters, Operators, and Tenders, Metal and Plastic",detailed,155020.0,35960.0,33100.0,23500.0,27620.0,41680.0,52570.0,2020
99,U.S.,51-4081,"Multiple Machine Tool Setters, Operators, and Tenders, Metal and Plastic",detailed,134660.0,39800.0,37510.0,26000.0,30410.0,47650.0,59050.0,2020
99,U.S.,51-4111,Tool and Die Makers,detailed,61190.0,55520.0,54760.0,34840.0,43500.0,66220.0,79090.0,2020
99,U.S.,51-4121,"Welders, Cutters, Solderers, and Brazers",detailed,397550.0,46690.0,44190.0,30640.0,36140.0,53820.0,66250.0,2020
99,U.S.,51-4122,"Welding, Soldering, and Brazing Machine Setters, Operators, and Tenders",detailed,33150.0,41320.0,39410.0,27990.0,32630.0,48750.0,58660.0,2020
99,U.S.,51-4191,"Heat Treating Equipment Setters, Operators, and Tenders, Metal and Plastic",detailed,16550.0,41680.0,39530.0,27310.0,32460.0,48760.0,59700.0,2020
99,U.S.,51-4192,"Layout Workers, Metal and Plastic",detailed,7570.0,50980.0,52300.0,30580.0,40570.0,61260.0,67830.0,2020
99,U.S.,51-4193,"Plating Machine Setters, Operators, and Tenders, Metal and Plastic",detailed,38470.0,36950.0,34850.0,25530.0,29040.0,42240.0,52140.0,2020
99,U.S.,51-4194,"Tool Grinders, Filers, and Sharpeners",detailed,6080.0,43670.0,41060.0,26880.0,33430.0,52530.0,63600.0,2020
99,U.S.,51-4199,"Metal Workers and Plastic Workers, All Other",detailed,21140.0,39490.0,35520.0,25430.0,29120.0,46680.0,61700.0,2020
99,U.S.,51-5111,Prepress Technicians and Workers,detailed,28010.0,43370.0,41410.0,26760.0,32570.0,51910.0,63890.0,2020
99,U.S.,51-5112,Printing Press Operators,detailed,160270.0,40200.0,37880.0,25120.0,29940.0,48480.0,60040.0,2020
99,U.S.,51-5113,Print Binding and Finishing Workers,detailed,42450.0,36430.0,34260.0,23980.0,28110.0,43280.0,52150.0,2020
99,U.S.,51-6011,Laundry and Dry-Cleaning Workers,detailed,179890.0,26600.0,25470.0,19130.0,21890.0,30030.0,35310.0,2020
99,U.S.,51-6021,"Pressers, Textile, Garment, and Related Materials",detailed,31980.0,26050.0,25580.0,19060.0,21910.0,29580.0,32410.0,2020
99,U.S.,51-6031,Sewing Machine Operators,detailed,116520.0,29420.0,28230.0,20270.0,24190.0,33080.0,39790.0,2020
99,U.S.,51-6041,Shoe and Leather Workers and Repairers,detailed,7380.0,31480.0,30550.0,21050.0,25570.0,37160.0,41510.0,2020
99,U.S.,51-6042,Shoe Machine Operators and Tenders,detailed,4080.0,31430.0,30630.0,20810.0,26340.0,37020.0,41880.0,2020
99,U.S.,51-6051,"Sewers, Hand",detailed,3410.0,30790.0,30000.0,21040.0,24690.0,36420.0,40710.0,2020
99,U.S.,51-6052,"Tailors, Dressmakers, and Custom Sewers",detailed,20860.0,36040.0,32640.0,20940.0,25570.0,44920.0,58050.0,2020
99,U.S.,51-6061,Textile Bleaching and Dyeing Machine Operators and Tenders,detailed,7260.0,31600.0,30260.0,23100.0,27050.0,36280.0,41880.0,2020
99,U.S.,51-6062,"Textile Cutting Machine Setters, Operators, and Tenders",detailed,12650.0,30890.0,29910.0,21300.0,25380.0,36070.0,41520.0,2020
99,U.S.,51-6063,"Textile Knitting and Weaving Machine Setters, Operators, and Tenders",detailed,18830.0,32370.0,31090.0,22480.0,26310.0,37450.0,43860.0,2020
99,U.S.,51-6064,"Textile Winding, Twisting, and Drawing Out Machine Setters, Operators, and Tenders",detailed,25480.0,32130.0,30890.0,23680.0,27220.0,36570.0,41530.0,2020
99,U.S.,51-6091,"Extruding and Forming Machine Setters, Operators, and Tenders, Synthetic and Glass Fibers",detailed,15840.0,39170.0,37160.0,26770.0,30910.0,46230.0,57420.0,2020
99,U.S.,51-6092,Fabric and Apparel Patternmakers,detailed,4670.0,57880.0,49680.0,27210.0,34230.0,76970.0,102660.0,2020
99,U.S.,51-6093,Upholsterers,detailed,26180.0,37870.0,36250.0,23590.0,28920.0,44970.0,54630.0,2020
99,U.S.,51-6099,"Textile, Apparel, and Furnishings Workers, All Other",detailed,16510.0,31070.0,28650.0,20570.0,23970.0,34700.0,46070.0,2020
99,U.S.,51-7011,Cabinetmakers and Bench Carpenters,detailed,93300.0,38900.0,36710.0,25310.0,29530.0,46500.0,57460.0,2020
99,U.S.,51-7021,Furniture Finishers,detailed,15590.0,35040.0,32970.0,24310.0,27950.0,39910.0,50000.0,2020
99,U.S.,51-7031,"Model Makers, Wood",detailed,800.0,62600.0,64050.0,38380.0,52160.0,75650.0,82710.0,2020
99,U.S.,51-7032,"Patternmakers, Wood",detailed,190.0,60750.0,65120.0,32380.0,45210.0,75690.0,83050.0,2020
99,U.S.,51-7041,"Sawing Machine Setters, Operators, and Tenders, Wood",detailed,48400.0,33290.0,31560.0,21680.0,26450.0,39010.0,48080.0,2020
99,U.S.,51-7042,"Woodworking Machine Setters, Operators, and Tenders, Except Sawing",detailed,75160.0,33540.0,32160.0,22490.0,26840.0,39130.0,47780.0,2020
99,U.S.,51-7099,"Woodworkers, All Other",detailed,7300.0,35710.0,33630.0,22480.0,26450.0,42720.0,53810.0,2020
99,U.S.,51-8011,Nuclear Power Reactor Operators,detailed,5310.0,104470.0,104040.0,76360.0,90600.0,121120.0,133170.0,2020
99,U.S.,51-8012,Power Distributors and Dispatchers,detailed,9940.0,93260.0,95100.0,58450.0,75850.0,109260.0,129010.0,2020
99,U.S.,51-8013,Power Plant Operators,detailed,32960.0,81890.0,84650.0,48090.0,65300.0,99890.0,111470.0,2020
99,U.S.,51-8021,Stationary Engineers and Boiler Operators,detailed,29550.0,68170.0,64680.0,40680.0,52650.0,81390.0,103580.0,2020
99,U.S.,51-8031,Water and Wastewater Treatment Plant and System Operators,detailed,119380.0,51890.0,49090.0,29730.0,37830.0,62890.0,79620.0,2020
99,U.S.,51-8091,Chemical Plant and System Operators,detailed,29710.0,65460.0,65960.0,38160.0,48430.0,81360.0,95860.0,2020
99,U.S.,51-8092,Gas Plant Operators,detailed,14990.0,73290.0,72970.0,44490.0,56870.0,87610.0,105770.0,2020
99,U.S.,51-8093,"Petroleum Pump System Operators, Refinery Operators, and Gaugers",detailed,40480.0,77610.0,78840.0,49420.0,62090.0,94830.0,104470.0,2020
99,U.S.,51-8099,"Plant and System Operators, All Other",detailed,14680.0,59600.0,58960.0,35220.0,45320.0,71270.0,83810.0,2020
99,U.S.,51-9011,Chemical Equipment Operators and Tenders,detailed,93060.0,53330.0,50510.0,30200.0,38200.0,66650.0,81730.0,2020
99,U.S.,51-9012,"Separating, Filtering, Clarifying, Precipitating, and Still Machine Setters, Operators, and Tenders",detailed,47930.0,46850.0,43100.0,27910.0,34230.0,55900.0,72220.0,2020
99,U.S.,51-9021,"Crushing, Grinding, and Polishing Machine Setters, Operators, and Tenders",detailed,32460.0,41290.0,39370.0,26610.0,31520.0,49470.0,60280.0,2020
99,U.S.,51-9022,"Grinding and Polishing Workers, Hand",detailed,24050.0,34380.0,31750.0,23360.0,27170.0,39310.0,49770.0,2020
99,U.S.,51-9023,"Mixing and Blending Machine Setters, Operators, and Tenders",detailed,116190.0,40960.0,38690.0,26720.0,31550.0,48820.0,60000.0,2020
99,U.S.,51-9031,"Cutters and Trimmers, Hand",detailed,7980.0,34190.0,31630.0,22880.0,26770.0,39150.0,50800.0,2020
99,U.S.,51-9032,"Cutting and Slicing Machine Setters, Operators, and Tenders",detailed,52760.0,38220.0,36980.0,26230.0,30290.0,45470.0,52650.0,2020
99,U.S.,51-9041,"Extruding, Forming, Pressing, and Compacting Machine Setters, Operators, and Tenders",detailed,63730.0,38440.0,36560.0,25830.0,29780.0,46010.0,55300.0,2020
99,U.S.,51-9051,"Furnace, Kiln, Oven, Drier, and Kettle Operators and Tenders",detailed,16880.0,41910.0,40670.0,27010.0,32670.0,50390.0,60310.0,2020
99,U.S.,51-9061,"Inspectors, Testers, Sorters, Samplers, and Weighers",detailed,549200.0,44580.0,40460.0,26240.0,31840.0,53500.0,68220.0,2020
99,U.S.,51-9071,Jewelers and Precious Stone and Metal Workers,detailed,18650.0,48050.0,41900.0,26050.0,32650.0,56730.0,77330.0,2020
99,U.S.,51-9081,Dental Laboratory Technicians,detailed,30800.0,45230.0,42110.0,27060.0,32480.0,54380.0,67010.0,2020
99,U.S.,51-9082,Medical Appliance Technicians,detailed,13710.0,45630.0,41750.0,27100.0,33350.0,54240.0,69850.0,2020
99,U.S.,51-9083,Ophthalmic Laboratory Technicians,detailed,26140.0,36640.0,34440.0,24120.0,28290.0,41810.0,51630.0,2020
99,U.S.,51-9111,Packaging and Filling Machine Operators and Tenders,detailed,370910.0,35220.0,32640.0,23670.0,27490.0,40640.0,51080.0,2020
99,U.S.,51-9123,"Painting, Coating, and Decorating Workers",detailed,11860.0,37540.0,34780.0,23760.0,28030.0,44090.0,55380.0,2020
99,U.S.,51-9124,"Coating, Painting, and Spraying Machine Setters, Operators, and Tenders",detailed,137510.0,42140.0,39060.0,26890.0,31820.0,49330.0,62010.0,2020
99,U.S.,51-9141,Semiconductor Processing Technicians,detailed,31080.0,45210.0,40500.0,28320.0,33280.0,54320.0,70320.0,2020
99,U.S.,51-9151,Photographic Process Workers and Processing Machine Operators,detailed,8880.0,39390.0,34720.0,23850.0,28140.0,47870.0,61950.0,2020
99,U.S.,51-9161,Computer Numerically Controlled Tool Operators,detailed,149120.0,44300.0,42260.0,28750.0,34500.0,52090.0,63460.0,2020
99,U.S.,51-9162,Computer Numerically Controlled Tool Programmers,detailed,25530.0,61010.0,57740.0,37730.0,46110.0,72100.0,88860.0,2020
99,U.S.,51-9191,Adhesive Bonding Machine Operators and Tenders,detailed,12400.0,37640.0,36280.0,25250.0,29410.0,45030.0,51960.0,2020
99,U.S.,51-9192,"Cleaning, Washing, and Metal Pickling Equipment Operators and Tenders",detailed,14060.0,34600.0,32230.0,24060.0,27720.0,39750.0,49740.0,2020
99,U.S.,51-9193,Cooling and Freezing Equipment Operators and Tenders,detailed,8020.0,39610.0,37650.0,26190.0,29920.0,48230.0,58290.0,2020
99,U.S.,51-9194,Etchers and Engravers,detailed,9490.0,35230.0,31790.0,21620.0,25630.0,42090.0,55140.0,2020
99,U.S.,51-9195,"Molders, Shapers, and Casters, Except Metal and Plastic",detailed,41660.0,37370.0,35440.0,25490.0,29190.0,43710.0,53290.0,2020
99,U.S.,51-9196,"Paper Goods Machine Setters, Operators, and Tenders",detailed,99890.0,41480.0,39820.0,26150.0,31320.0,50000.0,61510.0,2020
99,U.S.,51-9197,Tire Builders,detailed,18820.0,45980.0,46270.0,29860.0,36100.0,57070.0,63030.0,2020
99,U.S.,51-9198,Helpers--Production Workers,detailed,239340.0,32000.0,30500.0,21700.0,25930.0,37360.0,45180.0,2020
99,U.S.,51-9199,"Production Workers, All Other",detailed,194360.0,35620.0,31420.0,21380.0,25810.0,41100.0,54660.0,2020
99,U.S.,53-1041,Aircraft Cargo Handling Supervisors,detailed,10020.0,59620.0,53610.0,35920.0,42430.0,76600.0,86530.0,2020
99,U.S.,53-1047,"First-Line Supervisors of Transportation and Material Moving Workers, Except Aircraft Cargo Handling Supervisors",detailed,477430.0,58300.0,54870.0,34210.0,41370.0,70630.0,87480.0,2020
99,U.S.,53-2011,"Airline Pilots, Copilots, and Flight Engineers",detailed,83550.0,186870.0,160970.0,80920.0,106530.0,,,2020
99,U.S.,53-2012,Commercial Pilots,detailed,37120.0,110830.0,93300.0,47570.0,67070.0,132850.0,200920.0,2020
99,U.S.,53-2021,Air Traffic Controllers,detailed,22190.0,127440.0,130420.0,72760.0,90950.0,161820.0,184780.0,2020
99,U.S.,53-2022,Airfield Operations Specialists,detailed,10590.0,58360.0,51330.0,28660.0,35530.0,74430.0,98770.0,2020
99,U.S.,53-2031,Flight Attendants,detailed,116260.0,59150.0,59050.0,30930.0,43080.0,71550.0,84790.0,2020
99,U.S.,53-3011,"Ambulance Drivers and Attendants, Except Emergency Medical Technicians",detailed,14120.0,30700.0,27930.0,20660.0,23620.0,32880.0,41440.0,2020
99,U.S.,53-3031,Driver/Sales Workers,detailed,420890.0,31870.0,27960.0,18600.0,20830.0,39730.0,50910.0,2020
99,U.S.,53-3032,Heavy and Tractor-Trailer Truck Drivers,detailed,1797710.0,48710.0,47130.0,30660.0,37850.0,58010.0,69480.0,2020
99,U.S.,53-3033,Light Truck Drivers,detailed,929470.0,41050.0,37050.0,22470.0,27580.0,50850.0,70080.0,2020
99,U.S.,53-3052,"Bus Drivers, Transit and Intercity",detailed,162850.0,48110.0,45900.0,28330.0,35160.0,60630.0,72750.0,2020
99,U.S.,53-3058,"Passenger Vehicle Drivers, Except Bus Drivers, Transit and Intercity",detailed,599980.0,34360.0,32320.0,19830.0,25440.0,41060.0,50970.0,2020
99,U.S.,53-3099,"Motor Vehicle Operators, All Other",detailed,51390.0,40200.0,37170.0,21380.0,26350.0,52000.0,63230.0,2020
99,U.S.,53-4011,Locomotive Engineers,detailed,37110.0,70660.0,71870.0,43580.0,55960.0,84720.0,97430.0,2020
99,U.S.,53-4013,"Rail Yard Engineers, Dinkey Operators, and Hostlers",detailed,4580.0,55200.0,51720.0,35980.0,42340.0,64970.0,81010.0,2020
99,U.S.,53-4022,"Railroad Brake, Signal, and Switch Operators and Locomotive Firers",detailed,14630.0,55890.0,57870.0,35430.0,45160.0,65450.0,73620.0,2020
99,U.S.,53-4031,Railroad Conductors and Yardmasters,detailed,44920.0,65440.0,64030.0,43430.0,54910.0,76310.0,90520.0,2020
99,U.S.,53-4041,Subway and Streetcar Operators,detailed,11250.0,65480.0,69440.0,40880.0,52930.0,79830.0,86200.0,2020
99,U.S.,53-4099,"Rail Transportation Workers, All Other",detailed,1540.0,54670.0,47970.0,32670.0,37420.0,68340.0,85450.0,2020
99,U.S.,53-5011,Sailors and Marine Oilers,detailed,25570.0,55680.0,44920.0,25710.0,33100.0,60300.0,78190.0,2020
99,U.S.,53-5021,"Captains, Mates, and Pilots of Water Vessels",detailed,27590.0,89740.0,77130.0,36810.0,51770.0,108310.0,153070.0,2020
99,U.S.,53-5022,Motorboat Operators,detailed,2380.0,53500.0,55910.0,27820.0,37700.0,66020.0,77630.0,2020
99,U.S.,53-5031,Ship Engineers,detailed,7480.0,81110.0,75990.0,43440.0,55700.0,99830.0,131570.0,2020
99,U.S.,53-6011,Bridge and Lock Tenders,detailed,3080.0,49610.0,52340.0,28570.0,39020.0,60490.0,64810.0,2020
99,U.S.,53-6021,Parking Attendants,detailed,123790.0,27910.0,27080.0,19710.0,22970.0,31410.0,37390.0,2020
99,U.S.,53-6031,Automotive and Watercraft Service Attendants,detailed,112750.0,28150.0,26540.0,21100.0,23280.0,31330.0,38230.0,2020
99,U.S.,53-6041,Traffic Technicians,detailed,7430.0,53140.0,47800.0,32150.0,37550.0,65010.0,83150.0,2020
99,U.S.,53-6051,Transportation Inspectors,detailed,27360.0,81320.0,78400.0,35560.0,54580.0,107200.0,132710.0,2020
99,U.S.,53-6061,Passenger Attendants,detailed,22990.0,30410.0,28770.0,19840.0,24540.0,35930.0,40830.0,2020
99,U.S.,53-6098,"Aircraft Service Attendants and Transportation Workers, All Other",detailed,33430.0,43920.0,37790.0,23930.0,28940.0,57930.0,76910.0,2020
99,U.S.,53-7011,Conveyor Operators and Tenders,detailed,23160.0,37540.0,35770.0,25810.0,29640.0,43230.0,52040.0,2020
99,U.S.,53-7021,Crane and Tower Operators,detailed,44060.0,64010.0,59710.0,34170.0,44270.0,76190.0,95820.0,2020
99,U.S.,53-7031,Dredge Operators,detailed,1750.0,53790.0,49210.0,33420.0,39310.0,67900.0,81160.0,2020
99,U.S.,53-7041,Hoist and Winch Operators,detailed,4460.0,62730.0,62610.0,31310.0,42140.0,81860.0,98560.0,2020
99,U.S.,53-7051,Industrial Truck and Tractor Operators,detailed,640950.0,39210.0,37560.0,27390.0,31570.0,45570.0,53720.0,2020
99,U.S.,53-7061,Cleaners of Vehicles and Equipment,detailed,341660.0,29400.0,27640.0,19810.0,23380.0,32660.0,40610.0,2020
99,U.S.,53-7062,"Laborers and Freight, Stock, and Material Movers, Hand",detailed,2805200.0,33710.0,31120.0,22790.0,26550.0,38620.0,48650.0,2020
99,U.S.,53-7063,Machine Feeders and Offbearers,detailed,64240.0,34470.0,33000.0,24020.0,27860.0,39930.0,48570.0,2020
99,U.S.,53-7064,"Packers and Packagers, Hand",detailed,599270.0,29270.0,28050.0,20630.0,24180.0,32920.0,39580.0,2020
99,U.S.,53-7065,Stockers and Order Fillers,detailed,2210960.0,31010.0,29190.0,21410.0,24870.0,35490.0,42930.0,2020
99,U.S.,53-7071,Gas Compressor and Gas Pumping Station Operators,detailed,3800.0,63770.0,67840.0,36220.0,50400.0,78620.0,85230.0,2020
99,U.S.,53-7072,"Pump Operators, Except Wellhead Pumpers",detailed,10580.0,51830.0,48090.0,30200.0,37140.0,63510.0,81290.0,2020
99,U.S.,53-7073,Wellhead Pumpers,detailed,12050.0,60500.0,60720.0,34940.0,46590.0,74190.0,85110.0,2020
99,U.S.,53-7081,Refuse and Recyclable Material Collectors,detailed,120850.0,42620.0,39100.0,23880.0,30180.0,51530.0,67530.0,2020
99,U.S.,53-7121,"Tank Car, Truck, and Ship Loaders",detailed,12610.0,50670.0,45610.0,31110.0,36280.0,64940.0,79220.0,2020
99,U.S.,53-7199,"Material Moving Workers, All Other",detailed,26300.0,37770.0,32850.0,25050.0,27760.0,44480.0,59550.0,2020
99,U.S.,11-1011,Chief Executives,detailed,200480.0,213020.0,179520.0,60300.0,111080.0,,,2021
99,U.S.,11-1021,General and Operations Managers,detailed,2984920.0,115250.0,97970.0,43260.0,60690.0,151750.0,,2021
99,U.S.,11-1031,Legislators,detailed,44590.0,57110.0,37270.0,17850.0,22880.0,78510.0,100580.0,2021
99,U.S.,11-2011,Advertising and Promotions Managers,detailed,22520.0,142860.0,127150.0,61250.0,94020.0,172210.0,,2021
99,U.S.,11-2021,Marketing Managers,detailed,278690.0,153440.0,135030.0,77680.0,100010.0,192520.0,,2021
99,U.S.,11-2022,Sales Managers,detailed,453800.0,142390.0,127490.0,61090.0,84450.0,173010.0,,2021
99,U.S.,11-2032,Public Relations Managers,detailed,59850.0,138000.0,125780.0,66000.0,94660.0,164830.0,,2021
99,U.S.,11-2033,Fundraising Managers,detailed,23190.0,119400.0,100810.0,60400.0,77170.0,150920.0,204430.0,2021
99,U.S.,11-3012,Administrative Services Managers,detailed,224620.0,113030.0,100170.0,59470.0,77070.0,131130.0,168910.0,2021
99,U.S.,11-3013,Facilities Managers,detailed,101230.0,101970.0,97930.0,59010.0,74700.0,125940.0,161140.0,2021
99,U.S.,11-3021,Computer and Information Systems Managers,detailed,485190.0,162930.0,159010.0,95220.0,122820.0,198750.0,,2021
99,U.S.,11-3031,Financial Managers,detailed,681070.0,153460.0,131710.0,77040.0,99620.0,191860.0,,2021
99,U.S.,11-3051,Industrial Production Managers,detailed,192270.0,117780.0,103150.0,64150.0,80190.0,134130.0,170470.0,2021
99,U.S.,11-3061,Purchasing Managers,detailed,69310.0,134590.0,127150.0,77310.0,98720.0,162630.0,206540.0,2021
99,U.S.,11-3071,"Transportation, Storage, and Distribution Managers",detailed,144640.0,105580.0,98230.0,58570.0,75290.0,126600.0,162770.0,2021
99,U.S.,11-3111,Compensation and Benefits Managers,detailed,15330.0,139470.0,127530.0,77040.0,98720.0,163870.0,,2021
99,U.S.,11-3121,Human Resources Managers,detailed,166530.0,136590.0,126230.0,75000.0,95310.0,163360.0,,2021
99,U.S.,11-3131,Training and Development Managers,detailed,35830.0,128800.0,120130.0,64370.0,90980.0,161520.0,207420.0,2021
99,U.S.,11-9013,"Farmers, Ranchers, and Other Agricultural Managers",detailed,5220.0,78440.0,73060.0,38200.0,49940.0,96520.0,126330.0,2021
99,U.S.,11-9021,Construction Managers,detailed,284750.0,108210.0,98890.0,60050.0,76960.0,127110.0,163800.0,2021
99,U.S.,11-9031,"Education and Childcare Administrators, Preschool and Daycare",detailed,56430.0,53800.0,47310.0,31200.0,37200.0,60010.0,78350.0,2021
99,U.S.,11-9032,"Education Administrators, Kindergarten through Secondary",detailed,274710.0,102650.0,98420.0,61480.0,77450.0,125520.0,153520.0,2021
99,U.S.,11-9033,"Education Administrators, Postsecondary",detailed,155990.0,111260.0,96910.0,59150.0,74730.0,128020.0,190770.0,2021
99,U.S.,11-9039,"Education Administrators, All Other",detailed,49970.0,94730.0,90560.0,47630.0,62190.0,119400.0,150540.0,2021
99,U.S.,11-9041,Architectural and Engineering Managers,detailed,187100.0,158970.0,152350.0,99350.0,125470.0,190420.0,,2021
99,U.S.,11-9051,Food Service Managers,detailed,210680.0,63970.0,59440.0,36630.0,46590.0,76130.0,98070.0,2021
99,U.S.,11-9071,Gambling Managers,detailed,3660.0,89190.0,76910.0,47580.0,60150.0,100170.0,145770.0,2021
99,U.S.,11-9072,"Entertainment and Recreation Managers, Except Gambling",detailed,17800.0,73810.0,62000.0,37020.0,47850.0,90870.0,124120.0,2021
99,U.S.,11-9081,Lodging Managers,detailed,35920.0,67770.0,59430.0,35530.0,46400.0,77510.0,103780.0,2021
99,U.S.,11-9111,Medical and Health Services Managers,detailed,436770.0,119840.0,101340.0,60780.0,77750.0,135750.0,205620.0,2021
99,U.S.,11-9121,Natural Sciences Managers,detailed,74760.0,156110.0,137900.0,75040.0,101400.0,202910.0,,2021
99,U.S.,11-9131,Postmasters and Mail Superintendents,detailed,12750.0,81820.0,80250.0,68970.0,74030.0,89610.0,98610.0,2021
99,U.S.,11-9141,"Property, Real Estate, and Community Association Managers",detailed,234680.0,70030.0,59230.0,30740.0,42420.0,79420.0,124680.0,2021
99,U.S.,11-9151,Social and Community Service Managers,detailed,156400.0,76790.0,74000.0,46550.0,58490.0,93950.0,118650.0,2021
99,U.S.,11-9161,Emergency Management Directors,detailed,10320.0,84800.0,76730.0,46670.0,59350.0,100450.0,133580.0,2021
99,U.S.,11-9171,Funeral Home Managers,detailed,12710.0,82900.0,74000.0,42260.0,50200.0,97980.0,135660.0,2021
99,U.S.,11-9179,"Personal Service Managers, All Other",detailed,7350.0,59580.0,60360.0,31350.0,46700.0,60890.0,84170.0,2021
99,U.S.,11-9199,"Managers, All Other",detailed,497890.0,129710.0,124650.0,60390.0,80890.0,162380.0,,2021
99,U.S.,13-1011,"Agents and Business Managers of Artists, Performers, and Athletes",detailed,12480.0,116410.0,78410.0,47370.0,61160.0,162930.0,,2021
99,U.S.,13-1020,Buyers and Purchasing Agents,detailed,439020.0,72540.0,63470.0,38430.0,49150.0,87820.0,111200.0,2021
99,U.S.,13-1031,"Claims Adjusters, Examiners, and Investigators",detailed,278140.0,70960.0,65080.0,41490.0,49620.0,81890.0,101290.0,2021
99,U.S.,13-1032,"Insurance Appraisers, Auto Damage",detailed,11430.0,68180.0,62680.0,47240.0,58850.0,79110.0,91680.0,2021
99,U.S.,13-1041,Compliance Officers,detailed,334340.0,75810.0,71650.0,38950.0,50020.0,96660.0,117500.0,2021
99,U.S.,13-1051,Cost Estimators,detailed,208950.0,73740.0,65170.0,38880.0,49600.0,89210.0,115690.0,2021
99,U.S.,13-1071,Human Resources Specialists,detailed,740830.0,70720.0,62290.0,37680.0,48080.0,81090.0,108160.0,2021
99,U.S.,13-1074,Farm Labor Contractors,detailed,440.0,54400.0,47770.0,31990.0,38140.0,61700.0,81100.0,2021
99,U.S.,13-1075,Labor Relations Specialists,detailed,63810.0,77070.0,77010.0,22880.0,49310.0,100180.0,126330.0,2021
99,U.S.,13-1081,Logisticians,detailed,189320.0,79230.0,77030.0,45160.0,59740.0,98680.0,122390.0,2021
99,U.S.,13-1082,Project Management Specialists,detailed,743860.0,98420.0,94500.0,49750.0,64250.0,125430.0,159140.0,2021
99,U.S.,13-1111,Management Analysts,detailed,768450.0,100530.0,93000.0,50190.0,64150.0,124430.0,163760.0,2021
99,U.S.,13-1121,"Meeting, Convention, and Event Planners",detailed,98150.0,57850.0,49470.0,30170.0,38430.0,67480.0,96230.0,2021
99,U.S.,13-1131,Fundraisers,detailed,82080.0,64870.0,60660.0,37020.0,47250.0,78470.0,100620.0,2021
99,U.S.,13-1141,"Compensation, Benefits, and Job Analysis Specialists",detailed,87750.0,73810.0,64120.0,42760.0,49800.0,83720.0,106160.0,2021
99,U.S.,13-1151,Training and Development Specialists,detailed,336030.0,67620.0,61570.0,31340.0,47040.0,80510.0,103240.0,2021
99,U.S.,13-1161,Market Research Analysts and Marketing Specialists,detailed,727540.0,76080.0,63920.0,37570.0,48400.0,97600.0,128320.0,2021
99,U.S.,13-1199,"Business Operations Specialists, All Other",detailed,1030330.0,79240.0,74670.0,38050.0,49630.0,98490.0,128030.0,2021
99,U.S.,13-2011,Accountants and Auditors,detailed,1318550.0,83980.0,77250.0,47970.0,60760.0,99800.0,128970.0,2021
99,U.S.,13-2020,Property Appraisers and Assessors,detailed,58340.0,70050.0,61340.0,35520.0,47040.0,81050.0,120790.0,2021
99,U.S.,13-2031,Budget Analysts,detailed,47440.0,84240.0,79940.0,49330.0,62750.0,101730.0,124440.0,2021
99,U.S.,13-2041,Credit Analysts,detailed,68770.0,88030.0,77440.0,47630.0,60490.0,101250.0,153560.0,2021
99,U.S.,13-2051,Financial and Investment Analysts,detailed,291880.0,103020.0,91580.0,57900.0,66030.0,124610.0,166560.0,2021
99,U.S.,13-2052,Personal Financial Advisors,detailed,263030.0,119960.0,94170.0,47570.0,61200.0,158890.0,,2021
99,U.S.,13-2053,Insurance Underwriters,detailed,107690.0,79940.0,76390.0,47330.0,58840.0,98270.0,126380.0,2021
99,U.S.,13-2054,Financial Risk Specialists,detailed,54320.0,110610.0,100000.0,59370.0,77310.0,131910.0,171000.0,2021
99,U.S.,13-2061,Financial Examiners,detailed,60750.0,96180.0,81410.0,48830.0,62320.0,122030.0,160850.0,2021
99,U.S.,13-2071,Credit Counselors,detailed,31230.0,50430.0,47580.0,35240.0,37900.0,59390.0,75230.0,2021
99,U.S.,13-2072,Loan Officers,detailed,340170.0,80570.0,63380.0,32520.0,47490.0,98130.0,138310.0,2021
99,U.S.,13-2081,"Tax Examiners and Collectors, and Revenue Agents",detailed,52270.0,63200.0,56780.0,35260.0,43590.0,80580.0,102840.0,2021
99,U.S.,13-2082,Tax Preparers,detailed,83190.0,51080.0,46290.0,23930.0,30340.0,62100.0,85470.0,2021
99,U.S.,13-2099,"Financial Specialists, All Other",detailed,123200.0,80370.0,73240.0,38220.0,50120.0,98680.0,129010.0,2021
99,U.S.,15-1211,Computer Systems Analysts,detailed,505150.0,102210.0,99270.0,60680.0,77620.0,126780.0,158010.0,2021
99,U.S.,15-1212,Information Security Analysts,detailed,157220.0,113270.0,102600.0,61520.0,79400.0,131340.0,165920.0,2021
99,U.S.,15-1221,Computer and Information Research Scientists,detailed,30840.0,142650.0,131490.0,74210.0,99140.0,164280.0,,2021
99,U.S.,15-1231,Computer Network Support Specialists,detailed,176200.0,71350.0,62760.0,38560.0,48900.0,80220.0,102410.0,2021
99,U.S.,15-1232,Computer User Support Specialists,detailed,654310.0,57650.0,49770.0,34220.0,39380.0,68130.0,91060.0,2021
99,U.S.,15-1241,Computer Network Architects,detailed,168830.0,120650.0,120520.0,63240.0,83870.0,151960.0,168890.0,2021
99,U.S.,15-1242,Database Administrators,detailed,85870.0,96550.0,96710.0,48880.0,63160.0,124550.0,151400.0,2021
99,U.S.,15-1243,Database Architects,detailed,50440.0,121840.0,123430.0,63260.0,81110.0,156140.0,169500.0,2021
99,U.S.,15-1244,Network and Computer Systems Administrators,detailed,316760.0,91250.0,80600.0,49560.0,62970.0,102720.0,130830.0,2021
99,U.S.,15-1251,Computer Programmers,detailed,152610.0,96650.0,93000.0,47560.0,62840.0,122600.0,155240.0,2021
99,U.S.,15-1252,Software Developers,detailed,1364180.0,120990.0,120730.0,64470.0,90870.0,151960.0,168570.0,2021
99,U.S.,15-1253,Software Quality Assurance Analysts and Testers,detailed,190120.0,97710.0,98220.0,48960.0,71910.0,124550.0,153250.0,2021
99,U.S.,15-1254,Web Developers,detailed,84820.0,81320.0,77030.0,38280.0,51100.0,100670.0,129760.0,2021
99,U.S.,15-1255,Web and Digital Interface Designers,detailed,82380.0,95460.0,79890.0,38550.0,57220.0,126110.0,168200.0,2021
99,U.S.,15-1299,"Computer Occupations, All Other",detailed,370190.0,98180.0,95270.0,45630.0,61920.0,127360.0,162410.0,2021
99,U.S.,15-2011,Actuaries,detailed,23040.0,125300.0,105900.0,63260.0,80320.0,153310.0,206820.0,2021
99,U.S.,15-2021,Mathematicians,detailed,1770.0,112430.0,108100.0,61760.0,78850.0,134780.0,169500.0,2021
99,U.S.,15-2031,Operations Research Analysts,detailed,98700.0,95830.0,82360.0,48690.0,61940.0,119240.0,160850.0,2021
99,U.S.,15-2041,Statisticians,detailed,31370.0,99450.0,95570.0,49350.0,70120.0,125800.0,157300.0,2021
99,U.S.,15-2051,Data Scientists,detailed,105980.0,108660.0,100910.0,59430.0,77620.0,130770.0,167040.0,2021
99,U.S.,15-2099,"Mathematical Science Occupations, All Other",detailed,3970.0,77960.0,62460.0,35460.0,47330.0,97080.0,144120.0,2021
99,U.S.,17-1011,"Architects, Except Landscape and Naval",detailed,100400.0,91900.0,80180.0,48930.0,62500.0,102160.0,129980.0,2021
99,U.S.,17-1012,Landscape Architects,detailed,17430.0,74980.0,67950.0,43260.0,51420.0,94310.0,115380.0,2021
99,U.S.,17-1021,Cartographers and Photogrammetrists,detailed,12610.0,73510.0,68900.0,47230.0,58000.0,86000.0,103450.0,2021
99,U.S.,17-1022,Surveyors,detailed,46390.0,68880.0,61600.0,37360.0,47690.0,79600.0,101240.0,2021
99,U.S.,17-2011,Aerospace Engineers,detailed,56640.0,122970.0,122270.0,77440.0,96130.0,152950.0,168370.0,2021
99,U.S.,17-2021,Agricultural Engineers,detailed,1120.0,87350.0,82640.0,55810.0,61740.0,99880.0,127030.0,2021
99,U.S.,17-2031,Bioengineers and Biomedical Engineers,detailed,17190.0,101020.0,97410.0,60680.0,75780.0,123400.0,154750.0,2021
99,U.S.,17-2041,Chemical Engineers,detailed,24180.0,121840.0,105550.0,62730.0,80140.0,139310.0,187430.0,2021
99,U.S.,17-2051,Civil Engineers,detailed,304310.0,95490.0,88050.0,60550.0,74250.0,117270.0,133320.0,2021
99,U.S.,17-2061,Computer Hardware Engineers,detailed,73750.0,136230.0,128170.0,77100.0,99880.0,164930.0,,2021
99,U.S.,17-2071,Electrical Engineers,detailed,186020.0,107890.0,100420.0,62360.0,78500.0,128560.0,162930.0,2021
99,U.S.,17-2072,"Electronics Engineers, Except Computer",detailed,107170.0,115490.0,104820.0,73630.0,81500.0,133320.0,166890.0,2021
99,U.S.,17-2081,Environmental Engineers,detailed,42660.0,100220.0,96820.0,59820.0,74850.0,126190.0,153200.0,2021
99,U.S.,17-2111,"Health and Safety Engineers, Except Mining Safety Engineers and Inspectors",detailed,22870.0,99700.0,99040.0,58490.0,76650.0,126780.0,150720.0,2021
99,U.S.,17-2112,Industrial Engineers,detailed,293950.0,95200.0,95300.0,60850.0,76650.0,105530.0,129620.0,2021
99,U.S.,17-2121,Marine Engineers and Naval Architects,detailed,7380.0,97820.0,93370.0,56550.0,76600.0,118610.0,151880.0,2021
99,U.S.,17-2131,Materials Engineers,detailed,21530.0,101950.0,98300.0,60580.0,76650.0,127110.0,161080.0,2021
99,U.S.,17-2141,Mechanical Engineers,detailed,278240.0,97000.0,95300.0,60750.0,76050.0,120180.0,136210.0,2021
99,U.S.,17-2151,"Mining and Geological Engineers, Including Mining Safety Engineers",detailed,7370.0,100450.0,97090.0,48690.0,70110.0,127530.0,162720.0,2021
99,U.S.,17-2161,Nuclear Engineers,detailed,12670.0,121760.0,120380.0,75460.0,93840.0,136240.0,169000.0,2021
99,U.S.,17-2171,Petroleum Engineers,detailed,22100.0,145720.0,130850.0,78390.0,100880.0,167750.0,,2021
99,U.S.,17-2199,"Engineers, All Other",detailed,151940.0,107800.0,100640.0,58730.0,77560.0,130650.0,164690.0,2021
99,U.S.,17-3011,Architectural and Civil Drafters,detailed,101310.0,60620.0,60340.0,37370.0,47450.0,74940.0,80560.0,2021
99,U.S.,17-3012,Electrical and Electronics Drafters,detailed,20830.0,67090.0,61510.0,38120.0,48460.0,78700.0,99210.0,2021
99,U.S.,17-3013,Mechanical Drafters,detailed,47760.0,62650.0,60200.0,37590.0,47230.0,76150.0,95860.0,2021
99,U.S.,17-3019,"Drafters, All Other",detailed,15300.0,58330.0,54240.0,36900.0,46150.0,67880.0,85470.0,2021
99,U.S.,17-3021,Aerospace Engineering and Operations Technologists and Technicians,detailed,10900.0,73510.0,73580.0,47040.0,57780.0,94530.0,103260.0,2021
99,U.S.,17-3022,Civil Engineering Technologists and Technicians,detailed,64170.0,58000.0,58320.0,36550.0,42110.0,73280.0,79650.0,2021
99,U.S.,17-3023,Electrical and Electronic Engineering Technologists and Technicians,detailed,101450.0,69070.0,63640.0,39840.0,49330.0,79080.0,99210.0,2021
99,U.S.,17-3024,Electro-Mechanical and Mechatronics Technologists and Technicians,detailed,11590.0,63880.0,60360.0,37650.0,47680.0,76920.0,98070.0,2021
99,U.S.,17-3025,Environmental Engineering Technologists and Technicians,detailed,14910.0,56590.0,48390.0,35870.0,37850.0,66870.0,84740.0,2021
99,U.S.,17-3026,Industrial Engineering Technologists and Technicians,detailed,62030.0,61230.0,60220.0,37790.0,47410.0,75600.0,85530.0,2021
99,U.S.,17-3027,Mechanical Engineering Technologists and Technicians,detailed,40180.0,63390.0,60460.0,37670.0,47700.0,76600.0,95300.0,2021
99,U.S.,17-3028,Calibration Technologists and Technicians,detailed,8500.0,62800.0,60340.0,36930.0,47110.0,76920.0,95820.0,2021
99,U.S.,17-3029,"Engineering Technologists and Technicians, Except Drafters, All Other",detailed,73600.0,68290.0,61950.0,37530.0,47690.0,81490.0,101240.0,2021
99,U.S.,17-3031,Surveying and Mapping Technicians,detailed,56070.0,49810.0,46910.0,29770.0,36960.0,59790.0,76130.0,2021
99,U.S.,19-1011,Animal Scientists,detailed,2790.0,80390.0,65090.0,46930.0,52430.0,89610.0,129470.0,2021
99,U.S.,19-1012,Food Scientists and Technologists,detailed,13510.0,84150.0,78340.0,45010.0,60130.0,101180.0,130540.0,2021
99,U.S.,19-1013,Soil and Plant Scientists,detailed,15610.0,76290.0,66750.0,39980.0,50230.0,93770.0,126950.0,2021
99,U.S.,19-1021,Biochemists and Biophysicists,detailed,35050.0,113460.0,102270.0,61090.0,79000.0,132390.0,167210.0,2021
99,U.S.,19-1022,Microbiologists,detailed,19430.0,87820.0,79260.0,47630.0,59860.0,110010.0,136780.0,2021
99,U.S.,19-1023,Zoologists and Wildlife Biologists,detailed,15930.0,70300.0,64650.0,42420.0,50520.0,81690.0,103900.0,2021
99,U.S.,19-1029,"Biological Scientists, All Other",detailed,47050.0,90010.0,82530.0,48260.0,62490.0,104210.0,133830.0,2021
99,U.S.,19-1031,Conservation Scientists,detailed,22550.0,68230.0,63750.0,38670.0,49340.0,81500.0,100440.0,2021
99,U.S.,19-1032,Foresters,detailed,9500.0,67710.0,64110.0,43280.0,50510.0,79530.0,98330.0,2021
99,U.S.,19-1041,Epidemiologists,detailed,8180.0,86740.0,78830.0,50100.0,62350.0,101600.0,130050.0,2021
99,U.S.,19-1042,"Medical Scientists, Except Epidemiologists",detailed,108550.0,104050.0,95310.0,50100.0,62800.0,130090.0,166980.0,2021
99,U.S.,19-1099,"Life Scientists, All Other",detailed,6820.0,94430.0,81500.0,48620.0,61830.0,113400.0,151900.0,2021
99,U.S.,19-2011,Astronomers,detailed,1930.0,139410.0,128160.0,61910.0,80110.0,172490.0,,2021
99,U.S.,19-2012,Physicists,detailed,20020.0,151580.0,152430.0,78870.0,107030.0,184280.0,,2021
99,U.S.,19-2021,Atmospheric and Space Scientists,detailed,8520.0,96880.0,94570.0,48600.0,65110.0,119770.0,150760.0,2021
99,U.S.,19-2031,Chemists,detailed,80600.0,89130.0,79430.0,48100.0,61540.0,107140.0,134780.0,2021
99,U.S.,19-2032,Materials Scientists,detailed,6690.0,104790.0,100090.0,56380.0,77500.0,130400.0,162950.0,2021
99,U.S.,19-2041,"Environmental Scientists and Specialists, Including Health",detailed,76890.0,81240.0,76530.0,46200.0,58200.0,99090.0,129070.0,2021
99,U.S.,19-2042,"Geoscientists, Except Hydrologists and Geographers",detailed,23620.0,103550.0,83680.0,48880.0,62540.0,128920.0,172490.0,2021
99,U.S.,19-2043,Hydrologists,detailed,6390.0,94780.0,84030.0,51120.0,64670.0,106440.0,135170.0,2021
99,U.S.,19-2099,"Physical Scientists, All Other",detailed,19680.0,113220.0,104100.0,52060.0,78320.0,141540.0,172490.0,2021
99,U.S.,19-3011,Economists,detailed,15640.0,120830.0,105630.0,62460.0,79760.0,151110.0,193690.0,2021
99,U.S.,19-3022,Survey Researchers,detailed,8850.0,64690.0,59740.0,26360.0,38840.0,78560.0,101180.0,2021
99,U.S.,19-3032,Industrial-Organizational Psychologists,detailed,610.0,113320.0,105310.0,63750.0,79590.0,135070.0,168300.0,2021
99,U.S.,19-3033,Clinical and Counseling Psychologists,detailed,58100.0,99640.0,82510.0,47010.0,62040.0,126590.0,167460.0,2021
99,U.S.,19-3034,School Psychologists,detailed,57110.0,82770.0,78780.0,49260.0,62070.0,100040.0,124950.0,2021
99,U.S.,19-3039,"Psychologists, All Other",detailed,13800.0,98010.0,102900.0,39760.0,73910.0,120240.0,133200.0,2021
99,U.S.,19-3041,Sociologists,detailed,2640.0,96260.0,92910.0,60770.0,65530.0,114300.0,135420.0,2021
99,U.S.,19-3051,Urban and Regional Planners,detailed,38940.0,81310.0,78500.0,48720.0,61880.0,99090.0,119340.0,2021
99,U.S.,19-3091,Anthropologists and Archeologists,detailed,6650.0,66800.0,61910.0,37870.0,48420.0,78930.0,99830.0,2021
99,U.S.,19-3092,Geographers,detailed,1440.0,86740.0,85220.0,53410.0,64740.0,102060.0,118380.0,2021
99,U.S.,19-3093,Historians,detailed,2910.0,72130.0,63940.0,37310.0,48440.0,92540.0,118380.0,2021
99,U.S.,19-3094,Political Scientists,detailed,5650.0,120430.0,122510.0,61480.0,82450.0,155190.0,172490.0,2021
99,U.S.,19-3099,"Social Scientists and Related Workers, All Other",detailed,34330.0,90900.0,84430.0,50230.0,66210.0,109780.0,133240.0,2021
99,U.S.,19-4012,Agricultural Technicians,detailed,13560.0,44850.0,40430.0,29010.0,32160.0,50860.0,62200.0,2021
99,U.S.,19-4013,Food Science Technicians,detailed,11530.0,47870.0,46590.0,33710.0,37650.0,55260.0,62920.0,2021
99,U.S.,19-4021,Biological Technicians,detailed,76150.0,51770.0,48140.0,31170.0,37820.0,61530.0,78090.0,2021
99,U.S.,19-4031,Chemical Technicians,detailed,57690.0,55040.0,48990.0,31980.0,38740.0,63180.0,80570.0,2021
99,U.S.,19-4042,"Environmental Science and Protection Technicians, Including Health",detailed,34110.0,50550.0,47370.0,30050.0,37210.0,59860.0,76810.0,2021
99,U.S.,19-4043,"Geological Technicians, Except Hydrologic Technicians",detailed,9210.0,59080.0,48310.0,30590.0,38620.0,73690.0,98650.0,2021
99,U.S.,19-4044,Hydrologic Technicians,detailed,3550.0,71760.0,62280.0,38310.0,46410.0,84570.0,130050.0,2021
99,U.S.,19-4051,Nuclear Technicians,detailed,5360.0,95200.0,99340.0,60490.0,78810.0,106260.0,126600.0,2021
99,U.S.,19-4061,Social Science Research Assistants,detailed,28690.0,56430.0,49720.0,31240.0,44800.0,61970.0,79140.0,2021
99,U.S.,19-4071,Forest and Conservation Technicians,detailed,30440.0,43420.0,39290.0,29670.0,32260.0,51580.0,61750.0,2021
99,U.S.,19-4092,Forensic Science Technicians,detailed,17020.0,66850.0,61930.0,37670.0,47750.0,80670.0,103430.0,2021
99,U.S.,19-4099,"Life, Physical, and Social Science Technicians, All Other",detailed,62230.0,55420.0,49030.0,30240.0,37830.0,63180.0,80810.0,2021
99,U.S.,19-5011,Occupational Health and Safety Specialists,detailed,106340.0,78740.0,77560.0,44040.0,59490.0,98650.0,118510.0,2021
99,U.S.,19-5012,Occupational Health and Safety Technicians,detailed,21750.0,57560.0,51120.0,30330.0,38840.0,73860.0,91260.0,2021
99,U.S.,21-1012,"Educational, Guidance, and Career Counselors and Advisors",detailed,296370.0,63090.0,60510.0,37550.0,47390.0,77210.0,98190.0,2021
99,U.S.,21-1013,Marriage and Family Therapists,detailed,54800.0,59660.0,49880.0,37050.0,42910.0,75410.0,96520.0,2021
99,U.S.,21-1015,Rehabilitation Counselors,detailed,90310.0,44740.0,38560.0,28890.0,30610.0,52920.0,65880.0,2021
99,U.S.,21-1018,"Substance Abuse, Behavioral Disorder, and Mental Health Counselors",detailed,310880.0,53490.0,48520.0,30870.0,38520.0,61660.0,77980.0,2021
99,U.S.,21-1019,"Counselors, All Other",detailed,29480.0,49730.0,45160.0,29490.0,37060.0,58090.0,76780.0,2021
99,U.S.,21-1021,"Child, Family, and School Social Workers",detailed,340050.0,54880.0,49150.0,35820.0,38900.0,62560.0,78710.0,2021
99,U.S.,21-1022,Healthcare Social Workers,detailed,173860.0,62310.0,60840.0,37630.0,47630.0,76920.0,86820.0,2021
99,U.S.,21-1023,Mental Health and Substance Abuse Social Workers,detailed,113810.0,57800.0,49130.0,31010.0,38630.0,69260.0,97300.0,2021
99,U.S.,21-1029,"Social Workers, All Other",detailed,49730.0,63010.0,61190.0,36780.0,46340.0,80040.0,93540.0,2021
99,U.S.,21-1091,Health Education Specialists,detailed,55830.0,64930.0,60600.0,37020.0,46770.0,78220.0,102480.0,2021
99,U.S.,21-1092,Probation Officers and Correctional Treatment Specialists,detailed,92140.0,63290.0,60250.0,37380.0,46920.0,77020.0,99090.0,2021
99,U.S.,21-1093,Social and Human Service Assistants,detailed,398380.0,40460.0,37610.0,27910.0,30440.0,46960.0,59490.0,2021
99,U.S.,21-1094,Community Health Workers,detailed,61010.0,47780.0,46590.0,30440.0,36940.0,59280.0,70720.0,2021
99,U.S.,21-1099,"Community and Social Service Specialists, All Other",detailed,90770.0,50510.0,47390.0,29520.0,37170.0,60300.0,76630.0,2021
99,U.S.,21-2011,Clergy,detailed,50790.0,57230.0,49720.0,30450.0,38800.0,63560.0,80920.0,2021
99,U.S.,21-2021,"Directors, Religious Activities and Education",detailed,21000.0,52880.0,46980.0,29030.0,36440.0,61480.0,90470.0,2021
99,U.S.,21-2099,"Religious Workers, All Other",detailed,10490.0,43290.0,37500.0,24710.0,29170.0,49060.0,73700.0,2021
99,U.S.,23-1011,Lawyers,detailed,681010.0,148030.0,127990.0,61400.0,81620.0,194580.0,,2021
99,U.S.,23-1012,Judicial Law Clerks,detailed,14800.0,62730.0,50750.0,36520.0,43580.0,74390.0,102080.0,2021
99,U.S.,23-1021,"Administrative Law Judges, Adjudicators, and Hearing Officers",detailed,13840.0,104160.0,102550.0,47580.0,63850.0,132490.0,180520.0,2021
99,U.S.,23-1022,"Arbitrators, Mediators, and Conciliators",detailed,7320.0,62350.0,49410.0,29990.0,36910.0,75940.0,110350.0,2021
99,U.S.,23-1023,"Judges, Magistrate Judges, and Magistrates",detailed,27790.0,142520.0,148030.0,46490.0,81150.0,171230.0,,2021
99,U.S.,23-2011,Paralegals and Legal Assistants,detailed,336250.0,58330.0,56230.0,36410.0,45390.0,72750.0,88640.0,2021
99,U.S.,23-2093,"Title Examiners, Abstractors, and Searchers",detailed,51040.0,52390.0,47310.0,30350.0,37240.0,61300.0,77040.0,2021
99,U.S.,23-2099,"Legal Support Workers, All Other",detailed,46090.0,73000.0,59790.0,36090.0,46070.0,94520.0,141540.0,2021
99,U.S.,25-1011,"Business Teachers, Postsecondary",detailed,79640.0,105720.0,94360.0,46910.0,61760.0,132070.0,198240.0,2021
99,U.S.,25-1021,"Computer Science Teachers, Postsecondary",detailed,37600.0,89610.0,77910.0,47280.0,50010.0,105950.0,156650.0,2021
99,U.S.,25-1022,"Mathematical Science Teachers, Postsecondary",detailed,44140.0,87980.0,77580.0,45280.0,60310.0,103420.0,155350.0,2021
99,U.S.,25-1031,"Architecture Teachers, Postsecondary",detailed,5950.0,98600.0,95160.0,48720.0,64490.0,124440.0,157700.0,2021
99,U.S.,25-1032,"Engineering Teachers, Postsecondary",detailed,35440.0,115590.0,104940.0,60380.0,78130.0,134760.0,182590.0,2021
99,U.S.,25-1041,"Agricultural Sciences Teachers, Postsecondary",detailed,8570.0,97520.0,95910.0,48720.0,64280.0,123630.0,157210.0,2021
99,U.S.,25-1042,"Biological Science Teachers, Postsecondary",detailed,47690.0,98710.0,81440.0,48720.0,61750.0,123730.0,169410.0,2021
99,U.S.,25-1043,"Forestry and Conservation Science Teachers, Postsecondary",detailed,1180.0,93510.0,82330.0,50280.0,63300.0,105250.0,134760.0,2021
99,U.S.,25-1051,"Atmospheric, Earth, Marine, and Space Sciences Teachers, Postsecondary",detailed,10250.0,102840.0,98070.0,49730.0,64030.0,127670.0,165240.0,2021
99,U.S.,25-1052,"Chemistry Teachers, Postsecondary",detailed,20260.0,94060.0,79410.0,49330.0,62060.0,104270.0,157670.0,2021
99,U.S.,25-1053,"Environmental Science Teachers, Postsecondary",detailed,5440.0,92210.0,81980.0,47760.0,62160.0,105850.0,150150.0,2021
99,U.S.,25-1054,"Physics Teachers, Postsecondary",detailed,12460.0,99480.0,93070.0,49000.0,62540.0,124660.0,164150.0,2021
99,U.S.,25-1061,"Anthropology and Archeology Teachers, Postsecondary",detailed,5010.0,102110.0,97340.0,50580.0,64490.0,125150.0,163070.0,2021
99,U.S.,25-1062,"Area, Ethnic, and Cultural Studies Teachers, Postsecondary",detailed,9040.0,91680.0,78910.0,45650.0,61690.0,103890.0,161290.0,2021
99,U.S.,25-1063,"Economics Teachers, Postsecondary",detailed,11790.0,124090.0,104940.0,58330.0,78400.0,157320.0,,2021
99,U.S.,25-1064,"Geography Teachers, Postsecondary",detailed,3440.0,88150.0,81440.0,48960.0,63600.0,102720.0,131040.0,2021
99,U.S.,25-1065,"Political Science Teachers, Postsecondary",detailed,14060.0,98980.0,81980.0,48990.0,63050.0,122690.0,164670.0,2021
99,U.S.,25-1066,"Psychology Teachers, Postsecondary",detailed,36060.0,88390.0,77860.0,43050.0,60740.0,102040.0,155270.0,2021
99,U.S.,25-1067,"Sociology Teachers, Postsecondary",detailed,12550.0,87850.0,77980.0,46870.0,61420.0,101010.0,155270.0,2021
99,U.S.,25-1069,"Social Sciences Teachers, Postsecondary, All Other",detailed,16140.0,87320.0,77500.0,38080.0,60270.0,102230.0,155580.0,2021
99,U.S.,25-1071,"Health Specialties Teachers, Postsecondary",detailed,191830.0,133310.0,102720.0,48890.0,64630.0,172680.0,,2021
99,U.S.,25-1072,"Nursing Instructors and Teachers, Postsecondary",detailed,68060.0,82040.0,77440.0,47630.0,61390.0,98680.0,125930.0,2021
99,U.S.,25-1081,"Education Teachers, Postsecondary",detailed,58780.0,76990.0,63910.0,31200.0,48780.0,97450.0,127420.0,2021
99,U.S.,25-1082,"Library Science Teachers, Postsecondary",detailed,4330.0,80850.0,77100.0,48390.0,61350.0,97340.0,124680.0,2021
99,U.S.,25-1111,"Criminal Justice and Law Enforcement Teachers, Postsecondary",detailed,13790.0,81730.0,64600.0,38850.0,50770.0,99330.0,132340.0,2021
99,U.S.,25-1112,"Law Teachers, Postsecondary",detailed,14110.0,130820.0,123470.0,48760.0,73150.0,168210.0,,2021
99,U.S.,25-1113,"Social Work Teachers, Postsecondary",detailed,12280.0,77650.0,71010.0,36200.0,49990.0,98070.0,125820.0,2021
99,U.S.,25-1121,"Art, Drama, and Music Teachers, Postsecondary",detailed,94720.0,86240.0,75940.0,38090.0,49990.0,100130.0,156240.0,2021
99,U.S.,25-1122,"Communications Teachers, Postsecondary",detailed,27330.0,84580.0,77560.0,46640.0,60420.0,99330.0,132720.0,2021
99,U.S.,25-1123,"English Language and Literature Teachers, Postsecondary",detailed,58480.0,82680.0,75930.0,39230.0,51730.0,99330.0,132220.0,2021
99,U.S.,25-1124,"Foreign Language and Literature Teachers, Postsecondary",detailed,19640.0,82990.0,77030.0,46560.0,60550.0,99190.0,129130.0,2021
99,U.S.,25-1125,"History Teachers, Postsecondary",detailed,18590.0,86460.0,78130.0,39090.0,61070.0,101180.0,132720.0,2021
99,U.S.,25-1126,"Philosophy and Religion Teachers, Postsecondary",detailed,20850.0,88260.0,77610.0,39090.0,60670.0,100240.0,155240.0,2021
99,U.S.,25-1192,"Family and Consumer Sciences Teachers, Postsecondary",detailed,2730.0,93230.0,79630.0,48070.0,61350.0,106040.0,148320.0,2021
99,U.S.,25-1193,"Recreation and Fitness Studies Teachers, Postsecondary",detailed,13860.0,79080.0,72440.0,37630.0,49860.0,99150.0,128230.0,2021
99,U.S.,25-1194,"Career/Technical Education Teachers, Postsecondary",detailed,105440.0,63130.0,59840.0,36970.0,46910.0,76840.0,97540.0,2021
99,U.S.,25-1199,"Postsecondary Teachers, All Other",detailed,199020.0,92200.0,78160.0,37550.0,56550.0,123970.0,160930.0,2021
99,U.S.,25-2011,"Preschool Teachers, Except Special Education",detailed,391670.0,36460.0,30210.0,22840.0,28440.0,38620.0,58530.0,2021
99,U.S.,25-2012,"Kindergarten Teachers, Except Special Education",detailed,120730.0,64490.0,60900.0,38390.0,48100.0,76880.0,98440.0,2021
99,U.S.,25-2021,"Elementary School Teachers, Except Special Education",detailed,1329280.0,67080.0,61400.0,43950.0,48450.0,77920.0,99420.0,2021
99,U.S.,25-2022,"Middle School Teachers, Except Special and Career/Technical Education",detailed,592000.0,66880.0,61320.0,45510.0,48540.0,77640.0,99470.0,2021
99,U.S.,25-2023,"Career/Technical Education Teachers, Middle School",detailed,11840.0,69410.0,61820.0,47040.0,52170.0,78260.0,99470.0,2021
99,U.S.,25-2031,"Secondary School Teachers, Except Special and Career/Technical Education",detailed,1020240.0,69530.0,61820.0,46090.0,48830.0,78780.0,100310.0,2021
99,U.S.,25-2032,"Career/Technical Education Teachers, Secondary School",detailed,84360.0,68960.0,61820.0,47310.0,50130.0,78310.0,99590.0,2021
99,U.S.,25-2051,"Special Education Teachers, Preschool",detailed,21130.0,71970.0,62420.0,37540.0,48450.0,85040.0,123860.0,2021
99,U.S.,25-2052,"Special Education Teachers, Kindergarten and Elementary School",detailed,187070.0,67090.0,61640.0,46400.0,48770.0,77920.0,98870.0,2021
99,U.S.,25-2057,"Special Education Teachers, Middle School",detailed,79070.0,68860.0,61820.0,46840.0,49120.0,78550.0,100310.0,2021
99,U.S.,25-2058,"Special Education Teachers, Secondary School",detailed,145690.0,70100.0,62120.0,47230.0,49850.0,79030.0,100310.0,2021
99,U.S.,25-2059,"Special Education Teachers, All Other",detailed,38000.0,71330.0,61720.0,38130.0,48350.0,82230.0,104370.0,2021
99,U.S.,25-3011,"Adult Basic Education, Adult Secondary Education, and English as a Second Language Instructors",detailed,38260.0,60650.0,59720.0,35530.0,46620.0,76400.0,96550.0,2021
99,U.S.,25-3021,Self-Enrichment Teachers,detailed,216910.0,49230.0,43580.0,23860.0,29900.0,59920.0,78660.0,2021
99,U.S.,25-3031,"Substitute Teachers, Short-Term",detailed,374620.0,38410.0,30100.0,22270.0,25670.0,41570.0,50560.0,2021
99,U.S.,25-3041,Tutors,detailed,147100.0,41780.0,36470.0,23640.0,29230.0,47070.0,61580.0,2021
99,U.S.,25-3099,"Teachers and Instructors, All Other",detailed,164650.0,62200.0,50540.0,29640.0,44520.0,77230.0,99200.0,2021
99,U.S.,25-4011,Archivists,detailed,6120.0,61880.0,60050.0,36750.0,46350.0,76930.0,98070.0,2021
99,U.S.,25-4012,Curators,detailed,11030.0,63880.0,60110.0,35990.0,46590.0,76920.0,98490.0,2021
99,U.S.,25-4013,Museum Technicians and Conservators,detailed,10960.0,52030.0,47630.0,29130.0,36440.0,61420.0,79780.0,2021
99,U.S.,25-4022,Librarians and Media Collections Specialists,detailed,127790.0,64180.0,61190.0,37300.0,47960.0,77400.0,97870.0,2021
99,U.S.,25-4031,Library Technicians,detailed,73000.0,39070.0,36970.0,23370.0,29330.0,47160.0,59250.0,2021
99,U.S.,25-9021,Farm and Home Management Educators,detailed,10620.0,58040.0,49990.0,30030.0,37140.0,67660.0,92720.0,2021
99,U.S.,25-9031,Instructional Coordinators,detailed,184740.0,70560.0,63740.0,38390.0,49750.0,80780.0,101090.0,2021
99,U.S.,25-9044,"Teaching Assistants, Postsecondary",detailed,121290.0,41170.0,38040.0,22730.0,29670.0,49010.0,62260.0,2021
99,U.S.,25-9045,"Teaching Assistants, Except Postsecondary",detailed,1187270.0,31760.0,29360.0,21890.0,24040.0,36970.0,46530.0,2021
99,U.S.,25-9099,"Educational Instruction and Library Workers, All Other",detailed,155950.0,49650.0,46300.0,23300.0,30130.0,60860.0,79920.0,2021
99,U.S.,27-1011,Art Directors,detailed,42080.0,115430.0,100890.0,57220.0,77490.0,135350.0,194130.0,2021
99,U.S.,27-1012,Craft Artists,detailed,3740.0,40730.0,35930.0,22760.0,28830.0,47170.0,61290.0,2021
99,U.S.,27-1013,"Fine Artists, Including Painters, Sculptors, and Illustrators",detailed,9430.0,69010.0,60820.0,19430.0,37310.0,96580.0,125930.0,2021
99,U.S.,27-1014,Special Effects Artists and Animators,detailed,20430.0,86220.0,78790.0,46000.0,61300.0,102660.0,131370.0,2021
99,U.S.,27-1019,"Artists and Related Workers, All Other",detailed,7390.0,67240.0,61580.0,21750.0,38310.0,95910.0,115020.0,2021
99,U.S.,27-1021,Commercial and Industrial Designers,detailed,27940.0,79680.0,77030.0,44840.0,57070.0,98680.0,128210.0,2021
99,U.S.,27-1022,Fashion Designers,detailed,19310.0,83650.0,77450.0,37480.0,50630.0,101320.0,130870.0,2021
99,U.S.,27-1023,Floral Designers,detailed,36000.0,32100.0,29880.0,22830.0,27830.0,36770.0,44820.0,2021
99,U.S.,27-1024,Graphic Designers,detailed,204040.0,59970.0,50710.0,31310.0,39270.0,74700.0,98260.0,2021
99,U.S.,27-1025,Interior Designers,detailed,61970.0,62570.0,60340.0,30930.0,46420.0,77700.0,99070.0,2021
99,U.S.,27-1026,Merchandise Displayers and Window Trimmers,detailed,159790.0,35520.0,32060.0,26560.0,29240.0,37930.0,47290.0,2021
99,U.S.,27-1027,Set and Exhibit Designers,detailed,6850.0,62960.0,54860.0,30810.0,39180.0,78910.0,100550.0,2021
99,U.S.,27-1029,"Designers, All Other",detailed,10190.0,73480.0,62310.0,30230.0,44580.0,98030.0,129990.0,2021
99,U.S.,27-2011,Actors,detailed,30100.0,,,,,,,2021
99,U.S.,27-2012,Producers and Directors,detailed,138250.0,101950.0,79000.0,38210.0,50860.0,129440.0,206860.0,2021
99,U.S.,27-2021,Athletes and Sports Competitors,detailed,12320.0,116930.0,77300.0,25270.0,37890.0,,,2021
99,U.S.,27-2022,Coaches and Scouts,detailed,193740.0,50550.0,38970.0,22200.0,29240.0,60400.0,80720.0,2021
99,U.S.,27-2023,"Umpires, Referees, and Other Sports Officials",detailed,9620.0,51710.0,35860.0,19170.0,24350.0,48430.0,81620.0,2021
99,U.S.,27-2031,Dancers,detailed,3850.0,,,,,,,2021
99,U.S.,27-2032,Choreographers,detailed,3990.0,49630.0,42700.0,22150.0,29800.0,61750.0,78030.0,2021
99,U.S.,27-2041,Music Directors and Composers,detailed,9560.0,65080.0,49130.0,24440.0,36720.0,78030.0,123800.0,2021
99,U.S.,27-2042,Musicians and Singers,detailed,24080.0,,,,,,,2021
99,U.S.,27-2091,"Disc Jockeys, Except Radio",detailed,4770.0,,,,,,,2021
99,U.S.,27-2099,"Entertainers and Performers, Sports and Related Workers, All Other",detailed,8300.0,,,,,,,2021
99,U.S.,27-3011,Broadcast Announcers and Radio Disc Jockeys,detailed,24580.0,56110.0,37630.0,22860.0,29050.0,60090.0,103090.0,2021
99,U.S.,27-3023,"News Analysts, Reporters, and Journalists",detailed,39080.0,63230.0,48370.0,29210.0,35250.0,77260.0,120590.0,2021
99,U.S.,27-3031,Public Relations Specialists,detailed,242710.0,73250.0,62800.0,37020.0,48670.0,81960.0,124620.0,2021
99,U.S.,27-3041,Editors,detailed,88780.0,76400.0,63350.0,36970.0,48380.0,97770.0,129420.0,2021
99,U.S.,27-3042,Technical Writers,detailed,47620.0,81470.0,78060.0,48890.0,61830.0,98840.0,125010.0,2021
99,U.S.,27-3043,Writers and Authors,detailed,49410.0,81120.0,69510.0,38500.0,49390.0,101080.0,133580.0,2021
99,U.S.,27-3091,Interpreters and Translators,detailed,52170.0,58400.0,49110.0,29360.0,38230.0,75940.0,97760.0,2021
99,U.S.,27-3092,Court Reporters and Simultaneous Captioners,detailed,12300.0,65240.0,60380.0,34340.0,46480.0,79860.0,103270.0,2021
99,U.S.,27-3099,"Media and Communication Workers, All Other",detailed,16540.0,59400.0,49900.0,29080.0,38560.0,76920.0,98070.0,2021
99,U.S.,27-4011,Audio and Video Technicians,detailed,50590.0,55310.0,48820.0,30160.0,38300.0,63260.0,90180.0,2021
99,U.S.,27-4012,Broadcast Technicians,detailed,25270.0,51280.0,44740.0,24580.0,30060.0,62590.0,90850.0,2021
99,U.S.,27-4014,Sound Engineering Technicians,detailed,10800.0,67360.0,60500.0,29110.0,42100.0,79730.0,124690.0,2021
99,U.S.,27-4015,Lighting Technicians,detailed,4280.0,58020.0,51470.0,30230.0,38470.0,62750.0,98070.0,2021
99,U.S.,27-4021,Photographers,detailed,38420.0,48210.0,38950.0,24540.0,30090.0,60000.0,77760.0,2021
99,U.S.,27-4031,"Camera Operators, Television, Video, and Film",detailed,20280.0,61740.0,49230.0,30160.0,38430.0,77270.0,101380.0,2021
99,U.S.,27-4032,Film and Video Editors,detailed,28030.0,76000.0,62680.0,37060.0,47350.0,97950.0,138910.0,2021
99,U.S.,27-4099,"Media and Communication Equipment Workers, All Other",detailed,16670.0,69290.0,63250.0,29120.0,45960.0,95560.0,113360.0,2021
99,U.S.,29-1011,Chiropractors,detailed,35810.0,81240.0,75000.0,37400.0,50470.0,98760.0,128750.0,2021
99,U.S.,29-1021,"Dentists, General",detailed,108680.0,167160.0,160370.0,62810.0,101570.0,,,2021
99,U.S.,29-1022,Oral and Maxillofacial Surgeons,detailed,5330.0,311460.0,,78620.0,198490.0,,,2021
99,U.S.,29-1023,Orthodontists,detailed,5140.0,267280.0,,95940.0,150690.0,,,2021
99,U.S.,29-1024,Prosthodontists,detailed,790.0,143730.0,100950.0,78850.0,100570.0,172650.0,,2021
99,U.S.,29-1029,"Dentists, All Other Specialists",detailed,4750.0,179400.0,175160.0,76990.0,86230.0,,,2021
99,U.S.,29-1031,Dietitians and Nutritionists,detailed,66690.0,65620.0,61650.0,42530.0,49490.0,77430.0,93640.0,2021
99,U.S.,29-1041,Optometrists,detailed,38720.0,125440.0,124300.0,61590.0,96230.0,141730.0,192390.0,2021
99,U.S.,29-1051,Pharmacists,detailed,312550.0,125690.0,128570.0,76840.0,121070.0,143600.0,164590.0,2021
99,U.S.,29-1071,Physician Assistants,detailed,132940.0,119460.0,121530.0,77940.0,99880.0,131740.0,164620.0,2021
99,U.S.,29-1081,Podiatrists,detailed,8840.0,158380.0,145840.0,61350.0,96320.0,,,2021
99,U.S.,29-1122,Occupational Therapists,detailed,127830.0,89470.0,85570.0,60680.0,75710.0,100490.0,123840.0,2021
99,U.S.,29-1123,Physical Therapists,detailed,225350.0,92920.0,95620.0,61930.0,77750.0,101920.0,127110.0,2021
99,U.S.,29-1124,Radiation Therapists,detailed,16050.0,94000.0,82790.0,61030.0,75490.0,102060.0,128550.0,2021
99,U.S.,29-1125,Recreational Therapists,detailed,16980.0,53900.0,47940.0,31710.0,37850.0,61470.0,80610.0,2021
99,U.S.,29-1126,Respiratory Therapists,detailed,133410.0,68190.0,61830.0,47380.0,59280.0,77240.0,95540.0,2021
99,U.S.,29-1127,Speech-Language Pathologists,detailed,147470.0,85820.0,79060.0,51310.0,61970.0,100200.0,125560.0,2021
99,U.S.,29-1128,Exercise Physiologists,detailed,6860.0,54030.0,47940.0,36930.0,46120.0,60780.0,76950.0,2021
99,U.S.,29-1129,"Therapists, All Other",detailed,13490.0,65030.0,59500.0,37010.0,46980.0,77830.0,98490.0,2021
99,U.S.,29-1131,Veterinarians,detailed,77260.0,109920.0,100370.0,60760.0,78920.0,128410.0,165600.0,2021
99,U.S.,29-1141,Registered Nurses,detailed,3047530.0,82750.0,77600.0,59450.0,61790.0,97580.0,120250.0,2021
99,U.S.,29-1151,Nurse Anesthetists,detailed,43950.0,202470.0,195610.0,131840.0,164860.0,,,2021
99,U.S.,29-1161,Nurse Midwives,detailed,7750.0,114210.0,112830.0,61500.0,96040.0,130450.0,166170.0,2021
99,U.S.,29-1171,Nurse Practitioners,detailed,234690.0,118040.0,120680.0,79470.0,99540.0,129680.0,163350.0,2021
99,U.S.,29-1181,Audiologists,detailed,13240.0,86050.0,78950.0,58920.0,71390.0,99340.0,120210.0,2021
99,U.S.,29-1211,Anesthesiologists,detailed,31130.0,331190.0,,117590.0,,,,2021
99,U.S.,29-1212,Cardiologists,detailed,18610.0,353970.0,,165610.0,,,,2021
99,U.S.,29-1213,Dermatologists,detailed,9230.0,302740.0,,100940.0,170020.0,,,2021
99,U.S.,29-1214,Emergency Medicine Physicians,detailed,36180.0,310640.0,,103310.0,,,,2021
99,U.S.,29-1215,Family Medicine Physicians,detailed,102930.0,235930.0,,63580.0,143830.0,,,2021
99,U.S.,29-1216,General Internal Medicine Physicians,detailed,58260.0,242190.0,,62850.0,122140.0,,,2021
99,U.S.,29-1217,Neurologists,detailed,7120.0,267660.0,,78650.0,130920.0,,,2021
99,U.S.,29-1218,Obstetricians and Gynecologists,detailed,21570.0,296210.0,,101240.0,198290.0,,,2021
99,U.S.,29-1221,"Pediatricians, General",detailed,33620.0,198420.0,170480.0,75670.0,129410.0,,,2021
99,U.S.,29-1222,"Physicians, Pathologists",detailed,11010.0,267180.0,,63340.0,136160.0,,,2021
99,U.S.,29-1223,Psychiatrists,detailed,25520.0,249760.0,,64400.0,128380.0,,,2021
99,U.S.,29-1224,Radiologists,detailed,29530.0,301720.0,,78780.0,165610.0,,,2021
99,U.S.,29-1229,"Physicians, All Other",detailed,256670.0,231500.0,,61260.0,96450.0,,,2021
99,U.S.,29-1241,"Ophthalmologists, Except Pediatric",detailed,11610.0,270090.0,,100940.0,165380.0,,,2021
99,U.S.,29-1242,"Orthopedic Surgeons, Except Pediatric",detailed,16260.0,306220.0,,79870.0,193280.0,,,2021
99,U.S.,29-1243,Pediatric Surgeons,detailed,820.0,290310.0,,99910.0,172240.0,,,2021
99,U.S.,29-1249,"Surgeons, All Other",detailed,29590.0,297800.0,,78610.0,129070.0,,,2021
99,U.S.,29-1291,Acupuncturists,detailed,7250.0,71770.0,60570.0,29580.0,38000.0,98440.0,126440.0,2021
99,U.S.,29-1292,Dental Hygienists,detailed,207190.0,81360.0,77810.0,60100.0,73540.0,98260.0,100200.0,2021
99,U.S.,29-1299,"Healthcare Diagnosing or Treating Practitioners, All Other",detailed,26250.0,113230.0,100300.0,58550.0,71120.0,143600.0,172490.0,2021
99,U.S.,29-2010,Clinical Laboratory Technologists and Technicians,detailed,318780.0,56910.0,57800.0,30280.0,37990.0,74530.0,79340.0,2021
99,U.S.,29-2031,Cardiovascular Technologists and Technicians,detailed,55760.0,62020.0,60570.0,29910.0,37990.0,77600.0,98070.0,2021
99,U.S.,29-2032,Diagnostic Medical Sonographers,detailed,78640.0,80680.0,77740.0,59640.0,62560.0,95360.0,101650.0,2021
99,U.S.,29-2033,Nuclear Medicine Technologists,detailed,17140.0,84850.0,78760.0,60550.0,74820.0,98410.0,105530.0,2021
99,U.S.,29-2034,Radiologic Technologists and Technicians,detailed,216380.0,66490.0,61370.0,46850.0,48900.0,77290.0,94880.0,2021
99,U.S.,29-2035,Magnetic Resonance Imaging Technologists,detailed,38070.0,77820.0,77360.0,59110.0,62090.0,90050.0,100870.0,2021
99,U.S.,29-2036,Medical Dosimetrists,detailed,2400.0,124750.0,127270.0,96040.0,103640.0,132510.0,162640.0,2021
99,U.S.,29-2042,Emergency Medical Technicians,detailed,161400.0,36690.0,35470.0,23620.0,28920.0,37660.0,47580.0,2021
99,U.S.,29-2043,Paramedics,detailed,96510.0,49500.0,46770.0,34420.0,37120.0,58810.0,74200.0,2021
99,U.S.,29-2051,Dietetic Technicians,detailed,21610.0,34160.0,29520.0,22790.0,28400.0,37200.0,47120.0,2021
99,U.S.,29-2052,Pharmacy Technicians,detailed,436630.0,37970.0,36740.0,28740.0,29460.0,45850.0,47580.0,2021
99,U.S.,29-2053,Psychiatric Technicians,detailed,93410.0,38000.0,36570.0,26980.0,29210.0,45620.0,56380.0,2021
99,U.S.,29-2055,Surgical Technologists,detailed,109060.0,53590.0,48530.0,36930.0,46440.0,60780.0,75940.0,2021
99,U.S.,29-2056,Veterinary Technologists and Technicians,detailed,118670.0,38250.0,36850.0,28370.0,29810.0,45750.0,48100.0,2021
99,U.S.,29-2057,Ophthalmic Medical Technicians,detailed,65700.0,41120.0,37180.0,28910.0,30950.0,46700.0,58500.0,2021
99,U.S.,29-2061,Licensed Practical and Licensed Vocational Nurses,detailed,641240.0,51850.0,48070.0,37150.0,46410.0,59770.0,63790.0,2021
99,U.S.,29-2072,Medical Records Specialists,detailed,180570.0,48310.0,46660.0,29430.0,36930.0,59120.0,74200.0,2021
99,U.S.,29-2081,"Opticians, Dispensing",detailed,73270.0,43060.0,37570.0,28910.0,30310.0,47660.0,60280.0,2021
99,U.S.,29-2091,Orthotists and Prosthetists,detailed,10410.0,79820.0,75440.0,41730.0,55710.0,95810.0,124040.0,2021
99,U.S.,29-2092,Hearing Aid Specialists,detailed,10790.0,59960.0,59500.0,33040.0,39130.0,75910.0,84150.0,2021
99,U.S.,29-2099,"Health Technologists and Technicians, All Other",detailed,140770.0,49230.0,45720.0,29430.0,36690.0,59040.0,75340.0,2021
99,U.S.,29-9021,Health Information Technologists and Medical Registrars,detailed,37900.0,61410.0,55560.0,29680.0,37500.0,76960.0,98490.0,2021
99,U.S.,29-9091,Athletic Trainers,detailed,26070.0,54650.0,48420.0,36960.0,46590.0,60780.0,76180.0,2021
99,U.S.,29-9092,Genetic Counselors,detailed,2740.0,86640.0,80150.0,49120.0,76300.0,100200.0,121070.0,2021
99,U.S.,29-9093,Surgical Assistants,detailed,17250.0,59170.0,48320.0,32680.0,37850.0,75410.0,96870.0,2021
99,U.S.,29-9099,"Healthcare Practitioners and Technical Workers, All Other",detailed,44100.0,64880.0,58750.0,29570.0,37440.0,78230.0,113630.0,2021
99,U.S.,31-1120,Home Health and Personal Care Aides,detailed,3366480.0,29260.0,29430.0,22290.0,24090.0,30230.0,37010.0,2021
99,U.S.,31-1131,Nursing Assistants,detailed,1314830.0,33250.0,30310.0,23880.0,28900.0,37170.0,44240.0,2021
99,U.S.,31-1132,Orderlies,detailed,45160.0,33440.0,29990.0,23970.0,28560.0,37380.0,46470.0,2021
99,U.S.,31-1133,Psychiatric Aides,detailed,39140.0,34640.0,30260.0,23120.0,25560.0,40960.0,48140.0,2021
99,U.S.,31-2011,Occupational Therapy Assistants,detailed,41980.0,63560.0,61730.0,46810.0,50880.0,76740.0,80210.0,2021
99,U.S.,31-2012,Occupational Therapy Aides,detailed,3370.0,39230.0,33560.0,23860.0,28350.0,46950.0,61960.0,2021
99,U.S.,31-2021,Physical Therapist Assistants,detailed,93660.0,60740.0,61180.0,37280.0,48670.0,75870.0,80170.0,2021
99,U.S.,31-2022,Physical Therapist Aides,detailed,42390.0,30370.0,29200.0,22140.0,24240.0,35320.0,37920.0,2021
99,U.S.,31-9011,Massage Therapists,detailed,81030.0,49260.0,46910.0,24450.0,34770.0,60510.0,77600.0,2021
99,U.S.,31-9091,Dental Assistants,detailed,347170.0,42510.0,38660.0,29580.0,37000.0,47580.0,59540.0,2021
99,U.S.,31-9092,Medical Assistants,detailed,727760.0,38190.0,37190.0,29070.0,30200.0,43490.0,48170.0,2021
99,U.S.,31-9093,Medical Equipment Preparers,detailed,61170.0,42420.0,38220.0,29490.0,35230.0,48150.0,60300.0,2021
99,U.S.,31-9094,Medical Transcriptionists,detailed,55830.0,34220.0,30100.0,22810.0,28220.0,38220.0,48190.0,2021
99,U.S.,31-9095,Pharmacy Aides,detailed,43560.0,34560.0,29930.0,22840.0,27880.0,37500.0,51060.0,2021
99,U.S.,31-9096,Veterinary Assistants and Laboratory Animal Caretakers,detailed,98970.0,31780.0,29780.0,22920.0,28200.0,36520.0,38860.0,2021
99,U.S.,31-9097,Phlebotomists,detailed,132750.0,38450.0,37380.0,28990.0,30430.0,45090.0,48490.0,2021
99,U.S.,31-9099,"Healthcare Support Workers, All Other",detailed,108410.0,40690.0,37740.0,25810.0,29990.0,47770.0,59250.0,2021
99,U.S.,33-1011,First-Line Supervisors of Correctional Officers,detailed,54470.0,69750.0,62220.0,40610.0,47680.0,84760.0,105540.0,2021
99,U.S.,33-1012,First-Line Supervisors of Police and Detectives,detailed,128230.0,98760.0,99330.0,51790.0,67210.0,127020.0,159850.0,2021
99,U.S.,33-1021,First-Line Supervisors of Firefighting and Prevention Workers,detailed,80890.0,83270.0,78230.0,47450.0,61270.0,100350.0,127680.0,2021
99,U.S.,33-1091,First-Line Supervisors of Security Workers,detailed,55450.0,55080.0,50240.0,31440.0,38290.0,64010.0,81110.0,2021
99,U.S.,33-1099,"First-Line Supervisors of Protective Service Workers, All Other",detailed,23780.0,63910.0,61010.0,37300.0,50020.0,76880.0,98720.0,2021
99,U.S.,33-2011,Firefighters,detailed,317310.0,55290.0,50700.0,29030.0,37140.0,65980.0,81640.0,2021
99,U.S.,33-2021,Fire Inspectors and Investigators,detailed,14600.0,69680.0,64600.0,40190.0,50480.0,81850.0,100730.0,2021
99,U.S.,33-2022,Forest Fire Inspectors and Prevention Specialists,detailed,2770.0,54340.0,42600.0,30000.0,33000.0,67210.0,85270.0,2021
99,U.S.,33-3011,Bailiffs,detailed,16420.0,52340.0,48320.0,27560.0,37420.0,63160.0,78330.0,2021
99,U.S.,33-3012,Correctional Officers and Jailers,detailed,392600.0,53420.0,47920.0,34600.0,38590.0,62940.0,79340.0,2021
99,U.S.,33-3021,Detectives and Criminal Investigators,detailed,107890.0,90370.0,83640.0,48040.0,61600.0,106540.0,146830.0,2021
99,U.S.,33-3031,Fish and Game Wardens,detailed,6730.0,58190.0,60730.0,31200.0,47260.0,71530.0,78330.0,2021
99,U.S.,33-3041,Parking Enforcement Workers,detailed,7450.0,46050.0,46590.0,29030.0,34550.0,58850.0,65150.0,2021
99,U.S.,33-3051,Police and Sheriff's Patrol Officers,detailed,665380.0,70750.0,64610.0,40190.0,50630.0,81850.0,102530.0,2021
99,U.S.,33-3052,Transit and Railroad Police,detailed,3590.0,69570.0,64930.0,47310.0,51130.0,81430.0,98250.0,2021
99,U.S.,33-9011,Animal Control Workers,detailed,11600.0,42620.0,39160.0,28690.0,31590.0,49600.0,60450.0,2021
99,U.S.,33-9021,Private Detectives and Investigators,detailed,28860.0,60970.0,59380.0,32130.0,40290.0,77540.0,98070.0,2021
99,U.S.,33-9031,Gambling Surveillance Officers and Gambling Investigators,detailed,9190.0,38080.0,35450.0,27970.0,29470.0,39790.0,56730.0,2021
99,U.S.,33-9032,Security Guards,detailed,1057100.0,35830.0,31470.0,23250.0,28890.0,39170.0,50040.0,2021
99,U.S.,33-9091,Crossing Guards and Flaggers,detailed,82690.0,35670.0,31450.0,23990.0,28660.0,39160.0,49720.0,2021
99,U.S.,33-9092,"Lifeguards, Ski Patrol, and Other Recreational Protective Service Workers",detailed,114320.0,27320.0,25630.0,19180.0,22140.0,29820.0,36540.0,2021
99,U.S.,33-9093,Transportation Security Screeners,detailed,48320.0,46380.0,45470.0,39330.0,41560.0,49360.0,55870.0,2021
99,U.S.,33-9094,School Bus Monitors,detailed,55310.0,30220.0,29100.0,20600.0,24900.0,34430.0,39200.0,2021
99,U.S.,33-9099,"Protective Service Workers, All Other",detailed,100110.0,42160.0,38210.0,28690.0,31190.0,47760.0,61510.0,2021
99,U.S.,35-1011,Chefs and Head Cooks,detailed,129810.0,56920.0,50160.0,30910.0,39130.0,65340.0,84570.0,2021
99,U.S.,35-1012,First-Line Supervisors of Food Preparation and Serving Workers,detailed,1040600.0,39150.0,36570.0,24100.0,29430.0,46840.0,60410.0,2021
99,U.S.,35-2011,"Cooks, Fast Food",detailed,768130.0,25490.0,24180.0,18050.0,21610.0,29510.0,31420.0,2021
99,U.S.,35-2012,"Cooks, Institution and Cafeteria",detailed,392860.0,31520.0,29910.0,22140.0,24500.0,36760.0,43980.0,2021
99,U.S.,35-2013,"Cooks, Private Household",detailed,440.0,43260.0,42920.0,29010.0,30160.0,51260.0,54110.0,2021
99,U.S.,35-2014,"Cooks, Restaurant",detailed,1193860.0,31630.0,30010.0,22550.0,27810.0,36480.0,39090.0,2021
99,U.S.,35-2015,"Cooks, Short Order",detailed,124800.0,28110.0,28560.0,19050.0,22880.0,31050.0,38060.0,2021
99,U.S.,35-2019,"Cooks, All Other",detailed,18170.0,33390.0,30720.0,22310.0,27380.0,37280.0,47270.0,2021
99,U.S.,35-2021,Food Preparation Workers,detailed,783350.0,28810.0,28780.0,19520.0,23520.0,31340.0,38060.0,2021
99,U.S.,35-3011,Bartenders,detailed,485330.0,30340.0,26350.0,17870.0,20560.0,34120.0,47710.0,2021
99,U.S.,35-3023,Fast Food and Counter Workers,detailed,3095120.0,26060.0,25100.0,18230.0,21970.0,29680.0,32250.0,2021
99,U.S.,35-3031,Waiters and Waitresses,detailed,1804030.0,29010.0,26000.0,17840.0,20020.0,30850.0,45910.0,2021
99,U.S.,35-3041,"Food Servers, Nonrestaurant",detailed,243030.0,29500.0,28730.0,20940.0,23970.0,31670.0,38460.0,2021
99,U.S.,35-9011,Dining Room and Cafeteria Attendants and Bartender Helpers,detailed,336970.0,27690.0,27170.0,18430.0,22240.0,30280.0,37310.0,2021
99,U.S.,35-9021,Dishwashers,detailed,377040.0,27350.0,28130.0,19200.0,22920.0,30160.0,34870.0,2021
99,U.S.,35-9031,"Hosts and Hostesses, Restaurant, Lounge, and Coffee Shop",detailed,324690.0,26000.0,24600.0,18160.0,21750.0,29450.0,33050.0,2021
99,U.S.,35-9099,"Food Preparation and Serving Related Workers, All Other",detailed,83240.0,28760.0,29120.0,19100.0,23660.0,31390.0,36820.0,2021
99,U.S.,37-1011,First-Line Supervisors of Housekeeping and Janitorial Workers,detailed,153640.0,45100.0,39630.0,28980.0,33710.0,50440.0,63530.0,2021
99,U.S.,37-1012,"First-Line Supervisors of Landscaping, Lawn Service, and Groundskeeping Workers",detailed,116380.0,53270.0,48800.0,34600.0,38880.0,62200.0,78880.0,2021
99,U.S.,37-2011,"Janitors and Cleaners, Except Maids and Housekeeping Cleaners",detailed,2036680.0,31860.0,29760.0,22340.0,24550.0,36730.0,46300.0,2021
99,U.S.,37-2012,Maids and Housekeeping Cleaners,detailed,723430.0,29580.0,28780.0,21820.0,23470.0,30960.0,38370.0,2021
99,U.S.,37-2019,"Building Cleaning Workers, All Other",detailed,17350.0,38530.0,34350.0,23130.0,28510.0,45610.0,59250.0,2021
99,U.S.,37-2021,Pest Control Workers,detailed,85370.0,40640.0,37540.0,28620.0,30520.0,46700.0,58660.0,2021
99,U.S.,37-3011,Landscaping and Groundskeeping Workers,detailed,892450.0,35240.0,34430.0,24170.0,29360.0,38100.0,47630.0,2021
99,U.S.,37-3012,"Pesticide Handlers, Sprayers, and Applicators, Vegetation",detailed,25820.0,40500.0,38270.0,28820.0,33580.0,46240.0,53690.0,2021
99,U.S.,37-3013,Tree Trimmers and Pruners,detailed,41920.0,47450.0,46970.0,30180.0,38110.0,58160.0,64210.0,2021
99,U.S.,37-3019,"Grounds Maintenance Workers, All Other",detailed,15770.0,39120.0,36540.0,27720.0,30150.0,45810.0,60820.0,2021
99,U.S.,39-1013,First-Line Supervisors of Gambling Services Workers,detailed,19510.0,52590.0,49140.0,29920.0,38960.0,61640.0,75680.0,2021
99,U.S.,39-1014,"First-Line Supervisors of Entertainment and Recreation Workers, Except Gambling Services",detailed,66860.0,47130.0,44870.0,28520.0,31560.0,58650.0,75610.0,2021
99,U.S.,39-1022,First-Line Supervisors of Personal Service Workers,detailed,101030.0,45730.0,40390.0,28700.0,33710.0,50860.0,65540.0,2021
99,U.S.,39-2011,Animal Trainers,detailed,15840.0,38230.0,31280.0,23160.0,28110.0,44630.0,58790.0,2021
99,U.S.,39-2021,Animal Caretakers,detailed,225680.0,29520.0,28600.0,21380.0,23160.0,31130.0,38750.0,2021
99,U.S.,39-3011,Gambling Dealers,detailed,64700.0,28960.0,24960.0,17740.0,18600.0,29990.0,47810.0,2021
99,U.S.,39-3012,Gambling and Sports Book Writers and Runners,detailed,7340.0,29110.0,27530.0,19230.0,22910.0,33020.0,38380.0,2021
99,U.S.,39-3019,"Gambling Service Workers, All Other",detailed,10820.0,31790.0,28990.0,21340.0,23080.0,35510.0,46260.0,2021
99,U.S.,39-3021,Motion Picture Projectionists,detailed,1620.0,32970.0,29350.0,22290.0,24960.0,37450.0,47390.0,2021
99,U.S.,39-3031,"Ushers, Lobby Attendants, and Ticket Takers",detailed,54970.0,26390.0,24440.0,17990.0,20650.0,29750.0,36530.0,2021
99,U.S.,39-3091,Amusement and Recreation Attendants,detailed,262170.0,26110.0,24500.0,18030.0,21700.0,29480.0,35170.0,2021
99,U.S.,39-3092,Costume Attendants,detailed,3380.0,54590.0,47850.0,26950.0,31380.0,76940.0,82710.0,2021
99,U.S.,39-3093,"Locker Room, Coatroom, and Dressing Room Attendants",detailed,9670.0,30220.0,28570.0,19210.0,23220.0,33300.0,42160.0,2021
99,U.S.,39-3099,"Entertainment Attendants and Related Workers, All Other",detailed,4290.0,29680.0,24170.0,17390.0,20630.0,30570.0,46630.0,2021
99,U.S.,39-4011,Embalmers,detailed,4070.0,51210.0,47780.0,29000.0,37380.0,61200.0,78210.0,2021
99,U.S.,39-4012,Crematory Operators,detailed,2040.0,39660.0,37490.0,28910.0,31690.0,44270.0,50790.0,2021
99,U.S.,39-4021,Funeral Attendants,detailed,32490.0,31630.0,29230.0,22350.0,24490.0,35840.0,45660.0,2021
99,U.S.,39-4031,"Morticians, Undertakers, and Funeral Arrangers",detailed,24700.0,56360.0,48950.0,29640.0,37880.0,63820.0,83550.0,2021
99,U.S.,39-5011,Barbers,detailed,12910.0,35700.0,29970.0,22430.0,26300.0,44730.0,53260.0,2021
99,U.S.,39-5012,"Hairdressers, Hairstylists, and Cosmetologists",detailed,285980.0,35990.0,29670.0,20860.0,23960.0,38790.0,59070.0,2021
99,U.S.,39-5091,"Makeup Artists, Theatrical and Performance",detailed,1960.0,124380.0,134750.0,38070.0,78850.0,164560.0,172150.0,2021
99,U.S.,39-5092,Manicurists and Pedicurists,detailed,120540.0,30480.0,29210.0,22290.0,26420.0,31100.0,38820.0,2021
99,U.S.,39-5093,Shampooers,detailed,9560.0,25160.0,24440.0,18720.0,22070.0,28860.0,30420.0,2021
99,U.S.,39-5094,Skincare Specialists,detailed,50580.0,41700.0,37300.0,23100.0,29240.0,47490.0,65680.0,2021
99,U.S.,39-6011,Baggage Porters and Bellhops,detailed,20530.0,30040.0,29120.0,18520.0,23320.0,34790.0,39040.0,2021
99,U.S.,39-6012,Concierges,detailed,33560.0,37520.0,35210.0,25030.0,29660.0,45070.0,57750.0,2021
99,U.S.,39-7010,Tour and Travel Guides,detailed,30980.0,33200.0,29780.0,20950.0,24300.0,37670.0,47800.0,2021
99,U.S.,39-9011,Childcare Workers,detailed,438520.0,27680.0,27490.0,18540.0,22640.0,30100.0,37430.0,2021
99,U.S.,39-9031,Exercise Trainers and Group Fitness Instructors,detailed,221600.0,45870.0,40700.0,22960.0,29580.0,57760.0,75940.0,2021
99,U.S.,39-9032,Recreation Workers,detailed,264020.0,32020.0,29680.0,21730.0,24330.0,36580.0,46660.0,2021
99,U.S.,39-9041,Residential Advisors,detailed,92500.0,34950.0,31220.0,23260.0,28820.0,38750.0,48530.0,2021
99,U.S.,39-9099,"Personal Care and Service Workers, All Other",detailed,72030.0,30790.0,29610.0,22320.0,28010.0,34330.0,37790.0,2021
99,U.S.,41-1011,First-Line Supervisors of Retail Sales Workers,detailed,1143260.0,46890.0,39230.0,29000.0,33520.0,52070.0,73160.0,2021
99,U.S.,41-1012,First-Line Supervisors of Non-Retail Sales Workers,detailed,243920.0,92320.0,79680.0,47510.0,61490.0,107860.0,160120.0,2021
99,U.S.,41-2011,Cashiers,detailed,3318020.0,26770.0,27260.0,18580.0,22670.0,29540.0,35230.0,2021
99,U.S.,41-2012,Gambling Change Persons and Booth Cashiers,detailed,17150.0,29130.0,28600.0,19020.0,22860.0,31080.0,37560.0,2021
99,U.S.,41-2021,Counter and Rental Clerks,detailed,371620.0,36170.0,31330.0,22880.0,28660.0,39040.0,50830.0,2021
99,U.S.,41-2022,Parts Salespersons,detailed,265130.0,36920.0,34260.0,22940.0,28530.0,45340.0,58180.0,2021
99,U.S.,41-2031,Retail Salespersons,detailed,3693490.0,31920.0,29120.0,21840.0,23500.0,35110.0,45460.0,2021
99,U.S.,41-3011,Advertising Sales Agents,detailed,96660.0,66540.0,52340.0,28700.0,37700.0,79310.0,125370.0,2021
99,U.S.,41-3021,Insurance Sales Agents,detailed,422600.0,69340.0,49840.0,29970.0,38210.0,78840.0,126510.0,2021
99,U.S.,41-3031,"Securities, Commodities, and Financial Services Sales Agents",detailed,426870.0,93260.0,62910.0,37970.0,48100.0,116240.0,205440.0,2021
99,U.S.,41-3041,Travel Agents,detailed,37190.0,46580.0,43810.0,28280.0,31200.0,54840.0,74220.0,2021
99,U.S.,41-3091,"Sales Representatives of Services, Except Advertising, Insurance, Financial Services, and Travel",detailed,1026390.0,71110.0,60550.0,30310.0,39980.0,82210.0,128350.0,2021
99,U.S.,41-4011,"Sales Representatives, Wholesale and Manufacturing, Technical and Scientific Products",detailed,266160.0,102750.0,94840.0,44460.0,61900.0,130860.0,168320.0,2021
99,U.S.,41-4012,"Sales Representatives, Wholesale and Manufacturing, Except Technical and Scientific Products",detailed,1242490.0,72390.0,61600.0,30620.0,45800.0,85610.0,125750.0,2021
99,U.S.,41-9011,Demonstrators and Product Promoters,detailed,40680.0,36990.0,32350.0,23870.0,29040.0,40130.0,53410.0,2021
99,U.S.,41-9012,Models,detailed,2000.0,,,,,,,2021
99,U.S.,41-9021,Real Estate Brokers,detailed,48460.0,86490.0,62010.0,30470.0,42920.0,101000.0,176080.0,2021
99,U.S.,41-9022,Real Estate Sales Agents,detailed,175920.0,61480.0,48340.0,28270.0,35880.0,75940.0,102170.0,2021
99,U.S.,41-9031,Sales Engineers,detailed,59550.0,118630.0,103710.0,62300.0,79900.0,155110.0,182850.0,2021
99,U.S.,41-9041,Telemarketers,detailed,115130.0,30670.0,28910.0,19470.0,23470.0,34480.0,45190.0,2021
99,U.S.,41-9091,"Door-to-Door Sales Workers, News and Street Vendors, and Related Workers",detailed,7860.0,34970.0,29390.0,20850.0,23530.0,36770.0,50890.0,2021
99,U.S.,41-9099,"Sales and Related Workers, All Other",detailed,235740.0,38840.0,29570.0,23270.0,28350.0,37500.0,63030.0,2021
99,U.S.,43-1011,First-Line Supervisors of Office and Administrative Support Workers,detailed,1443630.0,63380.0,60590.0,37370.0,47490.0,76920.0,97610.0,2021
99,U.S.,43-2011,"Switchboard Operators, Including Answering Service",detailed,48190.0,34590.0,30150.0,23120.0,28720.0,37410.0,47330.0,2021
99,U.S.,43-2021,Telephone Operators,detailed,3870.0,39370.0,37630.0,23690.0,29300.0,47830.0,60120.0,2021
99,U.S.,43-2099,"Communications Equipment Operators, All Other",detailed,1340.0,49470.0,47000.0,29420.0,37370.0,60510.0,75410.0,2021
99,U.S.,43-3011,Bill and Account Collectors,detailed,212900.0,41280.0,37700.0,28820.0,30420.0,46970.0,59360.0,2021
99,U.S.,43-3021,Billing and Posting Clerks,detailed,429080.0,42750.0,38330.0,29760.0,36650.0,47700.0,59750.0,2021
99,U.S.,43-3031,"Bookkeeping, Accounting, and Auditing Clerks",detailed,1509370.0,45140.0,45560.0,29120.0,36750.0,49760.0,61980.0,2021
99,U.S.,43-3041,Gambling Cage Workers,detailed,11140.0,30770.0,29360.0,22660.0,26000.0,35620.0,37890.0,2021
99,U.S.,43-3051,Payroll and Timekeeping Clerks,detailed,149290.0,49560.0,47610.0,30240.0,37880.0,60050.0,71500.0,2021
99,U.S.,43-3061,Procurement Clerks,detailed,61930.0,44930.0,45150.0,30080.0,36890.0,50450.0,60510.0,2021
99,U.S.,43-3071,Tellers,detailed,364210.0,34930.0,36310.0,28120.0,29410.0,37500.0,46320.0,2021
99,U.S.,43-3099,"Financial Clerks, All Other",detailed,30310.0,47830.0,46900.0,30590.0,37040.0,54860.0,63620.0,2021
99,U.S.,43-4011,Brokerage Clerks,detailed,39980.0,57710.0,54000.0,39290.0,47230.0,62570.0,78290.0,2021
99,U.S.,43-4021,Correspondence Clerks,detailed,7060.0,41710.0,37920.0,29420.0,36750.0,46960.0,52310.0,2021
99,U.S.,43-4031,"Court, Municipal, and License Clerks",detailed,150170.0,44870.0,44610.0,29070.0,36680.0,48230.0,60980.0,2021
99,U.S.,43-4041,"Credit Authorizers, Checkers, and Clerks",detailed,16820.0,44540.0,44710.0,29840.0,36890.0,48620.0,61590.0,2021
99,U.S.,43-4051,Customer Service Representatives,detailed,2787070.0,39070.0,36920.0,26340.0,29700.0,46460.0,58640.0,2021
99,U.S.,43-4061,"Eligibility Interviewers, Government Programs",detailed,151340.0,48570.0,47420.0,31580.0,37250.0,59760.0,63590.0,2021
99,U.S.,43-4071,File Clerks,detailed,85460.0,36820.0,36360.0,23980.0,29120.0,45760.0,49190.0,2021
99,U.S.,43-4081,"Hotel, Motel, and Resort Desk Clerks",detailed,220380.0,28040.0,28080.0,21440.0,22910.0,29700.0,36470.0,2021
99,U.S.,43-4111,"Interviewers, Except Eligibility and Loan",detailed,169840.0,38840.0,37220.0,28650.0,30020.0,46210.0,50400.0,2021
99,U.S.,43-4121,"Library Assistants, Clerical",detailed,78470.0,32490.0,29450.0,22270.0,23910.0,37200.0,47000.0,2021
99,U.S.,43-4131,Loan Interviewers and Clerks,detailed,238610.0,44910.0,45940.0,29800.0,37000.0,49140.0,60870.0,2021
99,U.S.,43-4141,New Accounts Clerks,detailed,40500.0,41250.0,37840.0,29600.0,36340.0,46960.0,51750.0,2021
99,U.S.,43-4151,Order Clerks,detailed,133850.0,41820.0,37920.0,28730.0,30040.0,47700.0,59620.0,2021
99,U.S.,43-4161,"Human Resources Assistants, Except Payroll and Timekeeping",detailed,102770.0,44840.0,45630.0,29890.0,37180.0,49050.0,60680.0,2021
99,U.S.,43-4171,Receptionists and Information Clerks,detailed,983150.0,32910.0,29950.0,23050.0,28420.0,36980.0,45760.0,2021
99,U.S.,43-4181,Reservation and Transportation Ticket Agents and Travel Clerks,detailed,100860.0,45630.0,39900.0,29110.0,30690.0,59770.0,69420.0,2021
99,U.S.,43-4199,"Information and Record Clerks, All Other",detailed,155080.0,43950.0,43160.0,29010.0,34590.0,50500.0,60610.0,2021
99,U.S.,43-5011,Cargo and Freight Agents,detailed,85750.0,48420.0,46910.0,30020.0,37020.0,59380.0,69450.0,2021
99,U.S.,43-5021,Couriers and Messengers,detailed,68310.0,34270.0,33050.0,23850.0,28960.0,37440.0,46220.0,2021
99,U.S.,43-5031,Public Safety Telecommunicators,detailed,97050.0,47030.0,46670.0,29340.0,36890.0,59360.0,63940.0,2021
99,U.S.,43-5032,"Dispatchers, Except Police, Fire, and Ambulance",detailed,194330.0,46650.0,44050.0,29120.0,35590.0,55340.0,71480.0,2021
99,U.S.,43-5041,"Meter Readers, Utilities",detailed,24000.0,47430.0,45720.0,28690.0,32790.0,60020.0,75920.0,2021
99,U.S.,43-5051,Postal Service Clerks,detailed,79320.0,53210.0,52290.0,38880.0,46070.0,64210.0,65500.0,2021
99,U.S.,43-5052,Postal Service Mail Carriers,detailed,335540.0,54370.0,52440.0,39640.0,39640.0,67230.0,68640.0,2021
99,U.S.,43-5053,"Postal Service Mail Sorters, Processors, and Processing Machine Operators",detailed,112130.0,51010.0,48550.0,36070.0,38880.0,63940.0,64210.0,2021
99,U.S.,43-5061,"Production, Planning, and Expediting Clerks",detailed,367200.0,52220.0,48040.0,31550.0,38060.0,60840.0,76440.0,2021
99,U.S.,43-5071,"Shipping, Receiving, and Inventory Clerks",detailed,795360.0,38210.0,36890.0,27830.0,29840.0,45710.0,50520.0,2021
99,U.S.,43-5111,"Weighers, Measurers, Checkers, and Samplers, Recordkeeping",detailed,54760.0,39540.0,37610.0,28860.0,30210.0,46810.0,49810.0,2021
99,U.S.,43-6011,Executive Secretaries and Executive Administrative Assistants,detailed,466910.0,66870.0,62060.0,38620.0,48720.0,78110.0,98280.0,2021
99,U.S.,43-6012,Legal Secretaries and Administrative Assistants,detailed,155250.0,52540.0,47710.0,29770.0,37560.0,61590.0,77850.0,2021
99,U.S.,43-6013,Medical Secretaries and Administrative Assistants,detailed,656640.0,39740.0,37450.0,29040.0,30710.0,46570.0,53630.0,2021
99,U.S.,43-6014,"Secretaries and Administrative Assistants, Except Legal, Medical, and Executive",detailed,1825980.0,41080.0,37880.0,28200.0,30210.0,47570.0,59500.0,2021
99,U.S.,43-9021,Data Entry Keyers,detailed,147170.0,35940.0,35630.0,24510.0,29310.0,39230.0,47700.0,2021
99,U.S.,43-9022,Word Processors and Typists,detailed,41930.0,43370.0,44030.0,29780.0,37110.0,47950.0,60320.0,2021
99,U.S.,43-9031,Desktop Publishers,detailed,7600.0,50930.0,46910.0,27770.0,30880.0,63760.0,79630.0,2021
99,U.S.,43-9041,Insurance Claims and Policy Processing Clerks,detailed,218300.0,45790.0,45520.0,30010.0,37200.0,48860.0,61400.0,2021
99,U.S.,43-9051,"Mail Clerks and Mail Machine Operators, Except Postal Service",detailed,69400.0,34390.0,32550.0,23430.0,28990.0,37500.0,47000.0,2021
99,U.S.,43-9061,"Office Clerks, General",detailed,2578180.0,38990.0,37030.0,23500.0,29410.0,46900.0,58870.0,2021
99,U.S.,43-9071,"Office Machine Operators, Except Computer",detailed,32920.0,37110.0,36630.0,26000.0,29820.0,41420.0,48500.0,2021
99,U.S.,43-9081,Proofreaders and Copy Markers,detailed,5340.0,46010.0,43940.0,29120.0,34270.0,57260.0,62260.0,2021
99,U.S.,43-9111,Statistical Assistants,detailed,6190.0,53420.0,48160.0,34650.0,38320.0,62170.0,79390.0,2021
99,U.S.,43-9199,"Office and Administrative Support Workers, All Other",detailed,147140.0,42580.0,37900.0,24960.0,29800.0,48590.0,61730.0,2021
99,U.S.,45-1011,"First-Line Supervisors of Farming, Fishing, and Forestry Workers",detailed,25770.0,54450.0,48640.0,32400.0,38350.0,63020.0,79050.0,2021
99,U.S.,45-2011,Agricultural Inspectors,detailed,13630.0,47430.0,45140.0,29990.0,35610.0,56850.0,69450.0,2021
99,U.S.,45-2021,Animal Breeders,detailed,950.0,43270.0,40090.0,22680.0,29630.0,58860.0,64010.0,2021
99,U.S.,45-2041,"Graders and Sorters, Agricultural Products",detailed,25560.0,30400.0,29630.0,23170.0,28430.0,31600.0,37140.0,2021
99,U.S.,45-2091,Agricultural Equipment Operators,detailed,26180.0,36280.0,36360.0,25490.0,29540.0,40330.0,47540.0,2021
99,U.S.,45-2092,"Farmworkers and Laborers, Crop, Nursery, and Greenhouse",detailed,277200.0,31440.0,29630.0,28230.0,29120.0,31320.0,37280.0,2021
99,U.S.,45-2093,"Farmworkers, Farm, Ranch, and Aquacultural Animals",detailed,34140.0,32150.0,29630.0,21840.0,25880.0,36960.0,46160.0,2021
99,U.S.,45-2099,"Agricultural Workers, All Other",detailed,6100.0,37190.0,32550.0,21980.0,29060.0,44220.0,59740.0,2021
99,U.S.,45-4011,Forest and Conservation Workers,detailed,6300.0,33690.0,30550.0,25850.0,29510.0,36830.0,47090.0,2021
99,U.S.,45-4021,Fallers,detailed,4170.0,53760.0,47700.0,28010.0,36560.0,62200.0,90800.0,2021
99,U.S.,45-4022,Logging Equipment Operators,detailed,25510.0,43960.0,46400.0,28810.0,35890.0,48770.0,61070.0,2021
99,U.S.,45-4023,Log Graders and Scalers,detailed,3260.0,41520.0,37820.0,28830.0,32230.0,47760.0,59240.0,2021
99,U.S.,45-4029,"Logging Workers, All Other",detailed,3080.0,45430.0,46090.0,28270.0,36190.0,51400.0,62170.0,2021
99,U.S.,47-1011,First-Line Supervisors of Construction Trades and Extraction Workers,detailed,665870.0,75060.0,72010.0,47330.0,58000.0,92150.0,108120.0,2021
99,U.S.,47-2011,Boilermakers,detailed,12920.0,69070.0,64290.0,46040.0,56430.0,79320.0,100240.0,2021
99,U.S.,47-2021,Brickmasons and Blockmasons,detailed,55950.0,61430.0,59340.0,37100.0,47110.0,76070.0,96750.0,2021
99,U.S.,47-2022,Stonemasons,detailed,9000.0,50170.0,47610.0,30180.0,37790.0,59380.0,75940.0,2021
99,U.S.,47-2031,Carpenters,detailed,668060.0,55190.0,48260.0,31880.0,38240.0,61980.0,80940.0,2021
99,U.S.,47-2041,Carpet Installers,detailed,19790.0,48710.0,46640.0,29090.0,36310.0,59770.0,75920.0,2021
99,U.S.,47-2042,"Floor Layers, Except Carpet, Wood, and Hard Tiles",detailed,18300.0,53880.0,48060.0,29840.0,37330.0,66510.0,82630.0,2021
99,U.S.,47-2043,Floor Sanders and Finishers,detailed,4340.0,44380.0,39140.0,28340.0,30250.0,48040.0,66190.0,2021
99,U.S.,47-2044,Tile and Stone Setters,detailed,41160.0,53330.0,47810.0,30070.0,37620.0,61020.0,78370.0,2021
99,U.S.,47-2051,Cement Masons and Concrete Finishers,detailed,186600.0,50900.0,47340.0,31610.0,37840.0,59690.0,76410.0,2021
99,U.S.,47-2053,Terrazzo Workers and Finishers,detailed,2640.0,58380.0,48680.0,36810.0,38960.0,69790.0,96980.0,2021
99,U.S.,47-2061,Construction Laborers,detailed,968760.0,44130.0,37770.0,28820.0,30780.0,48040.0,70310.0,2021
99,U.S.,47-2071,"Paving, Surfacing, and Tamping Equipment Operators",detailed,44200.0,50590.0,46960.0,30220.0,37630.0,59650.0,77820.0,2021
99,U.S.,47-2072,Pile Driver Operators,detailed,3760.0,75950.0,76260.0,38170.0,48950.0,96360.0,113360.0,2021
99,U.S.,47-2073,Operating Engineers and Other Construction Equipment Operators,detailed,404820.0,56280.0,48360.0,36150.0,38570.0,62690.0,85560.0,2021
99,U.S.,47-2081,Drywall and Ceiling Tile Installers,detailed,97070.0,54810.0,48040.0,30460.0,38000.0,61980.0,95600.0,2021
99,U.S.,47-2082,Tapers,detailed,14580.0,65140.0,61080.0,37980.0,48040.0,79080.0,100160.0,2021
99,U.S.,47-2111,Electricians,detailed,650580.0,63310.0,60040.0,37020.0,46900.0,77350.0,99800.0,2021
99,U.S.,47-2121,Glaziers,detailed,52700.0,51950.0,47180.0,30470.0,37630.0,60150.0,79340.0,2021
99,U.S.,47-2131,"Insulation Workers, Floor, Ceiling, and Wall",detailed,30360.0,44810.0,39880.0,29120.0,34200.0,48850.0,66210.0,2021
99,U.S.,47-2132,"Insulation Workers, Mechanical",detailed,28010.0,56260.0,48260.0,35970.0,38540.0,62010.0,92010.0,2021
99,U.S.,47-2141,"Painters, Construction and Maintenance",detailed,214220.0,47140.0,45590.0,29770.0,36920.0,53310.0,70570.0,2021
99,U.S.,47-2142,Paperhangers,detailed,2340.0,51560.0,47610.0,29590.0,37670.0,60420.0,75940.0,2021
99,U.S.,47-2151,Pipelayers,detailed,33330.0,48510.0,45980.0,30000.0,36910.0,59240.0,75410.0,2021
99,U.S.,47-2152,"Plumbers, Pipefitters, and Steamfitters",detailed,417620.0,63350.0,59880.0,36700.0,46590.0,77890.0,99920.0,2021
99,U.S.,47-2161,Plasterers and Stucco Masons,detailed,26980.0,54810.0,48340.0,30160.0,37860.0,61170.0,78310.0,2021
99,U.S.,47-2171,Reinforcing Iron and Rebar Workers,detailed,16420.0,58960.0,48830.0,36930.0,45190.0,73490.0,97630.0,2021
99,U.S.,47-2181,Roofers,detailed,129890.0,48890.0,47110.0,29870.0,37190.0,59480.0,73190.0,2021
99,U.S.,47-2211,Sheet Metal Workers,detailed,122630.0,58760.0,53440.0,34450.0,39200.0,74920.0,95010.0,2021
99,U.S.,47-2221,Structural Iron and Steel Workers,detailed,68620.0,61270.0,58550.0,36610.0,45670.0,76920.0,98000.0,2021
99,U.S.,47-2231,Solar Photovoltaic Installers,detailed,16420.0,50710.0,47670.0,36320.0,37990.0,59010.0,72080.0,2021
99,U.S.,47-3011,"Helpers--Brickmasons, Blockmasons, Stonemasons, and Tile and Marble Setters",detailed,18210.0,43370.0,37870.0,29280.0,33300.0,47430.0,64630.0,2021
99,U.S.,47-3012,Helpers--Carpenters,detailed,27540.0,37340.0,36690.0,28080.0,29750.0,43790.0,48030.0,2021
99,U.S.,47-3013,Helpers--Electricians,detailed,72150.0,36720.0,36360.0,27680.0,29630.0,39350.0,47790.0,2021
99,U.S.,47-3014,"Helpers--Painters, Paperhangers, Plasterers, and Stucco Masons",detailed,8940.0,35270.0,33370.0,27040.0,29400.0,37970.0,46540.0,2021
99,U.S.,47-3015,"Helpers--Pipelayers, Plumbers, Pipefitters, and Steamfitters",detailed,45930.0,36350.0,35720.0,27410.0,29260.0,38420.0,47630.0,2021
99,U.S.,47-3016,Helpers--Roofers,detailed,6830.0,36000.0,36360.0,25890.0,29650.0,38550.0,47430.0,2021
99,U.S.,47-3019,"Helpers, Construction Trades, All Other",detailed,27300.0,37610.0,36690.0,26620.0,29660.0,43480.0,48490.0,2021
99,U.S.,47-4011,Construction and Building Inspectors,detailed,117830.0,68480.0,61640.0,38110.0,48360.0,78940.0,100520.0,2021
99,U.S.,47-4021,Elevator and Escalator Installers and Repairers,detailed,22510.0,91320.0,97860.0,47370.0,62190.0,117350.0,130940.0,2021
99,U.S.,47-4031,Fence Erectors,detailed,24470.0,41140.0,37700.0,28830.0,31920.0,46550.0,58210.0,2021
99,U.S.,47-4041,Hazardous Materials Removal Workers,detailed,44240.0,49280.0,46300.0,30110.0,37070.0,59400.0,76390.0,2021
99,U.S.,47-4051,Highway Maintenance Workers,detailed,141150.0,44340.0,45880.0,29130.0,36700.0,48500.0,60970.0,2021
99,U.S.,47-4061,Rail-Track Laying and Maintenance Equipment Operators,detailed,21030.0,60770.0,61690.0,37620.0,48070.0,77560.0,80740.0,2021
99,U.S.,47-4071,Septic Tank Servicers and Sewer Pipe Cleaners,detailed,28620.0,45390.0,44810.0,29310.0,36240.0,49850.0,61890.0,2021
99,U.S.,47-4090,Miscellaneous Construction and Related Workers,detailed,30920.0,45370.0,39850.0,29350.0,35090.0,49860.0,66210.0,2021
99,U.S.,47-5011,"Derrick Operators, Oil and Gas",detailed,7880.0,52140.0,47230.0,36460.0,38270.0,61020.0,77000.0,2021
99,U.S.,47-5012,"Rotary Drill Operators, Oil and Gas",detailed,11170.0,61840.0,56380.0,36890.0,46940.0,76990.0,96520.0,2021
99,U.S.,47-5013,"Service Unit Operators, Oil and Gas",detailed,32870.0,55660.0,48410.0,32700.0,37990.0,62370.0,79340.0,2021
99,U.S.,47-5022,"Excavating and Loading Machine and Dragline Operators, Surface Mining",detailed,35720.0,49850.0,46740.0,34180.0,37790.0,58840.0,74320.0,2021
99,U.S.,47-5023,"Earth Drillers, Except Oil and Gas",detailed,15800.0,53600.0,48250.0,36910.0,43780.0,60830.0,77160.0,2021
99,U.S.,47-5032,"Explosives Workers, Ordnance Handling Experts, and Blasters",detailed,5370.0,57070.0,53040.0,36880.0,45610.0,65850.0,79320.0,2021
99,U.S.,47-5041,Continuous Mining Machine Operators,detailed,14740.0,57430.0,60300.0,38050.0,47370.0,61690.0,78060.0,2021
99,U.S.,47-5043,"Roof Bolters, Mining",detailed,1850.0,59170.0,59770.0,46840.0,47610.0,62000.0,75390.0,2021
99,U.S.,47-5044,"Loading and Moving Machine Operators, Underground Mining",detailed,4450.0,57330.0,57900.0,38000.0,47060.0,61030.0,76390.0,2021
99,U.S.,47-5049,"Underground Mining Machine Operators, All Other",detailed,3150.0,60290.0,61260.0,41480.0,48940.0,62890.0,79030.0,2021
99,U.S.,47-5051,"Rock Splitters, Quarry",detailed,4450.0,41630.0,37700.0,28830.0,30120.0,47530.0,59730.0,2021
99,U.S.,47-5071,"Roustabouts, Oil and Gas",detailed,34520.0,44730.0,38920.0,29460.0,36660.0,47790.0,60830.0,2021
99,U.S.,47-5081,Helpers--Extraction Workers,detailed,5980.0,40860.0,37760.0,29400.0,34600.0,46740.0,52790.0,2021
99,U.S.,47-5099,"Extraction Workers, All Other",detailed,5380.0,50960.0,48140.0,30900.0,37900.0,59790.0,76390.0,2021
99,U.S.,49-1011,"First-Line Supervisors of Mechanics, Installers, and Repairers",detailed,526240.0,73590.0,71260.0,43800.0,51980.0,91390.0,105910.0,2021
99,U.S.,49-2011,"Computer, Automated Teller, and Office Machine Repairers",detailed,86420.0,44170.0,40970.0,29010.0,34640.0,50440.0,60810.0,2021
99,U.S.,49-2021,"Radio, Cellular, and Tower Equipment Installers and Repairers",detailed,13700.0,62500.0,60360.0,36900.0,47230.0,77800.0,97210.0,2021
99,U.S.,49-2022,"Telecommunications Equipment Installers and Repairers, Except Line Installers",detailed,172830.0,60350.0,60370.0,36360.0,47040.0,76490.0,82660.0,2021
99,U.S.,49-2091,Avionics Technicians,detailed,18910.0,69860.0,69280.0,38700.0,56960.0,80690.0,100860.0,2021
99,U.S.,49-2092,"Electric Motor, Power Tool, and Related Repairers",detailed,15880.0,48740.0,46910.0,29920.0,37360.0,58970.0,70200.0,2021
99,U.S.,49-2093,"Electrical and Electronics Installers and Repairers, Transportation Equipment",detailed,10710.0,70650.0,77250.0,45530.0,59870.0,80900.0,97630.0,2021
99,U.S.,49-2094,"Electrical and Electronics Repairers, Commercial and Industrial Equipment",detailed,50780.0,64230.0,61730.0,37800.0,48420.0,76600.0,95700.0,2021
99,U.S.,49-2095,"Electrical and Electronics Repairers, Powerhouse, Substation, and Relay",detailed,22490.0,87640.0,93420.0,59540.0,76140.0,101680.0,120000.0,2021
99,U.S.,49-2096,"Electronic Equipment Installers and Repairers, Motor Vehicles",detailed,9000.0,43690.0,40670.0,29110.0,36260.0,48670.0,59770.0,2021
99,U.S.,49-2097,Audiovisual Equipment Installers and Repairers,detailed,21540.0,46120.0,44790.0,29460.0,36490.0,54150.0,65110.0,2021
99,U.S.,49-2098,Security and Fire Alarm Systems Installers,detailed,77420.0,52170.0,48320.0,30490.0,38110.0,60830.0,76240.0,2021
99,U.S.,49-3011,Aircraft Mechanics and Service Technicians,detailed,125440.0,69470.0,65380.0,38270.0,50330.0,79540.0,98590.0,2021
99,U.S.,49-3021,Automotive Body and Related Repairers,detailed,137300.0,50660.0,47270.0,29660.0,37360.0,59930.0,76220.0,2021
99,U.S.,49-3022,Automotive Glass Installers and Repairers,detailed,16230.0,40690.0,37920.0,28470.0,31370.0,47090.0,57680.0,2021
99,U.S.,49-3023,Automotive Service Technicians and Mechanics,detailed,629780.0,47990.0,46880.0,29010.0,35680.0,59950.0,75100.0,2021
99,U.S.,49-3031,Bus and Truck Mechanics and Diesel Engine Specialists,detailed,261420.0,53020.0,48690.0,35730.0,41600.0,61050.0,76150.0,2021
99,U.S.,49-3041,Farm Equipment Mechanics and Service Technicians,detailed,35030.0,47250.0,46910.0,30010.0,37280.0,58840.0,61900.0,2021
99,U.S.,49-3042,"Mobile Heavy Equipment Mechanics, Except Engines",detailed,145230.0,57280.0,58030.0,37290.0,47020.0,63450.0,78420.0,2021
99,U.S.,49-3043,Rail Car Repairers,detailed,22800.0,60400.0,60250.0,37430.0,47200.0,77150.0,80840.0,2021
99,U.S.,49-3051,Motorboat Mechanics and Service Technicians,detailed,23080.0,46660.0,46730.0,29260.0,36730.0,56550.0,63740.0,2021
99,U.S.,49-3052,Motorcycle Mechanics,detailed,15020.0,41970.0,38170.0,27890.0,30320.0,48060.0,60420.0,2021
99,U.S.,49-3053,Outdoor Power Equipment and Other Small Engine Mechanics,detailed,34700.0,40360.0,37540.0,28120.0,30400.0,47000.0,58150.0,2021
99,U.S.,49-3091,Bicycle Repairers,detailed,14760.0,34360.0,34690.0,24960.0,29120.0,37920.0,46210.0,2021
99,U.S.,49-3092,Recreational Vehicle Service Technicians,detailed,16030.0,44930.0,43560.0,29080.0,36100.0,49660.0,61270.0,2021
99,U.S.,49-3093,Tire Repairers and Changers,detailed,93180.0,32520.0,29580.0,23120.0,28260.0,36490.0,45190.0,2021
99,U.S.,49-9011,Mechanical Door Repairers,detailed,23300.0,45520.0,45060.0,29780.0,36820.0,51440.0,61400.0,2021
99,U.S.,49-9012,"Control and Valve Installers and Repairers, Except Mechanical Door",detailed,44870.0,67310.0,62760.0,37590.0,47840.0,80680.0,99680.0,2021
99,U.S.,49-9021,"Heating, Air Conditioning, and Refrigeration Mechanics and Installers",detailed,356960.0,54690.0,48630.0,34320.0,38450.0,62000.0,78210.0,2021
99,U.S.,49-9031,Home Appliance Repairers,detailed,28120.0,45340.0,44320.0,28450.0,34920.0,53890.0,63820.0,2021
99,U.S.,49-9041,Industrial Machinery Mechanics,detailed,373090.0,58780.0,59840.0,37370.0,47260.0,67460.0,79270.0,2021
99,U.S.,49-9043,"Maintenance Workers, Machinery",detailed,57660.0,53570.0,48900.0,35010.0,40540.0,61250.0,76110.0,2021
99,U.S.,49-9044,Millwrights,detailed,39240.0,61260.0,60330.0,37860.0,47540.0,76110.0,81190.0,2021
99,U.S.,49-9045,"Refractory Materials Repairers, Except Brickmasons",detailed,660.0,54760.0,54250.0,36780.0,46980.0,62760.0,72130.0,2021
99,U.S.,49-9051,Electrical Power-Line Installers and Repairers,detailed,123940.0,79060.0,78310.0,46200.0,60480.0,99000.0,107110.0,2021
99,U.S.,49-9052,Telecommunications Line Installers and Repairers,detailed,101530.0,62250.0,60190.0,37140.0,43570.0,78960.0,98320.0,2021
99,U.S.,49-9061,Camera and Photographic Equipment Repairers,detailed,2340.0,44260.0,38200.0,28380.0,32760.0,48510.0,69300.0,2021
99,U.S.,49-9062,Medical Equipment Repairers,detailed,53400.0,56420.0,49910.0,31280.0,38250.0,69920.0,81850.0,2021
99,U.S.,49-9063,Musical Instrument Repairers and Tuners,detailed,5710.0,39740.0,37160.0,24420.0,29220.0,46700.0,59120.0,2021
99,U.S.,49-9064,Watch and Clock Repairers,detailed,1970.0,45460.0,44250.0,23420.0,29300.0,55530.0,74760.0,2021
99,U.S.,49-9069,"Precision Instrument and Equipment Repairers, All Other",detailed,11110.0,59070.0,57670.0,37070.0,46650.0,71680.0,81270.0,2021
99,U.S.,49-9071,"Maintenance and Repair Workers, General",detailed,1416740.0,44920.0,43180.0,28910.0,34270.0,53900.0,62400.0,2021
99,U.S.,49-9081,Wind Turbine Service Technicians,detailed,10100.0,58580.0,56260.0,46420.0,47040.0,63930.0,77810.0,2021
99,U.S.,49-9091,"Coin, Vending, and Amusement Machine Servicers and Repairers",detailed,27540.0,42010.0,39040.0,27460.0,30300.0,48040.0,59770.0,2021
99,U.S.,49-9092,Commercial Divers,detailed,2670.0,82010.0,60360.0,37130.0,47120.0,115330.0,160110.0,2021
99,U.S.,49-9094,Locksmiths and Safe Repairers,detailed,15380.0,47810.0,46910.0,29330.0,36590.0,59380.0,69790.0,2021
99,U.S.,49-9095,Manufactured Building and Mobile Home Installers,detailed,3530.0,35830.0,36360.0,25150.0,29180.0,38750.0,47410.0,2021
99,U.S.,49-9096,Riggers,detailed,17980.0,52100.0,48130.0,30630.0,37820.0,61090.0,76550.0,2021
99,U.S.,49-9097,Signal and Track Switch Repairers,detailed,8090.0,74220.0,80570.0,50560.0,63360.0,80900.0,84170.0,2021
99,U.S.,49-9098,"Helpers--Installation, Maintenance, and Repair Workers",detailed,88480.0,35090.0,33100.0,23480.0,28990.0,37880.0,47180.0,2021
99,U.S.,49-9099,"Installation, Maintenance, and Repair Workers, All Other",detailed,164070.0,45380.0,42570.0,29080.0,34470.0,53350.0,66450.0,2021
99,U.S.,51-1011,First-Line Supervisors of Production and Operating Workers,detailed,629420.0,67330.0,61790.0,38070.0,48280.0,78820.0,100550.0,2021
99,U.S.,51-2011,"Aircraft Structure, Surfaces, Rigging, and Systems Assemblers",detailed,33320.0,55380.0,49480.0,31820.0,38870.0,73470.0,80300.0,2021
99,U.S.,51-2021,"Coil Winders, Tapers, and Finishers",detailed,11090.0,42460.0,38360.0,29250.0,33120.0,47500.0,60170.0,2021
99,U.S.,51-2028,"Electrical, Electronic, and Electromechanical Assemblers, Except Coil Winders, Tapers, and Finishers",detailed,271920.0,39630.0,37460.0,28820.0,30120.0,46770.0,57240.0,2021
99,U.S.,51-2031,Engine and Other Machine Assemblers,detailed,45990.0,48110.0,47440.0,30280.0,37610.0,60020.0,61190.0,2021
99,U.S.,51-2041,Structural Metal Fabricators and Fitters,detailed,61070.0,45730.0,45480.0,30090.0,37180.0,49470.0,61590.0,2021
99,U.S.,51-2051,Fiberglass Laminators and Fabricators,detailed,17380.0,40360.0,37650.0,29010.0,30660.0,47160.0,49670.0,2021
99,U.S.,51-2061,Timing Device Assemblers and Adjusters,detailed,560.0,44670.0,37780.0,29680.0,32120.0,48010.0,65200.0,2021
99,U.S.,51-2090,Miscellaneous Assemblers and Fabricators,detailed,1328550.0,37780.0,36590.0,26160.0,29710.0,45130.0,54510.0,2021
99,U.S.,51-3011,Bakers,detailed,181800.0,32300.0,29750.0,22820.0,27660.0,36930.0,45450.0,2021
99,U.S.,51-3021,Butchers and Meat Cutters,detailed,145930.0,35670.0,36050.0,23420.0,29120.0,38990.0,47770.0,2021
99,U.S.,51-3022,"Meat, Poultry, and Fish Cutters and Trimmers",detailed,132100.0,31680.0,29730.0,23190.0,28470.0,36920.0,37820.0,2021
99,U.S.,51-3023,Slaughterers and Meat Packers,detailed,86450.0,32010.0,29900.0,23750.0,29090.0,36870.0,37820.0,2021
99,U.S.,51-3091,"Food and Tobacco Roasting, Baking, and Drying Machine Operators and Tenders",detailed,21050.0,36280.0,35480.0,23480.0,29060.0,43380.0,48840.0,2021
99,U.S.,51-3092,Food Batchmakers,detailed,155240.0,36190.0,35780.0,23590.0,29160.0,44170.0,47760.0,2021
99,U.S.,51-3093,Food Cooking Machine Operators and Tenders,detailed,26710.0,35430.0,35890.0,23890.0,29470.0,38580.0,47440.0,2021
99,U.S.,51-3099,"Food Processing Workers, All Other",detailed,46360.0,33600.0,31890.0,23840.0,29210.0,36990.0,42140.0,2021
99,U.S.,51-4021,"Extruding and Drawing Machine Setters, Operators, and Tenders, Metal and Plastic",detailed,59490.0,40520.0,37750.0,29190.0,31900.0,47330.0,56360.0,2021
99,U.S.,51-4022,"Forging Machine Setters, Operators, and Tenders, Metal and Plastic",detailed,11500.0,44410.0,44520.0,29840.0,36750.0,49190.0,60390.0,2021
99,U.S.,51-4023,"Rolling Machine Setters, Operators, and Tenders, Metal and Plastic",detailed,31650.0,46210.0,46210.0,30220.0,37610.0,56140.0,60800.0,2021
99,U.S.,51-4031,"Cutting, Punching, and Press Machine Setters, Operators, and Tenders, Metal and Plastic",detailed,179630.0,40000.0,37630.0,29010.0,30520.0,47160.0,57390.0,2021
99,U.S.,51-4032,"Drilling and Boring Machine Tool Setters, Operators, and Tenders, Metal and Plastic",detailed,6810.0,43240.0,38580.0,29820.0,33980.0,47970.0,60330.0,2021
99,U.S.,51-4033,"Grinding, Lapping, Polishing, and Buffing Machine Tool Setters, Operators, and Tenders, Metal and Plastic",detailed,67750.0,40030.0,37550.0,29120.0,30500.0,47150.0,57000.0,2021
99,U.S.,51-4034,"Lathe and Turning Machine Tool Setters, Operators, and Tenders, Metal and Plastic",detailed,19690.0,44270.0,44240.0,29720.0,36750.0,48920.0,60820.0,2021
99,U.S.,51-4035,"Milling and Planing Machine Setters, Operators, and Tenders, Metal and Plastic",detailed,14920.0,47100.0,46850.0,30060.0,37370.0,56500.0,62280.0,2021
99,U.S.,51-4041,Machinists,detailed,333220.0,49020.0,47730.0,30220.0,37770.0,60040.0,68250.0,2021
99,U.S.,51-4051,Metal-Refining Furnace Operators and Tenders,detailed,15540.0,46440.0,46690.0,30060.0,37200.0,58240.0,62020.0,2021
99,U.S.,51-4052,"Pourers and Casters, Metal",detailed,6570.0,44910.0,45850.0,30010.0,36750.0,50480.0,61920.0,2021
99,U.S.,51-4061,"Model Makers, Metal and Plastic",detailed,3690.0,59080.0,55630.0,36900.0,43480.0,76920.0,80330.0,2021
99,U.S.,51-4062,"Patternmakers, Metal and Plastic",detailed,2090.0,49840.0,48090.0,30120.0,37710.0,60660.0,75420.0,2021
99,U.S.,51-4071,Foundry Mold and Coremakers,detailed,13610.0,39980.0,37710.0,28810.0,30590.0,47440.0,53850.0,2021
99,U.S.,51-4072,"Molding, Coremaking, and Casting Machine Setters, Operators, and Tenders, Metal and Plastic",detailed,163210.0,37530.0,36370.0,27070.0,29570.0,44810.0,49990.0,2021
99,U.S.,51-4081,"Multiple Machine Tool Setters, Operators, and Tenders, Metal and Plastic",detailed,134880.0,40830.0,37630.0,28560.0,30280.0,47500.0,59700.0,2021
99,U.S.,51-4111,Tool and Die Makers,detailed,63630.0,56150.0,57000.0,36900.0,46720.0,63430.0,77240.0,2021
99,U.S.,51-4121,"Welders, Cutters, Solderers, and Brazers",detailed,397600.0,48290.0,47010.0,31350.0,37860.0,56850.0,63660.0,2021
99,U.S.,51-4122,"Welding, Soldering, and Brazing Machine Setters, Operators, and Tenders",detailed,29980.0,42950.0,38580.0,30010.0,36020.0,48290.0,59720.0,2021
99,U.S.,51-4191,"Heat Treating Equipment Setters, Operators, and Tenders, Metal and Plastic",detailed,14540.0,41560.0,38450.0,29110.0,31890.0,47940.0,58180.0,2021
99,U.S.,51-4192,"Layout Workers, Metal and Plastic",detailed,6840.0,52340.0,51690.0,32380.0,39460.0,61620.0,66000.0,2021
99,U.S.,51-4193,"Plating Machine Setters, Operators, and Tenders, Metal and Plastic",detailed,32310.0,38580.0,37200.0,28820.0,30120.0,45760.0,49440.0,2021
99,U.S.,51-4194,"Tool Grinders, Filers, and Sharpeners",detailed,6100.0,43660.0,38430.0,29010.0,34330.0,48980.0,60710.0,2021
99,U.S.,51-4199,"Metal Workers and Plastic Workers, All Other",detailed,18740.0,39480.0,36990.0,28820.0,30070.0,45920.0,58180.0,2021
99,U.S.,51-5111,Prepress Technicians and Workers,detailed,25840.0,43800.0,42610.0,29110.0,34180.0,48960.0,60960.0,2021
99,U.S.,51-5112,Printing Press Operators,detailed,145290.0,41120.0,37770.0,27890.0,30160.0,47640.0,59830.0,2021
99,U.S.,51-5113,Print Binding and Finishing Workers,detailed,40810.0,37060.0,36590.0,23840.0,29610.0,45820.0,48550.0,2021
99,U.S.,51-6011,Laundry and Dry-Cleaning Workers,detailed,157400.0,27830.0,28350.0,20740.0,23040.0,29820.0,36300.0,2021
99,U.S.,51-6021,"Pressers, Textile, Garment, and Related Materials",detailed,26910.0,28110.0,28680.0,21580.0,23290.0,29820.0,36160.0,2021
99,U.S.,51-6031,Sewing Machine Operators,detailed,116220.0,30880.0,29690.0,22290.0,26120.0,36100.0,38420.0,2021
99,U.S.,51-6041,Shoe and Leather Workers and Repairers,detailed,5620.0,34890.0,31450.0,23360.0,28350.0,38100.0,48010.0,2021
99,U.S.,51-6042,Shoe Machine Operators and Tenders,detailed,3610.0,29920.0,28560.0,20970.0,23440.0,34490.0,38030.0,2021
99,U.S.,51-6051,"Sewers, Hand",detailed,4170.0,31350.0,29930.0,22290.0,26330.0,36530.0,38660.0,2021
99,U.S.,51-6052,"Tailors, Dressmakers, and Custom Sewers",detailed,17270.0,35430.0,31420.0,22070.0,27900.0,38660.0,57480.0,2021
99,U.S.,51-6061,Textile Bleaching and Dyeing Machine Operators and Tenders,detailed,6240.0,31940.0,29930.0,23140.0,28350.0,36670.0,40420.0,2021
99,U.S.,51-6062,"Textile Cutting Machine Setters, Operators, and Tenders",detailed,11970.0,33100.0,29960.0,23010.0,28350.0,37150.0,46800.0,2021
99,U.S.,51-6063,"Textile Knitting and Weaving Machine Setters, Operators, and Tenders",detailed,16330.0,33640.0,33990.0,23720.0,29030.0,37170.0,45460.0,2021
99,U.S.,51-6064,"Textile Winding, Twisting, and Drawing Out Machine Setters, Operators, and Tenders",detailed,22160.0,33050.0,30020.0,26060.0,29020.0,36990.0,40340.0,2021
99,U.S.,51-6091,"Extruding and Forming Machine Setters, Operators, and Tenders, Synthetic and Glass Fibers",detailed,14040.0,40600.0,37550.0,29030.0,30750.0,47440.0,59520.0,2021
99,U.S.,51-6092,Fabric and Apparel Patternmakers,detailed,3220.0,64070.0,58650.0,29500.0,37630.0,79540.0,104110.0,2021
99,U.S.,51-6093,Upholsterers,detailed,28020.0,38220.0,37420.0,23700.0,29750.0,46210.0,52190.0,2021
99,U.S.,51-6099,"Textile, Apparel, and Furnishings Workers, All Other",detailed,12750.0,32840.0,29750.0,22990.0,27520.0,37080.0,46370.0,2021
99,U.S.,51-7011,Cabinetmakers and Bench Carpenters,detailed,93070.0,40070.0,37540.0,28200.0,30070.0,47160.0,58250.0,2021
99,U.S.,51-7021,Furniture Finishers,detailed,16300.0,37310.0,36580.0,26200.0,29610.0,44520.0,48730.0,2021
99,U.S.,51-7031,"Model Makers, Wood",detailed,340.0,60040.0,60780.0,37070.0,46910.0,75940.0,79830.0,2021
99,U.S.,51-7032,"Patternmakers, Wood",detailed,210.0,51020.0,46920.0,30070.0,37710.0,62680.0,77280.0,2021
99,U.S.,51-7041,"Sawing Machine Setters, Operators, and Tenders, Wood",detailed,45350.0,35280.0,35340.0,23430.0,29120.0,38090.0,47320.0,2021
99,U.S.,51-7042,"Woodworking Machine Setters, Operators, and Tenders, Except Sawing",detailed,67210.0,35560.0,36090.0,23960.0,29390.0,38190.0,47330.0,2021
99,U.S.,51-7099,"Woodworkers, All Other",detailed,7910.0,36080.0,35610.0,23700.0,29120.0,41550.0,49990.0,2021
99,U.S.,51-8011,Nuclear Power Reactor Operators,detailed,4820.0,111220.0,104260.0,79720.0,98390.0,126950.0,132960.0,2021
99,U.S.,51-8012,Power Distributors and Dispatchers,detailed,9660.0,95520.0,98530.0,61670.0,79270.0,109180.0,129900.0,2021
99,U.S.,51-8013,Power Plant Operators,detailed,28960.0,83740.0,80850.0,48610.0,62890.0,100340.0,110590.0,2021
99,U.S.,51-8021,Stationary Engineers and Boiler Operators,detailed,29820.0,70510.0,63500.0,44260.0,49760.0,80730.0,100690.0,2021
99,U.S.,51-8031,Water and Wastewater Treatment Plant and System Operators,detailed,121150.0,52320.0,47880.0,30070.0,37720.0,60740.0,77170.0,2021
99,U.S.,51-8091,Chemical Plant and System Operators,detailed,21740.0,69020.0,70200.0,38340.0,48920.0,81250.0,99960.0,2021
99,U.S.,51-8092,Gas Plant Operators,detailed,15110.0,76970.0,77850.0,47470.0,61410.0,96200.0,103420.0,2021
99,U.S.,51-8093,"Petroleum Pump System Operators, Refinery Operators, and Gaugers",detailed,34230.0,80500.0,79540.0,51290.0,64350.0,98030.0,101780.0,2021
99,U.S.,51-8099,"Plant and System Operators, All Other",detailed,15420.0,55480.0,50250.0,29750.0,38070.0,66670.0,80270.0,2021
99,U.S.,51-9011,Chemical Equipment Operators and Tenders,detailed,106170.0,52450.0,48090.0,30180.0,37610.0,61690.0,79100.0,2021
99,U.S.,51-9012,"Separating, Filtering, Clarifying, Precipitating, and Still Machine Setters, Operators, and Tenders",detailed,48620.0,47060.0,46030.0,29680.0,36750.0,54650.0,65650.0,2021
99,U.S.,51-9021,"Crushing, Grinding, and Polishing Machine Setters, Operators, and Tenders",detailed,31800.0,42790.0,38760.0,29120.0,33240.0,48500.0,59970.0,2021
99,U.S.,51-9022,"Grinding and Polishing Workers, Hand",detailed,15680.0,35990.0,35670.0,24470.0,29750.0,38910.0,47730.0,2021
99,U.S.,51-9023,"Mixing and Blending Machine Setters, Operators, and Tenders",detailed,108440.0,42490.0,38420.0,29250.0,34090.0,47850.0,59970.0,2021
99,U.S.,51-9031,"Cutters and Trimmers, Hand",detailed,7920.0,34330.0,30230.0,23240.0,28100.0,37740.0,47680.0,2021
99,U.S.,51-9032,"Cutting and Slicing Machine Setters, Operators, and Tenders",detailed,55930.0,40010.0,37810.0,28990.0,31310.0,47280.0,49710.0,2021
99,U.S.,51-9041,"Extruding, Forming, Pressing, and Compacting Machine Setters, Operators, and Tenders",detailed,56570.0,40050.0,37660.0,28890.0,30280.0,47430.0,56580.0,2021
99,U.S.,51-9051,"Furnace, Kiln, Oven, Drier, and Kettle Operators and Tenders",detailed,14180.0,43910.0,43710.0,29310.0,36070.0,49200.0,60640.0,2021
99,U.S.,51-9061,"Inspectors, Testers, Sorters, Samplers, and Weighers",detailed,551380.0,44810.0,38580.0,28820.0,31540.0,49450.0,62970.0,2021
99,U.S.,51-9071,Jewelers and Precious Stone and Metal Workers,detailed,24350.0,47090.0,46640.0,27030.0,35490.0,58260.0,68960.0,2021
99,U.S.,51-9081,Dental Laboratory Technicians,detailed,34150.0,47320.0,45770.0,29600.0,36160.0,57730.0,71740.0,2021
99,U.S.,51-9082,Medical Appliance Technicians,detailed,15300.0,46320.0,45280.0,30010.0,35940.0,49970.0,65000.0,2021
99,U.S.,51-9083,Ophthalmic Laboratory Technicians,detailed,18930.0,38910.0,37270.0,28080.0,30010.0,46210.0,56190.0,2021
99,U.S.,51-9111,Packaging and Filling Machine Operators and Tenders,detailed,358640.0,36750.0,35960.0,24960.0,29250.0,42050.0,48620.0,2021
99,U.S.,51-9123,"Painting, Coating, and Decorating Workers",detailed,11850.0,38250.0,37330.0,26190.0,30010.0,45850.0,50720.0,2021
99,U.S.,51-9124,"Coating, Painting, and Spraying Machine Setters, Operators, and Tenders",detailed,145410.0,43900.0,39130.0,29460.0,35430.0,48480.0,60330.0,2021
99,U.S.,51-9141,Semiconductor Processing Technicians,detailed,24020.0,45910.0,39870.0,29830.0,36100.0,55910.0,72260.0,2021
99,U.S.,51-9151,Photographic Process Workers and Processing Machine Operators,detailed,5740.0,40300.0,36590.0,26170.0,29690.0,46460.0,60650.0,2021
99,U.S.,51-9161,Computer Numerically Controlled Tool Operators,detailed,157840.0,46240.0,46640.0,30220.0,37510.0,50630.0,61840.0,2021
99,U.S.,51-9162,Computer Numerically Controlled Tool Programmers,detailed,25800.0,62360.0,60780.0,38290.0,48160.0,76540.0,86940.0,2021
99,U.S.,51-9191,Adhesive Bonding Machine Operators and Tenders,detailed,12510.0,38580.0,37630.0,26920.0,29820.0,46480.0,48980.0,2021
99,U.S.,51-9192,"Cleaning, Washing, and Metal Pickling Equipment Operators and Tenders",detailed,13580.0,35820.0,35090.0,25840.0,29250.0,38940.0,47330.0,2021
99,U.S.,51-9193,Cooling and Freezing Equipment Operators and Tenders,detailed,7500.0,42910.0,40390.0,29200.0,35150.0,48330.0,59970.0,2021
99,U.S.,51-9194,Etchers and Engravers,detailed,7110.0,36970.0,36590.0,23860.0,29460.0,43950.0,49390.0,2021
99,U.S.,51-9195,"Molders, Shapers, and Casters, Except Metal and Plastic",detailed,38420.0,39020.0,37500.0,28820.0,30270.0,46210.0,51500.0,2021
99,U.S.,51-9196,"Paper Goods Machine Setters, Operators, and Tenders",detailed,87480.0,44180.0,44820.0,29480.0,36390.0,48640.0,61380.0,2021
99,U.S.,51-9197,Tire Builders,detailed,17240.0,47840.0,47940.0,30500.0,37630.0,60110.0,60390.0,2021
99,U.S.,51-9198,Helpers--Production Workers,detailed,202860.0,32910.0,30000.0,22830.0,28260.0,37120.0,46230.0,2021
99,U.S.,51-9199,"Production Workers, All Other",detailed,204500.0,36230.0,32930.0,23700.0,28840.0,39530.0,49980.0,2021
99,U.S.,53-1041,Aircraft Cargo Handling Supervisors,detailed,8590.0,62080.0,53540.0,38830.0,48180.0,79830.0,82450.0,2021
99,U.S.,53-1047,"First-Line Supervisors of Transportation and Material Moving Workers, Except Aircraft Cargo Handling Supervisors",detailed,549260.0,58580.0,54850.0,36820.0,42640.0,70160.0,82240.0,2021
99,U.S.,53-2011,"Airline Pilots, Copilots, and Flight Engineers",detailed,81310.0,198190.0,202180.0,100110.0,126470.0,,,2021
99,U.S.,53-2012,Commercial Pilots,detailed,42770.0,115080.0,99640.0,50080.0,75370.0,134110.0,205940.0,2021
99,U.S.,53-2021,Air Traffic Controllers,detailed,21230.0,127920.0,129750.0,71880.0,90330.0,163700.0,185990.0,2021
99,U.S.,53-2022,Airfield Operations Specialists,detailed,12610.0,54360.0,47880.0,30770.0,37990.0,63350.0,81910.0,2021
99,U.S.,53-2031,Flight Attendants,detailed,96900.0,62280.0,61640.0,37020.0,48780.0,76920.0,81400.0,2021
99,U.S.,53-3011,"Ambulance Drivers and Attendants, Except Emergency Medical Technicians",detailed,11710.0,31060.0,29120.0,22460.0,24320.0,34720.0,46740.0,2021
99,U.S.,53-3031,Driver/Sales Workers,detailed,477020.0,31970.0,29280.0,18360.0,22570.0,37810.0,47850.0,2021
99,U.S.,53-3032,Heavy and Tractor-Trailer Truck Drivers,detailed,1903420.0,50340.0,48310.0,30710.0,38570.0,59950.0,72730.0,2021
99,U.S.,53-3033,Light Truck Drivers,detailed,1010040.0,42630.0,38280.0,24380.0,30350.0,48790.0,65500.0,2021
99,U.S.,53-3051,"Bus Drivers, School",detailed,361420.0,38750.0,37910.0,19860.0,29490.0,47520.0,54190.0,2021
99,U.S.,53-3052,"Bus Drivers, Transit and Intercity",detailed,145720.0,51310.0,48620.0,30290.0,38080.0,62400.0,77640.0,2021
99,U.S.,53-3053,Shuttle Drivers and Chauffeurs,detailed,175660.0,32570.0,30000.0,22710.0,26420.0,37010.0,45980.0,2021
99,U.S.,53-3054,Taxi Drivers,detailed,13950.0,30050.0,29310.0,21010.0,23950.0,33620.0,38670.0,2021
99,U.S.,53-3099,"Motor Vehicle Operators, All Other",detailed,48690.0,36410.0,30600.0,20470.0,24710.0,45790.0,59640.0,2021
99,U.S.,53-4011,Locomotive Engineers,detailed,38980.0,72940.0,79740.0,48780.0,62410.0,82050.0,84120.0,2021
99,U.S.,53-4013,"Rail Yard Engineers, Dinkey Operators, and Hostlers",detailed,4460.0,58070.0,61090.0,38550.0,47350.0,64500.0,79270.0,2021
99,U.S.,53-4022,"Railroad Brake, Signal, and Switch Operators and Locomotive Firers",detailed,16200.0,63050.0,63840.0,44260.0,60620.0,64440.0,80400.0,2021
99,U.S.,53-4031,Railroad Conductors and Yardmasters,detailed,48030.0,66990.0,63960.0,48950.0,61220.0,77710.0,82460.0,2021
99,U.S.,53-4041,Subway and Streetcar Operators,detailed,10310.0,71520.0,81180.0,48010.0,61000.0,81980.0,82160.0,2021
99,U.S.,53-4099,"Rail Transportation Workers, All Other",detailed,1140.0,54140.0,47590.0,34170.0,38400.0,63530.0,77770.0,2021
99,U.S.,53-5011,Sailors and Marine Oilers,detailed,26610.0,57800.0,46720.0,29120.0,35380.0,61430.0,78340.0,2021
99,U.S.,53-5021,"Captains, Mates, and Pilots of Water Vessels",detailed,33490.0,98330.0,81640.0,37240.0,59400.0,122520.0,159690.0,2021
99,U.S.,53-5022,Motorboat Operators,detailed,2740.0,44410.0,38670.0,28350.0,32620.0,51020.0,66640.0,2021
99,U.S.,53-5031,Ship Engineers,detailed,7650.0,96910.0,82410.0,49420.0,64330.0,105910.0,139410.0,2021
99,U.S.,53-6011,Bridge and Lock Tenders,detailed,4040.0,44760.0,45390.0,27400.0,28690.0,59250.0,64330.0,2021
99,U.S.,53-6021,Parking Attendants,detailed,91160.0,29210.0,29240.0,19970.0,23410.0,31110.0,37800.0,2021
99,U.S.,53-6031,Automotive and Watercraft Service Attendants,detailed,111480.0,29960.0,29330.0,22980.0,24960.0,31030.0,37810.0,2021
99,U.S.,53-6032,Aircraft Service Attendants,detailed,12170.0,38640.0,36390.0,27920.0,29990.0,44670.0,58790.0,2021
99,U.S.,53-6041,Traffic Technicians,detailed,7770.0,53210.0,48610.0,36450.0,38500.0,61920.0,79880.0,2021
99,U.S.,53-6051,Transportation Inspectors,detailed,25070.0,77620.0,79770.0,37030.0,50780.0,98280.0,124200.0,2021
99,U.S.,53-6061,Passenger Attendants,detailed,21240.0,34380.0,30470.0,24930.0,29210.0,38980.0,46820.0,2021
99,U.S.,53-6099,"Transportation Workers, All Other",detailed,13750.0,39990.0,36880.0,23250.0,29520.0,48540.0,61450.0,2021
99,U.S.,53-7011,Conveyor Operators and Tenders,detailed,28650.0,37010.0,36420.0,28790.0,29650.0,40490.0,48950.0,2021
99,U.S.,53-7021,Crane and Tower Operators,detailed,43400.0,65270.0,62240.0,37490.0,48140.0,77930.0,98490.0,2021
99,U.S.,53-7031,Dredge Operators,detailed,1650.0,50530.0,46210.0,35440.0,38250.0,61740.0,76610.0,2021
99,U.S.,53-7041,Hoist and Winch Operators,detailed,2610.0,58450.0,52300.0,30560.0,37820.0,77980.0,99640.0,2021
99,U.S.,53-7051,Industrial Truck and Tractor Operators,detailed,758290.0,40950.0,38380.0,29860.0,36000.0,47230.0,53040.0,2021
99,U.S.,53-7061,Cleaners of Vehicles and Equipment,detailed,351960.0,30550.0,29280.0,21890.0,24180.0,34620.0,38830.0,2021
99,U.S.,53-7062,"Laborers and Freight, Stock, and Material Movers, Hand",detailed,2729010.0,34950.0,31230.0,24180.0,29240.0,37970.0,47600.0,2021
99,U.S.,53-7063,Machine Feeders and Offbearers,detailed,60880.0,36660.0,37010.0,26480.0,29920.0,39460.0,48350.0,2021
99,U.S.,53-7064,"Packers and Packagers, Hand",detailed,585270.0,30950.0,29940.0,23030.0,26090.0,36060.0,38220.0,2021
99,U.S.,53-7065,Stockers and Order Fillers,detailed,2451430.0,33020.0,30110.0,23460.0,28350.0,37470.0,45770.0,2021
99,U.S.,53-7071,Gas Compressor and Gas Pumping Station Operators,detailed,2910.0,67130.0,70720.0,38490.0,49400.0,80500.0,90740.0,2021
99,U.S.,53-7072,"Pump Operators, Except Wellhead Pumpers",detailed,10600.0,54400.0,49580.0,34120.0,38830.0,64740.0,79830.0,2021
99,U.S.,53-7073,Wellhead Pumpers,detailed,16040.0,67170.0,63740.0,38590.0,49790.0,79520.0,94050.0,2021
99,U.S.,53-7081,Refuse and Recyclable Material Collectors,detailed,126050.0,42780.0,38500.0,24950.0,30270.0,48870.0,62310.0,2021
99,U.S.,53-7121,"Tank Car, Truck, and Ship Loaders",detailed,12090.0,55330.0,49390.0,33090.0,38570.0,77610.0,79860.0,2021
99,U.S.,53-7199,"Material Moving Workers, All Other",detailed,22470.0,40190.0,36150.0,28450.0,29960.0,47380.0,60830.0,2021
99,U.S.,11-1011,Chief Executives,detailed,199240.0,246440.0,189520.0,74920.0,122480.0,,,2022
99,U.S.,11-1021,General and Operations Managers,detailed,3376680.0,122860.0,98100.0,43470.0,62070.0,154560.0,221270.0,2022
99,U.S.,11-1031,Legislators,detailed,42890.0,71100.0,48090.0,20970.0,28690.0,94030.0,149710.0,2022
99,U.S.,11-2011,Advertising and Promotions Managers,detailed,22010.0,147050.0,127830.0,60380.0,85020.0,172920.0,,2022
99,U.S.,11-2021,Marketing Managers,detailed,328570.0,158280.0,140040.0,76790.0,103060.0,198530.0,,2022
99,U.S.,11-2022,Sales Managers,detailed,536390.0,150530.0,130600.0,61040.0,87910.0,180390.0,,2022
99,U.S.,11-2032,Public Relations Managers,detailed,64280.0,150030.0,129430.0,71710.0,96280.0,177170.0,,2022
99,U.S.,11-2033,Fundraising Managers,detailed,26240.0,124450.0,107390.0,63320.0,80330.0,155100.0,205230.0,2022
99,U.S.,11-3012,Administrative Services Managers,detailed,236570.0,115640.0,103330.0,59070.0,78490.0,135200.0,178870.0,2022
99,U.S.,11-3013,Facilities Managers,detailed,116980.0,105970.0,99030.0,59280.0,75190.0,128590.0,164080.0,2022
99,U.S.,11-3021,Computer and Information Systems Managers,detailed,533220.0,173670.0,164070.0,97430.0,127180.0,207850.0,,2022
99,U.S.,11-3031,Financial Managers,detailed,740780.0,166050.0,139790.0,79050.0,104150.0,203720.0,,2022
99,U.S.,11-3051,Industrial Production Managers,detailed,211710.0,120900.0,107560.0,67720.0,85350.0,139430.0,178470.0,2022
99,U.S.,11-3061,Purchasing Managers,detailed,75070.0,140650.0,131350.0,80000.0,101790.0,166980.0,210000.0,2022
99,U.S.,11-3071,"Transportation, Storage, and Distribution Managers",detailed,169910.0,108910.0,98560.0,57780.0,75640.0,130240.0,169070.0,2022
99,U.S.,11-3111,Compensation and Benefits Managers,detailed,16850.0,143140.0,131280.0,77230.0,99270.0,172520.0,217650.0,2022
99,U.S.,11-3121,Human Resources Managers,detailed,181360.0,145750.0,130000.0,76610.0,98230.0,171170.0,224360.0,2022
99,U.S.,11-3131,Training and Development Managers,detailed,39550.0,132100.0,120000.0,68450.0,88680.0,161630.0,210470.0,2022
99,U.S.,11-9013,"Farmers, Ranchers, and Other Agricultural Managers",detailed,6250.0,83790.0,75760.0,37440.0,53160.0,103130.0,139040.0,2022
99,U.S.,11-9021,Construction Managers,detailed,303220.0,112790.0,101480.0,62210.0,78950.0,131280.0,168390.0,2022
99,U.S.,11-9031,"Education and Childcare Administrators, Preschool and Daycare",detailed,60010.0,57610.0,49690.0,35190.0,40470.0,63240.0,85390.0,2022
99,U.S.,11-9032,"Education Administrators, Kindergarten through Secondary",detailed,285910.0,106690.0,101320.0,64690.0,80290.0,128740.0,158770.0,2022
99,U.S.,11-9033,"Education Administrators, Postsecondary",detailed,167060.0,115180.0,99940.0,61000.0,77010.0,132010.0,196420.0,2022
99,U.S.,11-9039,"Education Administrators, All Other",detailed,50180.0,99820.0,89130.0,48650.0,64460.0,119520.0,154690.0,2022
99,U.S.,11-9041,Architectural and Engineering Managers,detailed,197180.0,163310.0,159920.0,102450.0,128420.0,189130.0,221550.0,2022
99,U.S.,11-9051,Food Service Managers,detailed,231100.0,67130.0,61310.0,38740.0,48110.0,77450.0,100520.0,2022
99,U.S.,11-9071,Gambling Managers,detailed,4800.0,95830.0,80710.0,49710.0,61920.0,114790.0,163190.0,2022
99,U.S.,11-9072,"Entertainment and Recreation Managers, Except Gambling",detailed,22950.0,79750.0,67220.0,38350.0,49980.0,94250.0,130040.0,2022
99,U.S.,11-9081,Lodging Managers,detailed,39870.0,73230.0,61910.0,36860.0,47000.0,83630.0,122440.0,2022
99,U.S.,11-9111,Medical and Health Services Managers,detailed,476750.0,127980.0,104830.0,64100.0,81430.0,143200.0,209990.0,2022
99,U.S.,11-9121,Natural Sciences Managers,detailed,82570.0,163610.0,144440.0,73730.0,103780.0,210330.0,,2022
99,U.S.,11-9131,Postmasters and Mail Superintendents,detailed,13460.0,84190.0,82760.0,74900.0,76420.0,91250.0,100340.0,2022
99,U.S.,11-9141,"Property, Real Estate, and Community Association Managers",detailed,261120.0,76110.0,60670.0,35210.0,45400.0,84200.0,129900.0,2022
99,U.S.,11-9151,Social and Community Service Managers,detailed,162880.0,79310.0,74240.0,46770.0,58590.0,95420.0,123320.0,2022
99,U.S.,11-9161,Emergency Management Directors,detailed,11290.0,88890.0,79180.0,46920.0,59480.0,106200.0,147870.0,2022
99,U.S.,11-9171,Funeral Home Managers,detailed,13680.0,84770.0,72110.0,43910.0,53490.0,97910.0,133010.0,2022
99,U.S.,11-9179,"Personal Service Managers, All Other",detailed,8840.0,60510.0,56090.0,35010.0,40350.0,71350.0,96930.0,2022
99,U.S.,11-9199,"Managers, All Other",detailed,543290.0,141190.0,128620.0,63380.0,92840.0,168570.0,218550.0,2022
99,U.S.,13-1011,"Agents and Business Managers of Artists, Performers, and Athletes",detailed,13130.0,120100.0,82530.0,45180.0,62910.0,161340.0,,2022
99,U.S.,13-1020,Buyers and Purchasing Agents,detailed,464880.0,75140.0,67620.0,41060.0,51820.0,90920.0,116370.0,2022
99,U.S.,13-1031,"Claims Adjusters, Examiners, and Investigators",detailed,285270.0,73380.0,72230.0,46040.0,57050.0,85250.0,102630.0,2022
99,U.S.,13-1032,"Insurance Appraisers, Auto Damage",detailed,11430.0,71580.0,69380.0,49940.0,60980.0,80590.0,94440.0,2022
99,U.S.,13-1041,Compliance Officers,detailed,359640.0,76980.0,71690.0,41050.0,52490.0,97050.0,118060.0,2022
99,U.S.,13-1051,Cost Estimators,detailed,225310.0,76740.0,71200.0,42110.0,53080.0,93420.0,120600.0,2022
99,U.S.,13-1071,Human Resources Specialists,detailed,835360.0,73080.0,64240.0,39340.0,49160.0,86280.0,116060.0,2022
99,U.S.,13-1074,Farm Labor Contractors,detailed,550.0,54630.0,49330.0,29880.0,34890.0,72690.0,85190.0,2022
99,U.S.,13-1075,Labor Relations Specialists,detailed,62200.0,87470.0,82010.0,38900.0,61240.0,106230.0,131660.0,2022
99,U.S.,13-1081,Logisticians,detailed,202970.0,81220.0,77520.0,46260.0,60020.0,99400.0,124050.0,2022
99,U.S.,13-1082,Project Management Specialists,detailed,843910.0,101610.0,95370.0,52500.0,68980.0,126660.0,159150.0,2022
99,U.S.,13-1111,Management Analysts,detailed,808860.0,104660.0,95290.0,55590.0,70310.0,127480.0,167650.0,2022
99,U.S.,13-1121,"Meeting, Convention, and Event Planners",detailed,112070.0,58750.0,52560.0,32050.0,40030.0,70230.0,92880.0,2022
99,U.S.,13-1131,Fundraisers,detailed,94630.0,66670.0,61190.0,37700.0,46930.0,80230.0,102740.0,2022
99,U.S.,13-1141,"Compensation, Benefits, and Job Analysis Specialists",detailed,93550.0,75920.0,67780.0,42250.0,52410.0,89740.0,117060.0,2022
99,U.S.,13-1151,Training and Development Specialists,detailed,367180.0,69870.0,63080.0,34950.0,46480.0,83920.0,108530.0,2022
99,U.S.,13-1161,Market Research Analysts and Marketing Specialists,detailed,798620.0,78880.0,68230.0,38280.0,49980.0,99000.0,131850.0,2022
99,U.S.,13-1199,"Business Operations Specialists, All Other",detailed,1081230.0,82670.0,75990.0,40310.0,54720.0,101090.0,131260.0,2022
99,U.S.,13-2011,Accountants and Auditors,detailed,1402420.0,86740.0,78000.0,48560.0,60920.0,101150.0,132690.0,2022
99,U.S.,13-2020,Property Appraisers and Assessors,detailed,59970.0,80460.0,61560.0,35700.0,46530.0,82950.0,117600.0,2022
99,U.S.,13-2031,Budget Analysts,detailed,48430.0,87680.0,82260.0,53000.0,65360.0,104290.0,128170.0,2022
99,U.S.,13-2041,Credit Analysts,detailed,71960.0,92180.0,78850.0,47960.0,60290.0,105900.0,161800.0,2022
99,U.S.,13-2051,Financial and Investment Analysts,detailed,291370.0,108790.0,95080.0,58950.0,73320.0,126120.0,169940.0,2022
99,U.S.,13-2052,Personal Financial Advisors,detailed,283060.0,137740.0,95390.0,46700.0,61960.0,165590.0,,2022
99,U.S.,13-2053,Insurance Underwriters,detailed,105900.0,82990.0,76230.0,47340.0,59790.0,100790.0,130210.0,2022
99,U.S.,13-2054,Financial Risk Specialists,detailed,55800.0,116140.0,102120.0,59510.0,77800.0,134720.0,175720.0,2022
99,U.S.,13-2061,Financial Examiners,detailed,63370.0,95610.0,82210.0,48490.0,62250.0,118370.0,162760.0,2022
99,U.S.,13-2071,Credit Counselors,detailed,29090.0,51650.0,47320.0,33670.0,39090.0,58390.0,74310.0,2022
99,U.S.,13-2072,Loan Officers,detailed,345550.0,84160.0,65740.0,34920.0,47890.0,99200.0,138580.0,2022
99,U.S.,13-2081,"Tax Examiners and Collectors, and Revenue Agents",detailed,50610.0,64410.0,57950.0,36570.0,44530.0,78330.0,107120.0,2022
99,U.S.,13-2082,Tax Preparers,detailed,82370.0,55840.0,48250.0,27680.0,34350.0,74500.0,96610.0,2022
99,U.S.,13-2099,"Financial Specialists, All Other",detailed,127020.0,83580.0,73810.0,38330.0,52070.0,100650.0,133080.0,2022
99,U.S.,15-1211,Computer Systems Analysts,detailed,505210.0,107530.0,102240.0,61390.0,79100.0,130400.0,161980.0,2022
99,U.S.,15-1212,Information Security Analysts,detailed,163690.0,119860.0,112000.0,66010.0,85270.0,141130.0,174540.0,2022
99,U.S.,15-1221,Computer and Information Research Scientists,detailed,33780.0,155880.0,136620.0,78190.0,99410.0,176790.0,232010.0,2022
99,U.S.,15-1231,Computer Network Support Specialists,detailed,168920.0,76060.0,68050.0,42440.0,52100.0,89060.0,115220.0,2022
99,U.S.,15-1232,Computer User Support Specialists,detailed,696830.0,61580.0,57890.0,36580.0,45330.0,73720.0,94920.0,2022
99,U.S.,15-1241,Computer Network Architects,detailed,173920.0,129490.0,126900.0,73490.0,95380.0,160270.0,185170.0,2022
99,U.S.,15-1242,Database Administrators,detailed,80520.0,102530.0,99890.0,53010.0,70140.0,129730.0,153870.0,2022
99,U.S.,15-1243,Database Architects,detailed,62470.0,136540.0,134870.0,74980.0,103840.0,168360.0,197350.0,2022
99,U.S.,15-1244,Network and Computer Systems Administrators,detailed,325930.0,97160.0,90520.0,56260.0,70120.0,115070.0,140430.0,2022
99,U.S.,15-1251,Computer Programmers,detailed,132740.0,102790.0,97800.0,54310.0,72460.0,124060.0,157690.0,2022
99,U.S.,15-1252,Software Developers,detailed,1534790.0,132930.0,127260.0,71280.0,96790.0,161480.0,198100.0,2022
99,U.S.,15-1253,Software Quality Assurance Analysts and Testers,detailed,196420.0,105750.0,99620.0,55510.0,75710.0,127660.0,159740.0,2022
99,U.S.,15-1254,Web Developers,detailed,88620.0,87580.0,78580.0,40460.0,55990.0,108550.0,144690.0,2022
99,U.S.,15-1255,Web and Digital Interface Designers,detailed,97350.0,101740.0,83240.0,43100.0,56640.0,124070.0,166180.0,2022
99,U.S.,15-1299,"Computer Occupations, All Other",detailed,416320.0,104660.0,98740.0,46540.0,65430.0,132030.0,166780.0,2022
99,U.S.,15-2011,Actuaries,detailed,25010.0,127580.0,113990.0,71760.0,84800.0,155670.0,199300.0,2022
99,U.S.,15-2021,Mathematicians,detailed,2070.0,113860.0,112110.0,57680.0,82110.0,140070.0,171540.0,2022
99,U.S.,15-2031,Operations Research Analysts,detailed,105080.0,95820.0,85720.0,50440.0,64060.0,113980.0,149640.0,2022
99,U.S.,15-2041,Statisticians,detailed,30780.0,105510.0,98920.0,58090.0,76360.0,129060.0,161300.0,2022
99,U.S.,15-2051,Data Scientists,detailed,159630.0,115240.0,103500.0,58510.0,77140.0,136600.0,174790.0,2022
99,U.S.,15-2099,"Mathematical Science Occupations, All Other",detailed,3840.0,82160.0,71700.0,38500.0,50730.0,97610.0,145280.0,2022
99,U.S.,17-1011,"Architects, Except Landscape and Naval",detailed,107490.0,96510.0,82840.0,51310.0,65220.0,105190.0,136400.0,2022
99,U.S.,17-1012,Landscape Architects,detailed,18120.0,77820.0,73210.0,42870.0,54870.0,94860.0,121660.0,2022
99,U.S.,17-1021,Cartographers and Photogrammetrists,detailed,13270.0,75300.0,71890.0,47550.0,58660.0,90690.0,107600.0,2022
99,U.S.,17-1022,Surveyors,detailed,47770.0,71060.0,63080.0,39060.0,48850.0,85890.0,106880.0,2022
99,U.S.,17-2011,Aerospace Engineers,detailed,61580.0,127090.0,126880.0,78170.0,97620.0,160840.0,176280.0,2022
99,U.S.,17-2021,Agricultural Engineers,detailed,1500.0,90710.0,83260.0,50480.0,63010.0,106700.0,146350.0,2022
99,U.S.,17-2031,Bioengineers and Biomedical Engineers,detailed,19210.0,108060.0,99550.0,63420.0,78500.0,129230.0,159130.0,2022
99,U.S.,17-2041,Chemical Engineers,detailed,20380.0,117820.0,106260.0,72490.0,84670.0,134490.0,171400.0,2022
99,U.S.,17-2051,Civil Engineers,detailed,307570.0,97380.0,89940.0,61040.0,74330.0,117540.0,138690.0,2022
99,U.S.,17-2061,Computer Hardware Engineers,detailed,74640.0,140830.0,132360.0,78380.0,103490.0,167740.0,208200.0,2022
99,U.S.,17-2071,Electrical Engineers,detailed,182210.0,114050.0,103320.0,65480.0,80550.0,132880.0,166970.0,2022
99,U.S.,17-2072,"Electronics Engineers, Except Computer",detailed,106640.0,118460.0,108170.0,74880.0,86190.0,137870.0,171430.0,2022
99,U.S.,17-2081,Environmental Engineers,detailed,45440.0,101670.0,96530.0,60020.0,75550.0,123540.0,150840.0,2022
99,U.S.,17-2111,"Health and Safety Engineers, Except Mining Safety Engineers and Inspectors",detailed,21520.0,103570.0,100660.0,59090.0,78830.0,127780.0,152550.0,2022
99,U.S.,17-2112,Industrial Engineers,detailed,321400.0,98560.0,96350.0,62730.0,77600.0,117000.0,134990.0,2022
99,U.S.,17-2121,Marine Engineers and Naval Architects,detailed,7450.0,105560.0,96910.0,66360.0,81320.0,119550.0,150260.0,2022
99,U.S.,17-2131,Materials Engineers,detailed,21510.0,105420.0,100140.0,60700.0,78580.0,130260.0,162300.0,2022
99,U.S.,17-2141,Mechanical Engineers,detailed,277560.0,100820.0,96310.0,61990.0,76980.0,122680.0,151260.0,2022
99,U.S.,17-2151,"Mining and Geological Engineers, Including Mining Safety Engineers",detailed,7390.0,101290.0,97490.0,55460.0,74250.0,121990.0,158540.0,2022
99,U.S.,17-2161,Nuclear Engineers,detailed,12250.0,124540.0,122480.0,79440.0,98320.0,137810.0,169580.0,2022
99,U.S.,17-2171,Petroleum Engineers,detailed,20540.0,142800.0,131800.0,76960.0,101080.0,169230.0,220040.0,2022
99,U.S.,17-2199,"Engineers, All Other",detailed,150420.0,111280.0,104600.0,59380.0,79670.0,135310.0,168320.0,2022
99,U.S.,17-3011,Architectural and Civil Drafters,detailed,105960.0,61660.0,59820.0,37770.0,47580.0,74440.0,86180.0,2022
99,U.S.,17-3012,Electrical and Electronics Drafters,detailed,20930.0,68640.0,64240.0,43270.0,49960.0,80980.0,99420.0,2022
99,U.S.,17-3013,Mechanical Drafters,detailed,47540.0,65700.0,61310.0,39030.0,48400.0,77930.0,99070.0,2022
99,U.S.,17-3019,"Drafters, All Other",detailed,17980.0,60370.0,57640.0,38000.0,46390.0,71850.0,86250.0,2022
99,U.S.,17-3021,Aerospace Engineering and Operations Technologists and Technicians,detailed,9750.0,77060.0,74410.0,47950.0,57580.0,96150.0,109610.0,2022
99,U.S.,17-3022,Civil Engineering Technologists and Technicians,detailed,62350.0,61480.0,59630.0,37430.0,46300.0,74590.0,85740.0,2022
99,U.S.,17-3023,Electrical and Electronic Engineering Technologists and Technicians,detailed,99050.0,70810.0,66390.0,43930.0,52400.0,81890.0,101480.0,2022
99,U.S.,17-3024,Electro-Mechanical and Mechatronics Technologists and Technicians,detailed,14540.0,65920.0,60570.0,40300.0,48550.0,78250.0,99390.0,2022
99,U.S.,17-3025,Environmental Engineering Technologists and Technicians,detailed,13400.0,58020.0,50980.0,35810.0,42190.0,66550.0,84430.0,2022
99,U.S.,17-3026,Industrial Engineering Technologists and Technicians,detailed,66560.0,63470.0,61210.0,40710.0,48750.0,75510.0,90430.0,2022
99,U.S.,17-3027,Mechanical Engineering Technologists and Technicians,detailed,39610.0,64530.0,61990.0,39890.0,49060.0,77310.0,94720.0,2022
99,U.S.,17-3028,Calibration Technologists and Technicians,detailed,10790.0,67200.0,62050.0,39760.0,48930.0,80030.0,99300.0,2022
99,U.S.,17-3029,"Engineering Technologists and Technicians, Except Drafters, All Other",detailed,70250.0,70550.0,65520.0,38570.0,49140.0,85930.0,105120.0,2022
99,U.S.,17-3031,Surveying and Mapping Technicians,detailed,56580.0,51570.0,47180.0,31840.0,37720.0,61070.0,77310.0,2022
99,U.S.,19-1011,Animal Scientists,detailed,2520.0,85870.0,69390.0,45910.0,54770.0,101100.0,145780.0,2022
99,U.S.,19-1012,Food Scientists and Technologists,detailed,14720.0,85730.0,79860.0,47900.0,62160.0,102810.0,132230.0,2022
99,U.S.,19-1013,Soil and Plant Scientists,detailed,16010.0,76410.0,65730.0,38520.0,50220.0,94290.0,123480.0,2022
99,U.S.,19-1021,Biochemists and Biophysicists,detailed,32500.0,114740.0,103810.0,61540.0,78700.0,133150.0,171010.0,2022
99,U.S.,19-1022,Microbiologists,detailed,19710.0,88950.0,81990.0,46270.0,59110.0,108120.0,136630.0,2022
99,U.S.,19-1023,Zoologists and Wildlife Biologists,detailed,17410.0,72610.0,67430.0,44610.0,52960.0,83070.0,104750.0,2022
99,U.S.,19-1029,"Biological Scientists, All Other",detailed,55300.0,95920.0,87300.0,50730.0,63920.0,114670.0,155570.0,2022
99,U.S.,19-1031,Conservation Scientists,detailed,22880.0,69810.0,64460.0,41360.0,50230.0,82750.0,102670.0,2022
99,U.S.,19-1032,Foresters,detailed,9430.0,68090.0,64220.0,45260.0,51710.0,79660.0,97460.0,2022
99,U.S.,19-1041,Epidemiologists,detailed,9430.0,85880.0,78520.0,51170.0,62320.0,100940.0,123430.0,2022
99,U.S.,19-1042,"Medical Scientists, Except Epidemiologists",detailed,110550.0,110670.0,99930.0,58190.0,66780.0,132870.0,170260.0,2022
99,U.S.,19-1099,"Life Scientists, All Other",detailed,8320.0,100370.0,83930.0,47710.0,62210.0,124530.0,169150.0,2022
99,U.S.,19-2011,Astronomers,detailed,2160.0,127460.0,128330.0,63390.0,83980.0,166020.0,181510.0,2022
99,U.S.,19-2012,Physicists,detailed,18840.0,150130.0,142850.0,74760.0,108050.0,176280.0,219760.0,2022
99,U.S.,19-2021,Atmospheric and Space Scientists,detailed,9900.0,93610.0,83780.0,50490.0,66210.0,115400.0,141520.0,2022
99,U.S.,19-2031,Chemists,detailed,83940.0,90530.0,80670.0,49050.0,61960.0,109270.0,139200.0,2022
99,U.S.,19-2032,Materials Scientists,detailed,7620.0,110690.0,104380.0,61730.0,80900.0,135250.0,165840.0,2022
99,U.S.,19-2041,"Environmental Scientists and Specialists, Including Health",detailed,77270.0,83820.0,76480.0,46920.0,59060.0,100670.0,130770.0,2022
99,U.S.,19-2042,"Geoscientists, Except Hydrologists and Geographers",detailed,25230.0,104560.0,87480.0,49150.0,62770.0,131610.0,173620.0,2022
99,U.S.,19-2043,Hydrologists,detailed,6270.0,96300.0,85990.0,54590.0,66580.0,110880.0,150490.0,2022
99,U.S.,19-2099,"Physical Scientists, All Other",detailed,19820.0,116230.0,107970.0,56520.0,80530.0,143350.0,176280.0,2022
99,U.S.,19-3011,Economists,detailed,16370.0,128180.0,113940.0,62480.0,81810.0,156940.0,207230.0,2022
99,U.S.,19-3022,Survey Researchers,detailed,7880.0,66440.0,60410.0,30770.0,44150.0,80620.0,104890.0,2022
99,U.S.,19-3032,Industrial-Organizational Psychologists,detailed,1280.0,144610.0,139280.0,72490.0,85990.0,209630.0,210030.0,2022
99,U.S.,19-3033,Clinical and Counseling Psychologists,detailed,62880.0,102740.0,90130.0,42760.0,62070.0,126240.0,168790.0,2022
99,U.S.,19-3034,School Psychologists,detailed,60250.0,87550.0,81500.0,53040.0,64880.0,103890.0,128800.0,2022
99,U.S.,19-3039,"Psychologists, All Other",detailed,13900.0,99560.0,106420.0,40000.0,68410.0,124020.0,138860.0,2022
99,U.S.,19-3041,Sociologists,detailed,2980.0,101310.0,98590.0,57490.0,71680.0,126920.0,166040.0,2022
99,U.S.,19-3051,Urban and Regional Planners,detailed,39880.0,82420.0,79540.0,49960.0,62130.0,100500.0,121460.0,2022
99,U.S.,19-3091,Anthropologists and Archeologists,detailed,7350.0,68310.0,63940.0,40260.0,50020.0,81120.0,100560.0,2022
99,U.S.,19-3092,Geographers,detailed,1360.0,88960.0,88900.0,57430.0,67430.0,105360.0,121060.0,2022
99,U.S.,19-3093,Historians,detailed,3120.0,72900.0,64540.0,37280.0,47290.0,93340.0,123260.0,2022
99,U.S.,19-3094,Political Scientists,detailed,5660.0,126140.0,128020.0,65200.0,89810.0,163320.0,176280.0,2022
99,U.S.,19-3099,"Social Scientists and Related Workers, All Other",detailed,33210.0,94560.0,88900.0,56120.0,70990.0,113780.0,137020.0,2022
99,U.S.,19-4012,Agricultural Technicians,detailed,13140.0,45640.0,41760.0,29900.0,34520.0,51450.0,63720.0,2022
99,U.S.,19-4013,Food Science Technicians,detailed,14350.0,51320.0,47860.0,36050.0,39140.0,60180.0,71370.0,2022
99,U.S.,19-4021,Biological Technicians,detailed,73710.0,53560.0,49650.0,33480.0,39040.0,63060.0,79110.0,2022
99,U.S.,19-4031,Chemical Technicians,detailed,56030.0,56180.0,50840.0,35770.0,41430.0,64370.0,81610.0,2022
99,U.S.,19-4042,"Environmental Science and Protection Technicians, Including Health",detailed,33920.0,53970.0,48380.0,32180.0,38780.0,62900.0,82690.0,2022
99,U.S.,19-4043,"Geological Technicians, Except Hydrologic Technicians",detailed,9170.0,60810.0,48490.0,34740.0,39060.0,68750.0,102190.0,2022
99,U.S.,19-4044,Hydrologic Technicians,detailed,2920.0,66640.0,58360.0,36880.0,44720.0,79440.0,108990.0,2022
99,U.S.,19-4051,Nuclear Technicians,detailed,5880.0,97040.0,100420.0,63500.0,78410.0,107470.0,126050.0,2022
99,U.S.,19-4061,Social Science Research Assistants,detailed,28720.0,57760.0,50470.0,33860.0,41980.0,64100.0,82350.0,2022
99,U.S.,19-4071,Forest and Conservation Technicians,detailed,29120.0,45000.0,41520.0,32550.0,35360.0,52830.0,62400.0,2022
99,U.S.,19-4092,Forensic Science Technicians,detailed,17590.0,69260.0,63740.0,39710.0,49320.0,82160.0,104330.0,2022
99,U.S.,19-4099,"Life, Physical, and Social Science Technicians, All Other",detailed,70770.0,57790.0,50290.0,33270.0,39360.0,65740.0,90760.0,2022
99,U.S.,19-5011,Occupational Health and Safety Specialists,detailed,109430.0,82110.0,78570.0,47160.0,60320.0,99070.0,121510.0,2022
99,U.S.,19-5012,Occupational Health and Safety Technicians,detailed,23670.0,63230.0,57970.0,36180.0,46860.0,75510.0,94830.0,2022
99,U.S.,21-1012,"Educational, Guidance, and Career Counselors and Advisors",detailed,308000.0,64200.0,60140.0,38280.0,47380.0,76590.0,98530.0,2022
99,U.S.,21-1013,Marriage and Family Therapists,detailed,62080.0,63300.0,56570.0,36840.0,44730.0,75220.0,98700.0,2022
99,U.S.,21-1015,Rehabilitation Counselors,detailed,82420.0,46020.0,39990.0,29120.0,33790.0,53470.0,71270.0,2022
99,U.S.,21-1018,"Substance Abuse, Behavioral Disorder, and Mental Health Counselors",detailed,344970.0,56230.0,49710.0,34580.0,39810.0,64400.0,82710.0,2022
99,U.S.,21-1019,"Counselors, All Other",detailed,37270.0,49770.0,43390.0,31930.0,36730.0,52770.0,75340.0,2022
99,U.S.,21-1021,"Child, Family, and School Social Workers",detailed,344770.0,56680.0,50820.0,36380.0,42060.0,65250.0,81920.0,2022
99,U.S.,21-1022,Healthcare Social Workers,detailed,182420.0,62760.0,60280.0,38520.0,47510.0,75390.0,87830.0,2022
99,U.S.,21-1023,Mental Health and Substance Abuse Social Workers,detailed,107940.0,60130.0,51240.0,34630.0,39730.0,73050.0,97660.0,2022
99,U.S.,21-1029,"Social Workers, All Other",detailed,54620.0,64360.0,61420.0,37500.0,46340.0,81660.0,95560.0,2022
99,U.S.,21-1091,Health Education Specialists,detailed,56190.0,66710.0,59990.0,37140.0,45490.0,81610.0,106210.0,2022
99,U.S.,21-1092,Probation Officers and Correctional Treatment Specialists,detailed,89920.0,64920.0,59860.0,38550.0,46140.0,78810.0,101080.0,2022
99,U.S.,21-1093,Social and Human Service Assistants,detailed,399560.0,41600.0,38520.0,28610.0,32850.0,47130.0,58770.0,2022
99,U.S.,21-1094,Community Health Workers,detailed,61300.0,49900.0,46190.0,32180.0,38010.0,59220.0,73730.0,2022
99,U.S.,21-1099,"Community and Social Service Specialists, All Other",detailed,94270.0,51620.0,47290.0,30900.0,37190.0,60260.0,78030.0,2022
99,U.S.,21-2011,Clergy,detailed,53140.0,60180.0,55550.0,31170.0,41040.0,68180.0,93530.0,2022
99,U.S.,21-2021,"Directors, Religious Activities and Education",detailed,24030.0,60540.0,49380.0,30150.0,38060.0,72290.0,101650.0,2022
99,U.S.,21-2099,"Religious Workers, All Other",detailed,10720.0,45420.0,39370.0,26880.0,30790.0,54200.0,72600.0,2022
99,U.S.,23-1011,Lawyers,detailed,707160.0,163770.0,135740.0,66470.0,94440.0,208980.0,,2022
99,U.S.,23-1012,Judicial Law Clerks,detailed,15540.0,66310.0,57490.0,38850.0,44800.0,76600.0,106670.0,2022
99,U.S.,23-1021,"Administrative Law Judges, Adjudicators, and Hearing Officers",detailed,12490.0,97250.0,94990.0,46070.0,65250.0,122970.0,151470.0,2022
99,U.S.,23-1022,"Arbitrators, Mediators, and Conciliators",detailed,7780.0,98920.0,64030.0,33980.0,48130.0,98680.0,194630.0,2022
99,U.S.,23-1023,"Judges, Magistrate Judges, and Magistrates",detailed,28230.0,153700.0,151030.0,46470.0,86210.0,183820.0,227850.0,2022
99,U.S.,23-2011,Paralegals and Legal Assistants,detailed,345240.0,62840.0,59200.0,37690.0,46850.0,75560.0,94960.0,2022
99,U.S.,23-2093,"Title Examiners, Abstractors, and Searchers",detailed,53680.0,57030.0,50490.0,34060.0,40040.0,65690.0,83990.0,2022
99,U.S.,23-2099,"Legal Support Workers, All Other",detailed,46480.0,77200.0,62340.0,38950.0,47000.0,97660.0,148910.0,2022
99,U.S.,25-1011,"Business Teachers, Postsecondary",detailed,78410.0,108060.0,88790.0,48100.0,62340.0,133750.0,206630.0,2022
99,U.S.,25-1021,"Computer Science Teachers, Postsecondary",detailed,33870.0,98610.0,84760.0,48620.0,63170.0,125790.0,165880.0,2022
99,U.S.,25-1022,"Mathematical Science Teachers, Postsecondary",detailed,46560.0,90110.0,77420.0,47740.0,59900.0,103960.0,159730.0,2022
99,U.S.,25-1031,"Architecture Teachers, Postsecondary",detailed,6420.0,104370.0,93220.0,48900.0,66270.0,128980.0,171740.0,2022
99,U.S.,25-1032,"Engineering Teachers, Postsecondary",detailed,36010.0,114470.0,103550.0,56860.0,78570.0,136530.0,178740.0,2022
99,U.S.,25-1041,"Agricultural Sciences Teachers, Postsecondary",detailed,8240.0,96650.0,85860.0,48130.0,65020.0,118620.0,150550.0,2022
99,U.S.,25-1042,"Biological Science Teachers, Postsecondary",detailed,49920.0,97800.0,81650.0,49800.0,62220.0,121530.0,166750.0,2022
99,U.S.,25-1043,"Forestry and Conservation Science Teachers, Postsecondary",detailed,1270.0,98160.0,96500.0,51840.0,76550.0,115980.0,138310.0,2022
99,U.S.,25-1051,"Atmospheric, Earth, Marine, and Space Sciences Teachers, Postsecondary",detailed,11150.0,107540.0,97770.0,50590.0,64200.0,131650.0,178740.0,2022
99,U.S.,25-1052,"Chemistry Teachers, Postsecondary",detailed,20650.0,95250.0,80720.0,50130.0,62770.0,108000.0,163180.0,2022
99,U.S.,25-1053,"Environmental Science Teachers, Postsecondary",detailed,6240.0,91450.0,83040.0,47330.0,61680.0,106720.0,141190.0,2022
99,U.S.,25-1054,"Physics Teachers, Postsecondary",detailed,12860.0,100810.0,86550.0,50820.0,63450.0,125950.0,166570.0,2022
99,U.S.,25-1061,"Anthropology and Archeology Teachers, Postsecondary",detailed,4930.0,98940.0,85000.0,50920.0,64400.0,119590.0,167180.0,2022
99,U.S.,25-1062,"Area, Ethnic, and Cultural Studies Teachers, Postsecondary",detailed,9340.0,92980.0,80910.0,48280.0,62360.0,104720.0,162440.0,2022
99,U.S.,25-1063,"Economics Teachers, Postsecondary",detailed,11640.0,122750.0,103930.0,51480.0,76580.0,144980.0,213680.0,2022
99,U.S.,25-1064,"Geography Teachers, Postsecondary",detailed,3340.0,87880.0,81920.0,49920.0,63600.0,102950.0,133030.0,2022
99,U.S.,25-1065,"Political Science Teachers, Postsecondary",detailed,15190.0,98420.0,83770.0,49300.0,62820.0,122090.0,164370.0,2022
99,U.S.,25-1066,"Psychology Teachers, Postsecondary",detailed,40050.0,88470.0,78810.0,47270.0,61010.0,102710.0,136680.0,2022
99,U.S.,25-1067,"Sociology Teachers, Postsecondary",detailed,12030.0,90200.0,78970.0,47990.0,61320.0,103340.0,155040.0,2022
99,U.S.,25-1069,"Social Sciences Teachers, Postsecondary, All Other",detailed,16200.0,89350.0,75390.0,42080.0,56760.0,105190.0,166340.0,2022
99,U.S.,25-1071,"Health Specialties Teachers, Postsecondary",detailed,207700.0,127640.0,100300.0,48670.0,64730.0,167120.0,,2022
99,U.S.,25-1072,"Nursing Instructors and Teachers, Postsecondary",detailed,69190.0,84180.0,78580.0,47760.0,61800.0,100630.0,127290.0,2022
99,U.S.,25-1081,"Education Teachers, Postsecondary",detailed,58280.0,78540.0,66930.0,38190.0,50990.0,97340.0,129570.0,2022
99,U.S.,25-1082,"Library Science Teachers, Postsecondary",detailed,4330.0,81720.0,76370.0,50370.0,61920.0,96130.0,121230.0,2022
99,U.S.,25-1111,"Criminal Justice and Law Enforcement Teachers, Postsecondary",detailed,13900.0,78980.0,64990.0,40720.0,51670.0,97710.0,129640.0,2022
99,U.S.,25-1112,"Law Teachers, Postsecondary",detailed,14830.0,133950.0,108860.0,43400.0,62940.0,176900.0,,2022
99,U.S.,25-1113,"Social Work Teachers, Postsecondary",detailed,12050.0,75330.0,66510.0,40130.0,51400.0,85040.0,109610.0,2022
99,U.S.,25-1121,"Art, Drama, and Music Teachers, Postsecondary",detailed,97830.0,93440.0,77280.0,40960.0,58570.0,103690.0,167610.0,2022
99,U.S.,25-1122,"Communications Teachers, Postsecondary",detailed,27350.0,84700.0,76250.0,46930.0,58520.0,99850.0,133720.0,2022
99,U.S.,25-1123,"English Language and Literature Teachers, Postsecondary",detailed,57680.0,83130.0,74280.0,45980.0,53460.0,100200.0,133220.0,2022
99,U.S.,25-1124,"Foreign Language and Literature Teachers, Postsecondary",detailed,19520.0,83300.0,76030.0,46420.0,59250.0,99570.0,130250.0,2022
99,U.S.,25-1125,"History Teachers, Postsecondary",detailed,18250.0,88640.0,79400.0,46540.0,61140.0,102870.0,134420.0,2022
99,U.S.,25-1126,"Philosophy and Religion Teachers, Postsecondary",detailed,21620.0,87100.0,78780.0,46940.0,61200.0,100150.0,132600.0,2022
99,U.S.,25-1192,"Family and Consumer Sciences Teachers, Postsecondary",detailed,2420.0,89840.0,76440.0,47770.0,58220.0,107060.0,149650.0,2022
99,U.S.,25-1193,"Recreation and Fitness Studies Teachers, Postsecondary",detailed,13400.0,82020.0,72650.0,39920.0,52980.0,99860.0,133490.0,2022
99,U.S.,25-1194,"Career/Technical Education Teachers, Postsecondary",detailed,103100.0,65500.0,59840.0,37680.0,46890.0,77840.0,102330.0,2022
99,U.S.,25-1199,"Postsecondary Teachers, All Other",detailed,214520.0,91760.0,76920.0,44870.0,57600.0,109000.0,168320.0,2022
99,U.S.,25-2011,"Preschool Teachers, Except Special Education",detailed,415360.0,38640.0,35330.0,23920.0,28870.0,44090.0,58580.0,2022
99,U.S.,25-2012,"Kindergarten Teachers, Except Special Education",detailed,119250.0,65120.0,60490.0,40620.0,48550.0,77200.0,100020.0,2022
99,U.S.,25-2021,"Elementary School Teachers, Except Special Education",detailed,1394200.0,68000.0,61690.0,45470.0,49120.0,78860.0,101310.0,2022
99,U.S.,25-2022,"Middle School Teachers, Except Special and Career/Technical Education",detailed,611120.0,67790.0,61810.0,45910.0,49320.0,78970.0,100570.0,2022
99,U.S.,25-2023,"Career/Technical Education Teachers, Middle School",detailed,11110.0,67680.0,62630.0,46790.0,51630.0,77810.0,99250.0,2022
99,U.S.,25-2031,"Secondary School Teachers, Except Special and Career/Technical Education",detailed,1042090.0,69480.0,62360.0,46480.0,50090.0,79520.0,101710.0,2022
99,U.S.,25-2032,"Career/Technical Education Teachers, Secondary School",detailed,88280.0,67610.0,62500.0,47250.0,51340.0,78320.0,98090.0,2022
99,U.S.,25-2051,"Special Education Teachers, Preschool",detailed,22970.0,69620.0,62240.0,38020.0,48760.0,81270.0,113700.0,2022
99,U.S.,25-2052,"Special Education Teachers, Kindergarten and Elementary School",detailed,195010.0,68580.0,62390.0,45730.0,50450.0,79580.0,101100.0,2022
99,U.S.,25-2057,"Special Education Teachers, Middle School",detailed,82970.0,69530.0,62990.0,46220.0,50920.0,80010.0,100560.0,2022
99,U.S.,25-2058,"Special Education Teachers, Secondary School",detailed,152490.0,71290.0,63560.0,46880.0,51870.0,80820.0,102850.0,2022
99,U.S.,25-2059,"Special Education Teachers, All Other",detailed,42780.0,74310.0,63950.0,38680.0,50730.0,89770.0,121850.0,2022
99,U.S.,25-3011,"Adult Basic Education, Adult Secondary Education, and English as a Second Language Instructors",detailed,36490.0,63130.0,58590.0,36970.0,46320.0,76770.0,97010.0,2022
99,U.S.,25-3021,Self-Enrichment Teachers,detailed,248150.0,50320.0,44110.0,26290.0,31230.0,60640.0,81340.0,2022
99,U.S.,25-3031,"Substitute Teachers, Short-Term",detailed,397200.0,42680.0,35250.0,22850.0,28460.0,46680.0,61190.0,2022
99,U.S.,25-3041,Tutors,detailed,174980.0,44820.0,36680.0,26040.0,30220.0,49150.0,73400.0,2022
99,U.S.,25-3099,"Teachers and Instructors, All Other",detailed,120480.0,66450.0,61250.0,30230.0,45170.0,80630.0,102800.0,2022
99,U.S.,25-4011,Archivists,detailed,7230.0,63980.0,58640.0,35310.0,45390.0,78400.0,101870.0,2022
99,U.S.,25-4012,Curators,detailed,11620.0,67490.0,60380.0,36320.0,46170.0,79200.0,102980.0,2022
99,U.S.,25-4013,Museum Technicians and Conservators,detailed,12240.0,52820.0,47270.0,29640.0,36320.0,62520.0,81650.0,2022
99,U.S.,25-4022,Librarians and Media Collections Specialists,detailed,131680.0,64770.0,61660.0,36260.0,48300.0,78090.0,98650.0,2022
99,U.S.,25-4031,Library Technicians,detailed,73330.0,40590.0,37600.0,25730.0,30400.0,47940.0,59570.0,2022
99,U.S.,25-9021,Farm and Home Management Educators,detailed,8220.0,58450.0,53450.0,31080.0,39070.0,71050.0,87540.0,2022
99,U.S.,25-9031,Instructional Coordinators,detailed,198660.0,73080.0,66490.0,42000.0,52140.0,84900.0,105210.0,2022
99,U.S.,25-9044,"Teaching Assistants, Postsecondary",detailed,135160.0,41900.0,38050.0,23190.0,30310.0,50380.0,63630.0,2022
99,U.S.,25-9045,"Teaching Assistants, Except Postsecondary",detailed,1254240.0,33740.0,30920.0,22720.0,27670.0,37780.0,46840.0,2022
99,U.S.,25-9099,"Educational Instruction and Library Workers, All Other",detailed,129170.0,52250.0,47650.0,26520.0,32330.0,62690.0,82110.0,2022
99,U.S.,27-1011,Art Directors,detailed,54470.0,124310.0,105180.0,57820.0,77220.0,153760.0,207060.0,2022
99,U.S.,27-1012,Craft Artists,detailed,4760.0,49180.0,38150.0,23220.0,30620.0,54170.0,88380.0,2022
99,U.S.,27-1013,"Fine Artists, Including Painters, Sculptors, and Illustrators",detailed,12080.0,69870.0,57560.0,28440.0,38760.0,83440.0,124670.0,2022
99,U.S.,27-1014,Special Effects Artists and Animators,detailed,35990.0,111130.0,98950.0,52660.0,67900.0,131280.0,174140.0,2022
99,U.S.,27-1019,"Artists and Related Workers, All Other",detailed,7510.0,74130.0,69760.0,27310.0,37030.0,105900.0,121660.0,2022
99,U.S.,27-1021,Commercial and Industrial Designers,detailed,30450.0,81740.0,75910.0,43680.0,58170.0,100140.0,125780.0,2022
99,U.S.,27-1022,Fashion Designers,detailed,20560.0,85760.0,76700.0,34660.0,52840.0,104800.0,139920.0,2022
99,U.S.,27-1023,Floral Designers,detailed,42840.0,34310.0,33160.0,23540.0,28590.0,37770.0,46560.0,2022
99,U.S.,27-1024,Graphic Designers,detailed,211890.0,64500.0,57990.0,35430.0,44350.0,76970.0,100920.0,2022
99,U.S.,27-1025,Interior Designers,detailed,64290.0,67460.0,61590.0,36610.0,47590.0,79770.0,101550.0,2022
99,U.S.,27-1026,Merchandise Displayers and Window Trimmers,detailed,173110.0,38120.0,35380.0,28740.0,30750.0,41780.0,49990.0,2022
99,U.S.,27-1027,Set and Exhibit Designers,detailed,9490.0,68490.0,59990.0,33160.0,41570.0,82790.0,118180.0,2022
99,U.S.,27-1029,"Designers, All Other",detailed,11180.0,76430.0,65390.0,34120.0,44170.0,93680.0,135230.0,2022
99,U.S.,27-2011,Actors,detailed,54160.0,,,,,,,2022
99,U.S.,27-2012,Producers and Directors,detailed,153770.0,110660.0,85320.0,42140.0,58080.0,127970.0,179930.0,2022
99,U.S.,27-2021,Athletes and Sports Competitors,detailed,11930.0,358080.0,94270.0,28510.0,44690.0,215530.0,,2022
99,U.S.,27-2022,Coaches and Scouts,detailed,218970.0,57450.0,44890.0,24910.0,31340.0,62330.0,93590.0,2022
99,U.S.,27-2023,"Umpires, Referees, and Other Sports Officials",detailed,12720.0,49030.0,36010.0,22090.0,28080.0,48610.0,69010.0,2022
99,U.S.,27-2031,Dancers,detailed,8930.0,,,,,,,2022
99,U.S.,27-2032,Choreographers,detailed,5400.0,58740.0,50990.0,29020.0,33700.0,75390.0,100420.0,2022
99,U.S.,27-2041,Music Directors and Composers,detailed,11690.0,95430.0,62940.0,31750.0,45050.0,98200.0,165760.0,2022
99,U.S.,27-2042,Musicians and Singers,detailed,31750.0,,,,,,,2022
99,U.S.,27-2091,"Disc Jockeys, Except Radio",detailed,5640.0,,,,,,,2022
99,U.S.,27-2099,"Entertainers and Performers, Sports and Related Workers, All Other",detailed,11640.0,,,,,,,2022
99,U.S.,27-3011,Broadcast Announcers and Radio Disc Jockeys,detailed,26820.0,155730.0,41750.0,23920.0,31030.0,68400.0,171650.0,2022
99,U.S.,27-3023,"News Analysts, Reporters, and Journalists",detailed,44530.0,86290.0,55960.0,30470.0,37690.0,83290.0,136500.0,2022
99,U.S.,27-3031,Public Relations Specialists,detailed,264750.0,78540.0,67440.0,38630.0,49980.0,92880.0,128450.0,2022
99,U.S.,27-3041,Editors,detailed,101430.0,84820.0,73080.0,38400.0,50880.0,102850.0,145240.0,2022
99,U.S.,27-3042,Technical Writers,detailed,48620.0,86760.0,79960.0,47460.0,61260.0,102120.0,128110.0,2022
99,U.S.,27-3043,Writers and Authors,detailed,54010.0,91560.0,73150.0,39610.0,50980.0,105000.0,161260.0,2022
99,U.S.,27-3091,Interpreters and Translators,detailed,52160.0,61730.0,53640.0,33540.0,41440.0,73430.0,93140.0,2022
99,U.S.,27-3092,Court Reporters and Simultaneous Captioners,detailed,14240.0,70290.0,63560.0,33030.0,44850.0,91960.0,116380.0,2022
99,U.S.,27-3099,"Media and Communication Workers, All Other",detailed,23780.0,113840.0,65000.0,34710.0,47020.0,105870.0,,2022
99,U.S.,27-4011,Audio and Video Technicians,detailed,56110.0,57710.0,50660.0,31310.0,39420.0,68100.0,89990.0,2022
99,U.S.,27-4012,Broadcast Technicians,detailed,33020.0,84860.0,60700.0,29450.0,37940.0,100320.0,128960.0,2022
99,U.S.,27-4014,Sound Engineering Technicians,detailed,13420.0,75590.0,60670.0,31200.0,41600.0,99470.0,135950.0,2022
99,U.S.,27-4015,Lighting Technicians,detailed,8540.0,74020.0,61650.0,33800.0,43690.0,84210.0,135540.0,2022
99,U.S.,27-4021,Photographers,detailed,47380.0,50210.0,40170.0,26990.0,31050.0,59750.0,82450.0,2022
99,U.S.,27-4031,"Camera Operators, Television, Video, and Film",detailed,22970.0,69940.0,58230.0,33190.0,42710.0,84240.0,116770.0,2022
99,U.S.,27-4032,Film and Video Editors,detailed,32080.0,80990.0,63520.0,36930.0,46800.0,97960.0,166730.0,2022
99,U.S.,27-4099,"Media and Communication Equipment Workers, All Other",detailed,14300.0,74490.0,69490.0,32980.0,47380.0,98320.0,121060.0,2022
99,U.S.,29-1011,Chiropractors,detailed,37740.0,83720.0,75380.0,38170.0,52750.0,100320.0,132630.0,2022
99,U.S.,29-1021,"Dentists, General",detailed,120740.0,172290.0,155040.0,68160.0,105480.0,212220.0,,2022
99,U.S.,29-1022,Oral and Maxillofacial Surgeons,detailed,4290.0,309410.0,,112610.0,212250.0,,,2022
99,U.S.,29-1023,Orthodontists,detailed,6310.0,216320.0,174360.0,91340.0,96370.0,,,2022
99,U.S.,29-1029,"Dentists, All Other Specialists",detailed,5250.0,233430.0,212740.0,83940.0,166800.0,,,2022
99,U.S.,29-1031,Dietitians and Nutritionists,detailed,69880.0,69350.0,66450.0,44140.0,56490.0,80430.0,95130.0,2022
99,U.S.,29-1041,Optometrists,detailed,40640.0,133100.0,125590.0,62150.0,96980.0,156030.0,191430.0,2022
99,U.S.,29-1051,Pharmacists,detailed,325480.0,129410.0,132750.0,79950.0,123020.0,147750.0,164230.0,2022
99,U.S.,29-1071,Physician Assistants,detailed,140910.0,125270.0,126010.0,83820.0,104240.0,140660.0,168120.0,2022
99,U.S.,29-1081,Podiatrists,detailed,9320.0,157970.0,148720.0,60280.0,97920.0,208180.0,,2022
99,U.S.,29-1122,Occupational Therapists,detailed,134980.0,92800.0,93180.0,63320.0,77700.0,104730.0,123870.0,2022
99,U.S.,29-1123,Physical Therapists,detailed,229740.0,97960.0,97720.0,67910.0,80700.0,107430.0,128830.0,2022
99,U.S.,29-1124,Radiation Therapists,detailed,15510.0,98340.0,89530.0,65760.0,77930.0,105760.0,133260.0,2022
99,U.S.,29-1125,Recreational Therapists,detailed,15920.0,56310.0,51330.0,33930.0,41600.0,66530.0,84410.0,2022
99,U.S.,29-1126,Respiratory Therapists,detailed,129910.0,74310.0,70540.0,51970.0,62260.0,81610.0,100520.0,2022
99,U.S.,29-1127,Speech-Language Pathologists,detailed,162760.0,89460.0,84140.0,56370.0,66700.0,104500.0,126680.0,2022
99,U.S.,29-1128,Exercise Physiologists,detailed,6580.0,55820.0,51350.0,39250.0,46070.0,62850.0,77980.0,2022
99,U.S.,29-1129,"Therapists, All Other",detailed,16920.0,71860.0,60800.0,37990.0,47340.0,82760.0,111800.0,2022
99,U.S.,29-1131,Veterinarians,detailed,78810.0,129110.0,103260.0,62350.0,82580.0,132980.0,174500.0,2022
99,U.S.,29-1141,Registered Nurses,detailed,3072700.0,89010.0,81220.0,61250.0,66680.0,101100.0,129400.0,2022
99,U.S.,29-1151,Nurse Anesthetists,detailed,46540.0,205770.0,203090.0,143870.0,174190.0,227160.0,,2022
99,U.S.,29-1161,Nurse Midwives,detailed,7950.0,122450.0,120880.0,77510.0,102510.0,137010.0,171230.0,2022
99,U.S.,29-1171,Nurse Practitioners,detailed,258230.0,124680.0,121610.0,87340.0,103250.0,135470.0,165240.0,2022
99,U.S.,29-1181,Audiologists,detailed,13940.0,89490.0,82680.0,56990.0,68750.0,101100.0,120380.0,2022
99,U.S.,29-1211,Anesthesiologists,detailed,37430.0,302970.0,,74860.0,140980.0,,,2022
99,U.S.,29-1212,Cardiologists,detailed,16870.0,421330.0,,132630.0,,,,2022
99,U.S.,29-1213,Dermatologists,detailed,11640.0,327650.0,,102010.0,156000.0,,,2022
99,U.S.,29-1214,Emergency Medicine Physicians,detailed,29260.0,316600.0,,85880.0,221320.0,,,2022
99,U.S.,29-1215,Family Medicine Physicians,detailed,100940.0,224460.0,211300.0,65090.0,132600.0,,,2022
99,U.S.,29-1216,General Internal Medicine Physicians,detailed,67220.0,225270.0,214460.0,64620.0,94630.0,,,2022
99,U.S.,29-1217,Neurologists,detailed,11340.0,255510.0,224260.0,79530.0,150970.0,,,2022
99,U.S.,29-1218,Obstetricians and Gynecologists,detailed,21450.0,277320.0,,83280.0,172210.0,,,2022
99,U.S.,29-1221,"Pediatricians, General",detailed,33430.0,203240.0,190350.0,78230.0,139050.0,,,2022
99,U.S.,29-1222,"Physicians, Pathologists",detailed,12320.0,252850.0,,67190.0,145450.0,,,2022
99,U.S.,29-1223,Psychiatrists,detailed,26500.0,247350.0,226880.0,66230.0,138890.0,,,2022
99,U.S.,29-1224,Radiologists,detailed,29250.0,329080.0,,77570.0,170060.0,,,2022
99,U.S.,29-1229,"Physicians, All Other",detailed,305260.0,238700.0,223410.0,63970.0,76910.0,,,2022
99,U.S.,29-1241,"Ophthalmologists, Except Pediatric",detailed,12580.0,265450.0,219810.0,65510.0,102010.0,,,2022
99,U.S.,29-1242,"Orthopedic Surgeons, Except Pediatric",detailed,19060.0,371400.0,,79400.0,163230.0,,,2022
99,U.S.,29-1243,Pediatric Surgeons,detailed,780.0,362970.0,,80890.0,205280.0,,,2022
99,U.S.,29-1249,"Surgeons, All Other",detailed,25910.0,347870.0,,76470.0,139410.0,,,2022
99,U.S.,29-1291,Acupuncturists,detailed,7800.0,82390.0,72220.0,31200.0,50400.0,100270.0,156000.0,2022
99,U.S.,29-1292,Dental Hygienists,detailed,214700.0,84860.0,81400.0,61510.0,75100.0,96870.0,107640.0,2022
99,U.S.,29-1299,"Healthcare Diagnosing or Treating Practitioners, All Other",detailed,30080.0,123960.0,106230.0,60520.0,75800.0,151470.0,193560.0,2022
99,U.S.,29-2010,Clinical Laboratory Technologists and Technicians,detailed,333600.0,59130.0,57380.0,35220.0,40440.0,74920.0,84670.0,2022
99,U.S.,29-2031,Cardiovascular Technologists and Technicians,detailed,55750.0,65490.0,63020.0,33950.0,39430.0,81740.0,102000.0,2022
99,U.S.,29-2032,Diagnostic Medical Sonographers,detailed,81080.0,84410.0,81350.0,61430.0,68580.0,97350.0,107730.0,2022
99,U.S.,29-2033,Nuclear Medicine Technologists,detailed,16910.0,89610.0,85300.0,64680.0,76910.0,100740.0,114100.0,2022
99,U.S.,29-2034,Radiologic Technologists and Technicians,detailed,215820.0,70240.0,65140.0,47760.0,57350.0,80050.0,97940.0,2022
99,U.S.,29-2035,Magnetic Resonance Imaging Technologists,detailed,38380.0,81530.0,80090.0,60530.0,67770.0,93360.0,104850.0,2022
99,U.S.,29-2036,Medical Dosimetrists,detailed,3190.0,129080.0,128970.0,90970.0,107610.0,143310.0,163040.0,2022
99,U.S.,29-2042,Emergency Medical Technicians,detailed,167720.0,40120.0,36680.0,28270.0,30870.0,44360.0,56890.0,2022
99,U.S.,29-2043,Paramedics,detailed,95440.0,53560.0,49090.0,36490.0,40660.0,60780.0,76630.0,2022
99,U.S.,29-2051,Dietetic Technicians,detailed,19690.0,36370.0,33960.0,25040.0,29710.0,39480.0,49920.0,2022
99,U.S.,29-2052,Pharmacy Technicians,detailed,453630.0,40260.0,37790.0,29640.0,34590.0,45710.0,50640.0,2022
99,U.S.,29-2053,Psychiatric Technicians,detailed,100950.0,40760.0,37380.0,28660.0,31660.0,45710.0,58880.0,2022
99,U.S.,29-2055,Surgical Technologists,detailed,107400.0,57500.0,55960.0,38860.0,47860.0,64360.0,78560.0,2022
99,U.S.,29-2056,Veterinary Technologists and Technicians,detailed,118750.0,40770.0,38240.0,29000.0,34510.0,46740.0,54680.0,2022
99,U.S.,29-2057,Ophthalmic Medical Technicians,detailed,66060.0,42480.0,38860.0,29830.0,35100.0,48080.0,58970.0,2022
99,U.S.,29-2061,Licensed Practical and Licensed Vocational Nurses,detailed,632020.0,55860.0,54620.0,40490.0,47800.0,62110.0,72650.0,2022
99,U.S.,29-2072,Medical Records Specialists,detailed,187720.0,51090.0,47180.0,31710.0,37510.0,60170.0,75460.0,2022
99,U.S.,29-2081,"Opticians, Dispensing",detailed,73460.0,44890.0,39610.0,29540.0,34310.0,52000.0,64760.0,2022
99,U.S.,29-2091,Orthotists and Prosthetists,detailed,9150.0,78240.0,77070.0,40360.0,54600.0,93980.0,110120.0,2022
99,U.S.,29-2092,Hearing Aid Specialists,detailed,10080.0,62480.0,59020.0,32400.0,40610.0,75150.0,91740.0,2022
99,U.S.,29-2099,"Health Technologists and Technicians, All Other",detailed,162800.0,50790.0,44990.0,32140.0,36850.0,59210.0,76760.0,2022
99,U.S.,29-9021,Health Information Technologists and Medical Registrars,detailed,35500.0,65280.0,58250.0,34970.0,40930.0,81410.0,103380.0,2022
99,U.S.,29-9091,Athletic Trainers,detailed,29720.0,57810.0,53840.0,39670.0,47320.0,63240.0,78000.0,2022
99,U.S.,29-9092,Genetic Counselors,detailed,3220.0,93120.0,89990.0,64360.0,79940.0,104610.0,128380.0,2022
99,U.S.,29-9093,Surgical Assistants,detailed,18650.0,61200.0,57290.0,35130.0,40670.0,74330.0,95060.0,2022
99,U.S.,29-9099,"Healthcare Practitioners and Technical Workers, All Other",detailed,41130.0,68170.0,60160.0,31830.0,39440.0,82410.0,115600.0,2022
99,U.S.,31-1120,Home Health and Personal Care Aides,detailed,3504230.0,30930.0,30180.0,22500.0,27100.0,34110.0,38350.0,2022
99,U.S.,31-1131,Nursing Assistants,detailed,1310090.0,36220.0,35760.0,28030.0,30770.0,39260.0,45940.0,2022
99,U.S.,31-1132,Orderlies,detailed,44790.0,36070.0,34520.0,27630.0,30720.0,38590.0,46700.0,2022
99,U.S.,31-1133,Psychiatric Aides,detailed,30590.0,38620.0,37160.0,25900.0,29760.0,46320.0,52050.0,2022
99,U.S.,31-2011,Occupational Therapy Assistants,detailed,43810.0,66280.0,64250.0,47940.0,57470.0,76270.0,85580.0,2022
99,U.S.,31-2012,Occupational Therapy Aides,detailed,3710.0,43090.0,37060.0,25100.0,30590.0,53240.0,68070.0,2022
99,U.S.,31-2021,Physical Therapist Assistants,detailed,97740.0,64510.0,62770.0,43340.0,53970.0,75310.0,85230.0,2022
99,U.S.,31-2022,Physical Therapist Aides,detailed,42800.0,33210.0,31410.0,22380.0,26940.0,35280.0,41320.0,2022
99,U.S.,31-9011,Massage Therapists,detailed,86270.0,57060.0,49860.0,29040.0,39080.0,67300.0,90530.0,2022
99,U.S.,31-9091,Dental Assistants,detailed,363880.0,44710.0,44820.0,31450.0,36910.0,48870.0,59200.0,2022
99,U.S.,31-9092,Medical Assistants,detailed,752460.0,40700.0,38270.0,30390.0,35330.0,45360.0,51710.0,2022
99,U.S.,31-9093,Medical Equipment Preparers,detailed,63890.0,44940.0,41480.0,31570.0,36240.0,50300.0,62960.0,2022
99,U.S.,31-9094,Medical Transcriptionists,detailed,48680.0,37090.0,34730.0,24340.0,29120.0,43950.0,51280.0,2022
99,U.S.,31-9095,Pharmacy Aides,detailed,43230.0,35870.0,33270.0,24590.0,28600.0,39590.0,50180.0,2022
99,U.S.,31-9096,Veterinary Assistants and Laboratory Animal Caretakers,detailed,111880.0,34490.0,34740.0,25270.0,29190.0,37510.0,44920.0,2022
99,U.S.,31-9097,Phlebotomists,detailed,137090.0,40580.0,38530.0,30250.0,35020.0,45280.0,51610.0,2022
99,U.S.,31-9099,"Healthcare Support Workers, All Other",detailed,107170.0,43490.0,40420.0,28750.0,33550.0,50400.0,61520.0,2022
99,U.S.,33-1011,First-Line Supervisors of Correctional Officers,detailed,55900.0,70190.0,63310.0,42100.0,47430.0,86800.0,110240.0,2022
99,U.S.,33-1012,First-Line Supervisors of Police and Detectives,detailed,131860.0,99410.0,96290.0,54070.0,72260.0,122850.0,155760.0,2022
99,U.S.,33-1021,First-Line Supervisors of Firefighting and Prevention Workers,detailed,84040.0,84810.0,80150.0,46170.0,61820.0,101820.0,128810.0,2022
99,U.S.,33-1091,First-Line Supervisors of Security Workers,detailed,59520.0,54750.0,48810.0,31890.0,37530.0,63790.0,81000.0,2022
99,U.S.,33-1099,"First-Line Supervisors of Protective Service Workers, All Other",detailed,23340.0,63730.0,61030.0,36030.0,48300.0,74950.0,94070.0,2022
99,U.S.,33-2011,Firefighters,detailed,321450.0,56310.0,51680.0,29150.0,37400.0,70730.0,84750.0,2022
99,U.S.,33-2021,Fire Inspectors and Investigators,detailed,14510.0,76910.0,69450.0,42930.0,53290.0,96470.0,125610.0,2022
99,U.S.,33-2022,Forest Fire Inspectors and Prevention Specialists,detailed,2290.0,56780.0,48110.0,30000.0,35270.0,72990.0,90120.0,2022
99,U.S.,33-3011,Bailiffs,detailed,16470.0,54680.0,49100.0,28290.0,37510.0,72150.0,82530.0,2022
99,U.S.,33-3012,Correctional Officers and Jailers,detailed,363250.0,54760.0,49610.0,35510.0,39850.0,64110.0,82600.0,2022
99,U.S.,33-3021,Detectives and Criminal Investigators,detailed,107400.0,91610.0,86280.0,47990.0,61240.0,110530.0,150570.0,2022
99,U.S.,33-3031,Fish and Game Wardens,detailed,6530.0,59860.0,59500.0,31200.0,46300.0,72800.0,85300.0,2022
99,U.S.,33-3041,Parking Enforcement Workers,detailed,8150.0,44670.0,41570.0,29220.0,34650.0,52250.0,64460.0,2022
99,U.S.,33-3051,Police and Sheriff's Patrol Officers,detailed,655890.0,71380.0,65790.0,40560.0,50210.0,84520.0,104100.0,2022
99,U.S.,33-3052,Transit and Railroad Police,detailed,3370.0,76380.0,69150.0,50080.0,56990.0,92580.0,114310.0,2022
99,U.S.,33-9011,Animal Control Workers,detailed,11490.0,43780.0,39320.0,28430.0,33260.0,50040.0,62050.0,2022
99,U.S.,33-9021,Private Detectives and Investigators,detailed,32050.0,59400.0,52120.0,33710.0,38360.0,75740.0,92660.0,2022
99,U.S.,33-9031,Gambling Surveillance Officers and Gambling Investigators,detailed,10500.0,39290.0,35970.0,27400.0,30290.0,44630.0,57190.0,2022
99,U.S.,33-9032,Security Guards,detailed,1124890.0,36700.0,34750.0,24020.0,28860.0,39440.0,51350.0,2022
99,U.S.,33-9091,Crossing Guards and Flaggers,detailed,91270.0,37490.0,33380.0,26000.0,29120.0,40510.0,57060.0,2022
99,U.S.,33-9092,"Lifeguards, Ski Patrol, and Other Recreational Protective Service Workers",detailed,107930.0,28370.0,27270.0,20460.0,22880.0,31260.0,36930.0,2022
99,U.S.,33-9093,Transportation Security Screeners,detailed,47550.0,48520.0,47710.0,38540.0,42600.0,52460.0,59950.0,2022
99,U.S.,33-9094,School Bus Monitors,detailed,64100.0,31040.0,29880.0,23410.0,27040.0,35060.0,37960.0,2022
99,U.S.,33-9099,"Protective Service Workers, All Other",detailed,93840.0,43270.0,36460.0,28110.0,31200.0,47020.0,62380.0,2022
99,U.S.,35-1011,Chefs and Head Cooks,detailed,160190.0,60210.0,56520.0,33750.0,42950.0,72820.0,91520.0,2022
99,U.S.,35-1012,First-Line Supervisors of Food Preparation and Serving Workers,detailed,1169620.0,41020.0,37050.0,27700.0,31200.0,46710.0,59650.0,2022
99,U.S.,35-2011,"Cooks, Fast Food",detailed,725590.0,27920.0,27640.0,20680.0,22550.0,31970.0,35800.0,2022
99,U.S.,35-2012,"Cooks, Institution and Cafeteria",detailed,417780.0,33670.0,32510.0,23250.0,27490.0,37760.0,45230.0,2022
99,U.S.,35-2013,"Cooks, Private Household",detailed,610.0,45510.0,38570.0,24950.0,26620.0,52070.0,92030.0,2022
99,U.S.,35-2014,"Cooks, Restaurant",detailed,1321480.0,33940.0,34110.0,23610.0,28690.0,37350.0,44570.0,2022
99,U.S.,35-2015,"Cooks, Short Order",detailed,133290.0,30770.0,30360.0,21510.0,25330.0,35170.0,40110.0,2022
99,U.S.,35-2019,"Cooks, All Other",detailed,18590.0,35120.0,33390.0,23650.0,28990.0,38030.0,46040.0,2022
99,U.S.,35-2021,Food Preparation Workers,detailed,904330.0,30720.0,29790.0,21770.0,25880.0,34970.0,38780.0,2022
99,U.S.,35-3011,Bartenders,detailed,613070.0,34490.0,29380.0,19100.0,22340.0,37560.0,57220.0,2022
99,U.S.,35-3023,Fast Food and Counter Workers,detailed,3325050.0,28130.0,27930.0,21150.0,23010.0,31480.0,35350.0,2022
99,U.S.,35-3031,Waiters and Waitresses,detailed,2122210.0,33020.0,29120.0,18250.0,21810.0,36400.0,55360.0,2022
99,U.S.,35-3041,"Food Servers, Nonrestaurant",detailed,248870.0,31940.0,30300.0,22680.0,26920.0,35170.0,41920.0,2022
99,U.S.,35-9011,Dining Room and Cafeteria Attendants and Bartender Helpers,detailed,439770.0,30290.0,29120.0,20680.0,23320.0,33860.0,39760.0,2022
99,U.S.,35-9021,Dishwashers,detailed,431840.0,29560.0,29080.0,21670.0,24940.0,33710.0,36350.0,2022
99,U.S.,35-9031,"Hosts and Hostesses, Restaurant, Lounge, and Coffee Shop",detailed,400420.0,28380.0,27720.0,20500.0,22630.0,31300.0,36180.0,2022
99,U.S.,35-9099,"Food Preparation and Serving Related Workers, All Other",detailed,81930.0,31990.0,30840.0,21660.0,27040.0,35360.0,41960.0,2022
99,U.S.,37-1011,First-Line Supervisors of Housekeeping and Janitorial Workers,detailed,165750.0,47430.0,44440.0,29890.0,35970.0,56640.0,68540.0,2022
99,U.S.,37-1012,"First-Line Supervisors of Landscaping, Lawn Service, and Groundskeeping Workers",detailed,122910.0,55770.0,50810.0,36520.0,43080.0,64270.0,80600.0,2022
99,U.S.,37-2011,"Janitors and Cleaners, Except Maids and Housekeeping Cleaners",detailed,2148350.0,33960.0,31990.0,23160.0,27920.0,37560.0,46400.0,2022
99,U.S.,37-2012,Maids and Housekeeping Cleaners,detailed,771390.0,31920.0,29960.0,22520.0,26510.0,35480.0,42720.0,2022
99,U.S.,37-2019,"Building Cleaning Workers, All Other",detailed,15630.0,41360.0,37200.0,25950.0,31090.0,45940.0,58780.0,2022
99,U.S.,37-2021,Pest Control Workers,detailed,91160.0,42210.0,38310.0,29250.0,35090.0,47010.0,58970.0,2022
99,U.S.,37-3011,Landscaping and Groundskeeping Workers,detailed,914230.0,37270.0,35890.0,27550.0,30400.0,42020.0,48530.0,2022
99,U.S.,37-3012,"Pesticide Handlers, Sprayers, and Applicators, Vegetation",detailed,22740.0,42560.0,41440.0,29270.0,35730.0,48170.0,56400.0,2022
99,U.S.,37-3013,Tree Trimmers and Pruners,detailed,48150.0,49820.0,47080.0,30650.0,37950.0,58860.0,72370.0,2022
99,U.S.,37-3019,"Grounds Maintenance Workers, All Other",detailed,16050.0,43750.0,39520.0,29120.0,32770.0,49980.0,67370.0,2022
99,U.S.,39-1013,First-Line Supervisors of Gambling Services Workers,detailed,21900.0,56400.0,56290.0,35200.0,46430.0,65480.0,77590.0,2022
99,U.S.,39-1014,"First-Line Supervisors of Entertainment and Recreation Workers, Except Gambling Services",detailed,79060.0,48630.0,44660.0,29270.0,35250.0,57930.0,73010.0,2022
99,U.S.,39-1022,First-Line Supervisors of Personal Service Workers,detailed,104480.0,47330.0,43680.0,29070.0,35140.0,55680.0,69690.0,2022
99,U.S.,39-2011,Animal Trainers,detailed,17710.0,41820.0,35620.0,27050.0,29660.0,46250.0,66850.0,2022
99,U.S.,39-2021,Animal Caretakers,detailed,256670.0,32160.0,29530.0,22250.0,26370.0,35450.0,44280.0,2022
99,U.S.,39-3011,Gambling Dealers,detailed,71290.0,34350.0,29120.0,19590.0,22060.0,37630.0,61060.0,2022
99,U.S.,39-3012,Gambling and Sports Book Writers and Runners,detailed,7910.0,32310.0,28940.0,20890.0,24760.0,36230.0,43480.0,2022
99,U.S.,39-3019,"Gambling Service Workers, All Other",detailed,12260.0,34340.0,30350.0,22140.0,25740.0,37600.0,48440.0,2022
99,U.S.,39-3021,Motion Picture Projectionists,detailed,1900.0,35710.0,33360.0,21730.0,26380.0,38490.0,50220.0,2022
99,U.S.,39-3031,"Ushers, Lobby Attendants, and Ticket Takers",detailed,98350.0,28700.0,27650.0,20020.0,22240.0,32450.0,37300.0,2022
99,U.S.,39-3091,Amusement and Recreation Attendants,detailed,324580.0,28350.0,27780.0,20170.0,22790.0,31970.0,36920.0,2022
99,U.S.,39-3092,Costume Attendants,detailed,5730.0,55070.0,48470.0,31310.0,37220.0,65330.0,85820.0,2022
99,U.S.,39-3093,"Locker Room, Coatroom, and Dressing Room Attendants",detailed,12130.0,32560.0,30210.0,22620.0,25730.0,36010.0,45770.0,2022
99,U.S.,39-3099,"Entertainment Attendants and Related Workers, All Other",detailed,4930.0,30810.0,27260.0,18700.0,21470.0,35300.0,44850.0,2022
99,U.S.,39-4011,Embalmers,detailed,3950.0,54120.0,49910.0,31600.0,41490.0,62680.0,79830.0,2022
99,U.S.,39-4012,Crematory Operators,detailed,2930.0,43120.0,40360.0,30630.0,34840.0,47300.0,57910.0,2022
99,U.S.,39-4021,Funeral Attendants,detailed,32950.0,34340.0,31160.0,23210.0,27880.0,37270.0,46420.0,2022
99,U.S.,39-4031,"Morticians, Undertakers, and Funeral Arrangers",detailed,23940.0,58430.0,51570.0,30440.0,38480.0,71360.0,93250.0,2022
99,U.S.,39-5011,Barbers,detailed,12690.0,39350.0,34990.0,22880.0,28930.0,46770.0,60910.0,2022
99,U.S.,39-5012,"Hairdressers, Hairstylists, and Cosmetologists",detailed,298050.0,38910.0,33290.0,21800.0,27400.0,45710.0,60080.0,2022
99,U.S.,39-5091,"Makeup Artists, Theatrical and Performance",detailed,2970.0,93850.0,96370.0,37440.0,48420.0,107450.0,170860.0,2022
99,U.S.,39-5092,Manicurists and Pedicurists,detailed,138020.0,33560.0,31130.0,23330.0,29120.0,35110.0,45180.0,2022
99,U.S.,39-5093,Shampooers,detailed,7480.0,27870.0,27860.0,21430.0,24650.0,30190.0,33770.0,2022
99,U.S.,39-5094,Skincare Specialists,detailed,61990.0,47790.0,38060.0,25540.0,31020.0,53050.0,79300.0,2022
99,U.S.,39-6011,Baggage Porters and Bellhops,detailed,26520.0,33130.0,31510.0,22210.0,27240.0,36600.0,45560.0,2022
99,U.S.,39-6012,Concierges,detailed,37600.0,38270.0,35560.0,26880.0,30460.0,42880.0,56550.0,2022
99,U.S.,39-7010,Tour and Travel Guides,detailed,41180.0,37790.0,34440.0,23400.0,28220.0,42870.0,55130.0,2022
99,U.S.,39-9011,Childcare Workers,detailed,459460.0,29570.0,28520.0,21250.0,23530.0,33870.0,39090.0,2022
99,U.S.,39-9031,Exercise Trainers and Group Fitness Instructors,detailed,250540.0,50170.0,45380.0,23920.0,31530.0,60060.0,80330.0,2022
99,U.S.,39-9032,Recreation Workers,detailed,270380.0,34170.0,31680.0,22580.0,27040.0,37500.0,48270.0,2022
99,U.S.,39-9041,Residential Advisors,detailed,86770.0,37530.0,35720.0,25580.0,29800.0,43430.0,51480.0,2022
99,U.S.,39-9099,"Personal Care and Service Workers, All Other",detailed,59310.0,33580.0,34670.0,22510.0,28200.0,34830.0,42230.0,2022
99,U.S.,41-1011,First-Line Supervisors of Retail Sales Workers,detailed,1097160.0,50130.0,45250.0,29310.0,35900.0,57860.0,74580.0,2022
99,U.S.,41-1012,First-Line Supervisors of Non-Retail Sales Workers,detailed,237520.0,96890.0,82850.0,47570.0,63150.0,115320.0,161690.0,2022
99,U.S.,41-2011,Cashiers,detailed,3296040.0,28730.0,28240.0,21440.0,23920.0,31690.0,35900.0,2022
99,U.S.,41-2012,Gambling Change Persons and Booth Cashiers,detailed,18800.0,32950.0,30010.0,21130.0,24960.0,36800.0,46840.0,2022
99,U.S.,41-2021,Counter and Rental Clerks,detailed,370770.0,39320.0,35830.0,24620.0,29680.0,44960.0,57490.0,2022
99,U.S.,41-2022,Parts Salespersons,detailed,259280.0,39250.0,35800.0,23510.0,29030.0,46270.0,59070.0,2022
99,U.S.,41-2031,Retail Salespersons,detailed,3640040.0,34730.0,30600.0,22590.0,26950.0,36090.0,47200.0,2022
99,U.S.,41-3011,Advertising Sales Agents,detailed,106560.0,73260.0,58450.0,30510.0,39990.0,82880.0,132640.0,2022
99,U.S.,41-3021,Insurance Sales Agents,detailed,445540.0,76950.0,57860.0,31530.0,40030.0,81970.0,130350.0,2022
99,U.S.,41-3031,"Securities, Commodities, and Financial Services Sales Agents",detailed,443220.0,100740.0,67480.0,40200.0,48300.0,110710.0,189620.0,2022
99,U.S.,41-3041,Travel Agents,detailed,53180.0,48250.0,46400.0,29650.0,36590.0,58520.0,64100.0,2022
99,U.S.,41-3091,"Sales Representatives of Services, Except Advertising, Insurance, Financial Services, and Travel",detailed,1075750.0,77390.0,62400.0,34390.0,45280.0,94170.0,135210.0,2022
99,U.S.,41-4011,"Sales Representatives, Wholesale and Manufacturing, Technical and Scientific Products",detailed,290830.0,109950.0,97710.0,46160.0,62500.0,138180.0,182610.0,2022
99,U.S.,41-4012,"Sales Representatives, Wholesale and Manufacturing, Except Technical and Scientific Products",detailed,1273400.0,76890.0,63230.0,35790.0,47220.0,93280.0,129450.0,2022
99,U.S.,41-9011,Demonstrators and Product Promoters,detailed,43410.0,38470.0,34770.0,26200.0,29420.0,41620.0,58220.0,2022
99,U.S.,41-9012,Models,detailed,2070.0,77310.0,43130.0,27170.0,29540.0,95000.0,156000.0,2022
99,U.S.,41-9021,Real Estate Brokers,detailed,52310.0,90930.0,62190.0,36360.0,49280.0,97320.0,173000.0,2022
99,U.S.,41-9022,Real Estate Sales Agents,detailed,193010.0,65850.0,49980.0,29130.0,36090.0,78240.0,113320.0,2022
99,U.S.,41-9031,Sales Engineers,detailed,59700.0,125460.0,108530.0,64790.0,82940.0,155180.0,195140.0,2022
99,U.S.,41-9041,Telemarketers,detailed,96520.0,33600.0,31030.0,22350.0,27360.0,36990.0,46100.0,2022
99,U.S.,41-9091,"Door-to-Door Sales Workers, News and Street Vendors, and Related Workers",detailed,8640.0,36280.0,31100.0,20540.0,25130.0,39030.0,51860.0,2022
99,U.S.,41-9099,"Sales and Related Workers, All Other",detailed,119490.0,56440.0,44120.0,27860.0,32710.0,66330.0,93070.0,2022
99,U.S.,43-1011,First-Line Supervisors of Office and Administrative Support Workers,detailed,1495440.0,65510.0,61370.0,38420.0,48040.0,77430.0,97490.0,2022
99,U.S.,43-2011,"Switchboard Operators, Including Answering Service",detailed,47430.0,37230.0,34670.0,25640.0,29650.0,40070.0,52710.0,2022
99,U.S.,43-2021,Telephone Operators,detailed,4030.0,41590.0,38330.0,27430.0,31220.0,49510.0,64390.0,2022
99,U.S.,43-2099,"Communications Equipment Operators, All Other",detailed,1240.0,50140.0,46180.0,29540.0,38880.0,58780.0,74320.0,2022
99,U.S.,43-3011,Bill and Account Collectors,detailed,202840.0,42820.0,39470.0,29510.0,34800.0,48290.0,59610.0,2022
99,U.S.,43-3021,Billing and Posting Clerks,detailed,441980.0,44800.0,42810.0,31580.0,36800.0,49520.0,60480.0,2022
99,U.S.,43-3031,"Bookkeeping, Accounting, and Auditing Clerks",detailed,1550750.0,47440.0,45860.0,30460.0,37180.0,55310.0,65540.0,2022
99,U.S.,43-3041,Gambling Cage Workers,detailed,11730.0,33370.0,31720.0,23480.0,28230.0,37200.0,44460.0,2022
99,U.S.,43-3051,Payroll and Timekeeping Clerks,detailed,159190.0,52300.0,49630.0,34220.0,40470.0,61170.0,73580.0,2022
99,U.S.,43-3061,Procurement Clerks,detailed,63340.0,46560.0,45240.0,32450.0,37800.0,53100.0,62280.0,2022
99,U.S.,43-3071,Tellers,detailed,352440.0,36800.0,36380.0,28570.0,31140.0,39450.0,46350.0,2022
99,U.S.,43-3099,"Financial Clerks, All Other",detailed,41850.0,49710.0,47130.0,33330.0,39000.0,56520.0,68740.0,2022
99,U.S.,43-4011,Brokerage Clerks,detailed,42700.0,59200.0,54680.0,40090.0,48070.0,63500.0,79860.0,2022
99,U.S.,43-4021,Correspondence Clerks,detailed,4970.0,42560.0,38700.0,29930.0,34740.0,48140.0,59840.0,2022
99,U.S.,43-4031,"Court, Municipal, and License Clerks",detailed,159760.0,46280.0,44140.0,30310.0,36440.0,51990.0,63640.0,2022
99,U.S.,43-4041,"Credit Authorizers, Checkers, and Clerks",detailed,16290.0,46180.0,44830.0,30830.0,36500.0,53290.0,64080.0,2022
99,U.S.,43-4051,Customer Service Representatives,detailed,2879840.0,41190.0,37780.0,27990.0,31520.0,47010.0,59630.0,2022
99,U.S.,43-4061,"Eligibility Interviewers, Government Programs",detailed,149760.0,50020.0,49230.0,33230.0,39060.0,59680.0,66060.0,2022
99,U.S.,43-4071,File Clerks,detailed,87250.0,39560.0,37290.0,26190.0,31030.0,46570.0,57280.0,2022
99,U.S.,43-4081,"Hotel, Motel, and Resort Desk Clerks",detailed,243180.0,30300.0,28910.0,22280.0,25630.0,34380.0,37860.0,2022
99,U.S.,43-4111,"Interviewers, Except Eligibility and Loan",detailed,168680.0,41140.0,38700.0,29520.0,33930.0,46910.0,55620.0,2022
99,U.S.,43-4121,"Library Assistants, Clerical",detailed,77660.0,33980.0,31150.0,22060.0,26620.0,38960.0,48750.0,2022
99,U.S.,43-4131,Loan Interviewers and Clerks,detailed,242630.0,46740.0,46490.0,31750.0,37890.0,53740.0,61940.0,2022
99,U.S.,43-4141,New Accounts Clerks,detailed,45170.0,42880.0,40820.0,32760.0,36620.0,47230.0,55400.0,2022
99,U.S.,43-4151,Order Clerks,detailed,113500.0,40540.0,38060.0,28470.0,33070.0,46670.0,56220.0,2022
99,U.S.,43-4161,"Human Resources Assistants, Except Payroll and Timekeeping",detailed,103680.0,46900.0,45930.0,32240.0,38370.0,53080.0,62580.0,2022
99,U.S.,43-4171,Receptionists and Information Clerks,detailed,1011170.0,34600.0,33960.0,24350.0,28960.0,38170.0,46220.0,2022
99,U.S.,43-4181,Reservation and Transportation Ticket Agents and Travel Clerks,detailed,119130.0,45440.0,39160.0,29990.0,33940.0,61310.0,68090.0,2022
99,U.S.,43-4199,"Information and Record Clerks, All Other",detailed,150590.0,45910.0,44720.0,29730.0,36110.0,53350.0,63610.0,2022
99,U.S.,43-5011,Cargo and Freight Agents,detailed,93480.0,49740.0,46860.0,32720.0,38400.0,58710.0,70280.0,2022
99,U.S.,43-5021,Couriers and Messengers,detailed,75800.0,36250.0,35280.0,26350.0,30550.0,39730.0,46800.0,2022
99,U.S.,43-5031,Public Safety Telecommunicators,detailed,95730.0,49370.0,46900.0,31090.0,37720.0,59440.0,70730.0,2022
99,U.S.,43-5032,"Dispatchers, Except Police, Fire, and Ambulance",detailed,206370.0,48350.0,44830.0,30160.0,36090.0,57320.0,71930.0,2022
99,U.S.,43-5041,"Meter Readers, Utilities",detailed,20460.0,49800.0,44760.0,29130.0,34660.0,61980.0,78600.0,2022
99,U.S.,43-5051,Postal Service Clerks,detailed,77690.0,56400.0,56200.0,39770.0,50150.0,68310.0,69620.0,2022
99,U.S.,43-5052,Postal Service Mail Carriers,detailed,326760.0,56240.0,54250.0,39640.0,43580.0,71340.0,71340.0,2022
99,U.S.,43-5053,"Postal Service Mail Sorters, Processors, and Processing Machine Operators",detailed,119530.0,52990.0,49130.0,38580.0,39770.0,67160.0,68310.0,2022
99,U.S.,43-5061,"Production, Planning, and Expediting Clerks",detailed,389920.0,55080.0,50630.0,35030.0,40800.0,64400.0,79260.0,2022
99,U.S.,43-5071,"Shipping, Receiving, and Inventory Clerks",detailed,848240.0,40450.0,37760.0,28970.0,32800.0,46050.0,55730.0,2022
99,U.S.,43-5111,"Weighers, Measurers, Checkers, and Samplers, Recordkeeping",detailed,52610.0,41470.0,39950.0,30000.0,34490.0,47130.0,53600.0,2022
99,U.S.,43-6011,Executive Secretaries and Executive Administrative Assistants,detailed,475240.0,71060.0,65980.0,43520.0,53070.0,81930.0,101600.0,2022
99,U.S.,43-6012,Legal Secretaries and Administrative Assistants,detailed,159940.0,54180.0,48780.0,31240.0,38960.0,64590.0,81400.0,2022
99,U.S.,43-6013,Medical Secretaries and Administrative Assistants,detailed,682630.0,41260.0,38500.0,30230.0,35240.0,46550.0,55620.0,2022
99,U.S.,43-6014,"Secretaries and Administrative Assistants, Except Legal, Medical, and Executive",detailed,1826710.0,43410.0,41000.0,29000.0,34620.0,49920.0,60790.0,2022
99,U.S.,43-9021,Data Entry Keyers,detailed,157380.0,37970.0,36190.0,26850.0,30830.0,43540.0,51510.0,2022
99,U.S.,43-9022,Word Processors and Typists,detailed,41990.0,44990.0,44330.0,31140.0,36970.0,50380.0,59640.0,2022
99,U.S.,43-9031,Desktop Publishers,detailed,6560.0,53390.0,47910.0,29370.0,33720.0,68000.0,86820.0,2022
99,U.S.,43-9041,Insurance Claims and Policy Processing Clerks,detailed,227580.0,47840.0,46080.0,33710.0,37710.0,54890.0,64350.0,2022
99,U.S.,43-9051,"Mail Clerks and Mail Machine Operators, Except Postal Service",detailed,67750.0,36210.0,35070.0,26280.0,30390.0,39920.0,47990.0,2022
99,U.S.,43-9061,"Office Clerks, General",detailed,2517350.0,41140.0,38040.0,26000.0,31180.0,47880.0,59700.0,2022
99,U.S.,43-9071,"Office Machine Operators, Except Computer",detailed,30410.0,38300.0,36710.0,27040.0,30920.0,42250.0,51210.0,2022
99,U.S.,43-9081,Proofreaders and Copy Markers,detailed,5120.0,48770.0,45410.0,29350.0,34870.0,57940.0,72660.0,2022
99,U.S.,43-9111,Statistical Assistants,detailed,6710.0,54630.0,48880.0,35820.0,41330.0,64560.0,79250.0,2022
99,U.S.,43-9199,"Office and Administrative Support Workers, All Other",detailed,174590.0,43150.0,38660.0,26440.0,31360.0,49720.0,62900.0,2022
99,U.S.,45-1011,"First-Line Supervisors of Farming, Fishing, and Forestry Workers",detailed,27670.0,58820.0,54490.0,36020.0,42850.0,70640.0,85400.0,2022
99,U.S.,45-2011,Agricultural Inspectors,detailed,14000.0,49020.0,44720.0,32610.0,36610.0,57740.0,72220.0,2022
99,U.S.,45-2021,Animal Breeders,detailed,1270.0,48650.0,45320.0,29640.0,36700.0,60240.0,73580.0,2022
99,U.S.,45-2041,"Graders and Sorters, Agricultural Products",detailed,23280.0,32990.0,32550.0,25350.0,30190.0,35280.0,40330.0,2022
99,U.S.,45-2091,Agricultural Equipment Operators,detailed,28830.0,39750.0,37780.0,28370.0,33540.0,44930.0,51700.0,2022
99,U.S.,45-2092,"Farmworkers and Laborers, Crop, Nursery, and Greenhouse",detailed,284000.0,34300.0,33000.0,29120.0,31040.0,35210.0,41540.0,2022
99,U.S.,45-2093,"Farmworkers, Farm, Ranch, and Aquacultural Animals",detailed,33020.0,36290.0,34150.0,23200.0,28770.0,41600.0,51550.0,2022
99,U.S.,45-2099,"Agricultural Workers, All Other",detailed,6100.0,39180.0,35720.0,21480.0,29590.0,45990.0,59160.0,2022
99,U.S.,45-4011,Forest and Conservation Workers,detailed,6080.0,36010.0,32270.0,26690.0,31200.0,39690.0,48270.0,2022
99,U.S.,45-4021,Fallers,detailed,4530.0,58130.0,49160.0,31660.0,40980.0,64340.0,91380.0,2022
99,U.S.,45-4022,Logging Equipment Operators,detailed,24780.0,46570.0,46400.0,29010.0,36060.0,55720.0,63650.0,2022
99,U.S.,45-4023,Log Graders and Scalers,detailed,3950.0,44570.0,42370.0,30890.0,35370.0,51560.0,61100.0,2022
99,U.S.,45-4029,"Logging Workers, All Other",detailed,3490.0,47850.0,47110.0,30060.0,39840.0,56750.0,62610.0,2022
99,U.S.,47-1011,First-Line Supervisors of Construction Trades and Extraction Workers,detailed,720900.0,77650.0,74080.0,47600.0,59100.0,93800.0,116940.0,2022
99,U.S.,47-2011,Boilermakers,detailed,13570.0,69780.0,66920.0,46560.0,58100.0,81080.0,95700.0,2022
99,U.S.,47-2021,Brickmasons and Blockmasons,detailed,55530.0,62380.0,59000.0,37490.0,47300.0,74000.0,93290.0,2022
99,U.S.,47-2022,Stonemasons,detailed,10220.0,56100.0,50210.0,34740.0,42410.0,64150.0,82430.0,2022
99,U.S.,47-2031,Carpenters,detailed,689770.0,58210.0,51390.0,36160.0,43870.0,66240.0,89950.0,2022
99,U.S.,47-2041,Carpet Installers,detailed,17400.0,49520.0,45240.0,29120.0,35700.0,60350.0,78600.0,2022
99,U.S.,47-2042,"Floor Layers, Except Carpet, Wood, and Hard Tiles",detailed,20710.0,54870.0,48870.0,32800.0,38300.0,64920.0,83320.0,2022
99,U.S.,47-2043,Floor Sanders and Finishers,detailed,4270.0,49330.0,46060.0,29640.0,35600.0,60500.0,75360.0,2022
99,U.S.,47-2044,Tile and Stone Setters,detailed,40760.0,53680.0,48340.0,33330.0,38800.0,62000.0,79130.0,2022
99,U.S.,47-2051,Cement Masons and Concrete Finishers,detailed,196730.0,53890.0,48300.0,35940.0,39780.0,60950.0,80680.0,2022
99,U.S.,47-2053,Terrazzo Workers and Finishers,detailed,1460.0,61680.0,52330.0,35480.0,44310.0,65850.0,103080.0,2022
99,U.S.,47-2061,Construction Laborers,detailed,1012780.0,46350.0,40750.0,29700.0,35330.0,51200.0,72430.0,2022
99,U.S.,47-2071,"Paving, Surfacing, and Tamping Equipment Operators",detailed,41470.0,52730.0,47270.0,33980.0,38760.0,60790.0,82040.0,2022
99,U.S.,47-2072,Pile Driver Operators,detailed,3290.0,70220.0,64310.0,38260.0,48050.0,94340.0,107580.0,2022
99,U.S.,47-2073,Operating Engineers and Other Construction Equipment Operators,detailed,423040.0,59420.0,51430.0,36750.0,43820.0,68330.0,93060.0,2022
99,U.S.,47-2081,Drywall and Ceiling Tile Installers,detailed,91590.0,57880.0,50440.0,35250.0,41840.0,65420.0,96160.0,2022
99,U.S.,47-2082,Tapers,detailed,14290.0,65880.0,62360.0,38780.0,46830.0,81950.0,100820.0,2022
99,U.S.,47-2111,Electricians,detailed,690050.0,65280.0,60240.0,37440.0,47200.0,78210.0,102300.0,2022
99,U.S.,47-2121,Glaziers,detailed,51630.0,55160.0,48720.0,34580.0,39220.0,62360.0,87400.0,2022
99,U.S.,47-2131,"Insulation Workers, Floor, Ceiling, and Wall",detailed,33130.0,48870.0,45380.0,29830.0,36350.0,57530.0,76960.0,2022
99,U.S.,47-2132,"Insulation Workers, Mechanical",detailed,25660.0,59100.0,50590.0,37460.0,44540.0,67480.0,93710.0,2022
99,U.S.,47-2141,"Painters, Construction and Maintenance",detailed,215680.0,49350.0,46090.0,32510.0,37620.0,57300.0,72160.0,2022
99,U.S.,47-2142,Paperhangers,detailed,2220.0,49030.0,44930.0,30250.0,33050.0,57800.0,71220.0,2022
99,U.S.,47-2151,Pipelayers,detailed,36070.0,51230.0,45990.0,34180.0,38300.0,59700.0,77760.0,2022
99,U.S.,47-2152,"Plumbers, Pipefitters, and Steamfitters",detailed,427920.0,65190.0,60090.0,37250.0,46630.0,78960.0,101190.0,2022
99,U.S.,47-2161,Plasterers and Stucco Masons,detailed,25950.0,55650.0,49730.0,34880.0,40920.0,62410.0,82510.0,2022
99,U.S.,47-2171,Reinforcing Iron and Rebar Workers,detailed,17270.0,57780.0,51070.0,38310.0,45760.0,63690.0,89880.0,2022
99,U.S.,47-2181,Roofers,detailed,131980.0,51910.0,47920.0,31470.0,38230.0,60430.0,75930.0,2022
99,U.S.,47-2211,Sheet Metal Workers,detailed,120810.0,61300.0,55350.0,35570.0,41590.0,76410.0,99560.0,2022
99,U.S.,47-2221,Structural Iron and Steel Workers,detailed,66810.0,64800.0,60500.0,37890.0,46910.0,79120.0,100930.0,2022
99,U.S.,47-2231,Solar Photovoltaic Installers,detailed,27760.0,47970.0,45230.0,35520.0,37440.0,53700.0,63330.0,2022
99,U.S.,47-3011,"Helpers--Brickmasons, Blockmasons, Stonemasons, and Tile and Marble Setters",detailed,17730.0,44230.0,39430.0,31010.0,35620.0,47690.0,62590.0,2022
99,U.S.,47-3012,Helpers--Carpenters,detailed,24580.0,38880.0,37490.0,28370.0,32080.0,44870.0,51320.0,2022
99,U.S.,47-3013,Helpers--Electricians,detailed,71000.0,38840.0,37070.0,28940.0,31560.0,44720.0,49910.0,2022
99,U.S.,47-3014,"Helpers--Painters, Paperhangers, Plasterers, and Stucco Masons",detailed,8630.0,38040.0,36080.0,27210.0,30670.0,42790.0,50770.0,2022
99,U.S.,47-3015,"Helpers--Pipelayers, Plumbers, Pipefitters, and Steamfitters",detailed,46760.0,37590.0,36340.0,28530.0,31110.0,41600.0,49250.0,2022
99,U.S.,47-3016,Helpers--Roofers,detailed,5790.0,40880.0,37020.0,29550.0,33440.0,44100.0,51170.0,2022
99,U.S.,47-3019,"Helpers, Construction Trades, All Other",detailed,27920.0,40790.0,37820.0,28490.0,33230.0,46230.0,55000.0,2022
99,U.S.,47-4011,Construction and Building Inspectors,detailed,128950.0,70130.0,64480.0,40370.0,50520.0,82240.0,104110.0,2022
99,U.S.,47-4021,Elevator and Escalator Installers and Repairers,detailed,24380.0,93960.0,99000.0,47850.0,64810.0,119350.0,135130.0,2022
99,U.S.,47-4031,Fence Erectors,detailed,27060.0,43780.0,39840.0,30190.0,35180.0,48610.0,61710.0,2022
99,U.S.,47-4041,Hazardous Materials Removal Workers,detailed,46780.0,51620.0,46690.0,32910.0,37640.0,60940.0,81130.0,2022
99,U.S.,47-4051,Highway Maintenance Workers,detailed,143330.0,45790.0,44930.0,29940.0,36640.0,52400.0,63440.0,2022
99,U.S.,47-4061,Rail-Track Laying and Maintenance Equipment Operators,detailed,18600.0,63840.0,63230.0,39000.0,47680.0,78930.0,84460.0,2022
99,U.S.,47-4071,Septic Tank Servicers and Sewer Pipe Cleaners,detailed,27660.0,47580.0,45610.0,31120.0,37180.0,54600.0,66250.0,2022
99,U.S.,47-4090,Miscellaneous Construction and Related Workers,detailed,29880.0,48620.0,44890.0,31420.0,36760.0,56330.0,74160.0,2022
99,U.S.,47-5011,"Derrick Operators, Oil and Gas",detailed,10950.0,53770.0,51220.0,37610.0,43590.0,61570.0,70820.0,2022
99,U.S.,47-5012,"Rotary Drill Operators, Oil and Gas",detailed,12190.0,60450.0,55260.0,37320.0,46250.0,72790.0,84530.0,2022
99,U.S.,47-5013,"Service Unit Operators, Oil and Gas",detailed,36320.0,57170.0,50140.0,35530.0,41010.0,64680.0,83530.0,2022
99,U.S.,47-5022,"Excavating and Loading Machine and Dragline Operators, Surface Mining",detailed,33670.0,53490.0,48350.0,36590.0,40760.0,60010.0,76900.0,2022
99,U.S.,47-5023,"Earth Drillers, Except Oil and Gas",detailed,19010.0,57250.0,51740.0,38490.0,45730.0,64940.0,80450.0,2022
99,U.S.,47-5032,"Explosives Workers, Ordnance Handling Experts, and Blasters",detailed,4710.0,61560.0,56670.0,40510.0,47700.0,72850.0,88520.0,2022
99,U.S.,47-5041,Continuous Mining Machine Operators,detailed,13500.0,57120.0,57360.0,38020.0,47650.0,64990.0,76870.0,2022
99,U.S.,47-5043,"Roof Bolters, Mining",detailed,1700.0,63990.0,60210.0,51320.0,54260.0,72620.0,77370.0,2022
99,U.S.,47-5044,"Loading and Moving Machine Operators, Underground Mining",detailed,5210.0,62420.0,63920.0,45780.0,52720.0,70130.0,75660.0,2022
99,U.S.,47-5049,"Underground Mining Machine Operators, All Other",detailed,2270.0,61990.0,64180.0,40270.0,47860.0,70310.0,84590.0,2022
99,U.S.,47-5051,"Rock Splitters, Quarry",detailed,3910.0,47010.0,46010.0,30520.0,36770.0,56030.0,63380.0,2022
99,U.S.,47-5071,"Roustabouts, Oil and Gas",detailed,39100.0,45750.0,43590.0,31640.0,36780.0,50780.0,61180.0,2022
99,U.S.,47-5081,Helpers--Extraction Workers,detailed,6910.0,44410.0,43110.0,31050.0,36340.0,52150.0,60100.0,2022
99,U.S.,47-5099,"Extraction Workers, All Other",detailed,6290.0,53220.0,51600.0,35680.0,42960.0,60960.0,75750.0,2022
99,U.S.,49-1011,"First-Line Supervisors of Mechanics, Installers, and Repairers",detailed,559050.0,76020.0,73140.0,44900.0,56760.0,92560.0,112020.0,2022
99,U.S.,49-2011,"Computer, Automated Teller, and Office Machine Repairers",detailed,81440.0,47120.0,44910.0,31560.0,36600.0,55680.0,64090.0,2022
99,U.S.,49-2021,"Radio, Cellular, and Tower Equipment Installers and Repairers",detailed,13020.0,62570.0,59720.0,37290.0,46400.0,77260.0,93840.0,2022
99,U.S.,49-2022,"Telecommunications Equipment Installers and Repairers, Except Line Installers",detailed,168180.0,61670.0,59960.0,36240.0,46690.0,76550.0,88770.0,2022
99,U.S.,49-2091,Avionics Technicians,detailed,20200.0,74730.0,75450.0,40980.0,58760.0,89970.0,109160.0,2022
99,U.S.,49-2092,"Electric Motor, Power Tool, and Related Repairers",detailed,15390.0,51500.0,48260.0,32790.0,38810.0,60350.0,73850.0,2022
99,U.S.,49-2093,"Electrical and Electronics Installers and Repairers, Transportation Equipment",detailed,8530.0,71740.0,73630.0,45970.0,58120.0,84520.0,94250.0,2022
99,U.S.,49-2094,"Electrical and Electronics Repairers, Commercial and Industrial Equipment",detailed,51650.0,66650.0,64030.0,39550.0,51230.0,78440.0,95940.0,2022
99,U.S.,49-2095,"Electrical and Electronics Repairers, Powerhouse, Substation, and Relay",detailed,25440.0,88770.0,93720.0,55170.0,71030.0,104720.0,117220.0,2022
99,U.S.,49-2096,"Electronic Equipment Installers and Repairers, Motor Vehicles",detailed,9450.0,45720.0,41600.0,30560.0,36360.0,51230.0,65380.0,2022
99,U.S.,49-2097,Audiovisual Equipment Installers and Repairers,detailed,22200.0,48450.0,44960.0,30620.0,36930.0,57000.0,69060.0,2022
99,U.S.,49-2098,Security and Fire Alarm Systems Installers,detailed,80720.0,54280.0,50130.0,34840.0,40360.0,63250.0,77980.0,2022
99,U.S.,49-3011,Aircraft Mechanics and Service Technicians,detailed,134070.0,72640.0,70010.0,41020.0,55710.0,84340.0,108200.0,2022
99,U.S.,49-3021,Automotive Body and Related Repairers,detailed,138760.0,53220.0,47670.0,32370.0,38680.0,61250.0,78460.0,2022
99,U.S.,49-3022,Automotive Glass Installers and Repairers,detailed,17370.0,43900.0,43700.0,29650.0,36030.0,49580.0,59900.0,2022
99,U.S.,49-3023,Automotive Service Technicians and Mechanics,detailed,664070.0,49690.0,46970.0,29270.0,35910.0,60740.0,75360.0,2022
99,U.S.,49-3031,Bus and Truck Mechanics and Diesel Engine Specialists,detailed,271720.0,56140.0,54360.0,37030.0,45670.0,64180.0,78340.0,2022
99,U.S.,49-3041,Farm Equipment Mechanics and Service Technicians,detailed,35280.0,49930.0,48010.0,31680.0,38320.0,60060.0,66620.0,2022
99,U.S.,49-3042,"Mobile Heavy Equipment Mechanics, Except Engines",detailed,158350.0,59560.0,59440.0,38950.0,47840.0,68720.0,80080.0,2022
99,U.S.,49-3043,Rail Car Repairers,detailed,19830.0,61960.0,62510.0,38320.0,47050.0,74630.0,84330.0,2022
99,U.S.,49-3051,Motorboat Mechanics and Service Technicians,detailed,24920.0,50280.0,48280.0,31930.0,38260.0,59630.0,71760.0,2022
99,U.S.,49-3052,Motorcycle Mechanics,detailed,14700.0,44740.0,43370.0,28710.0,35000.0,51570.0,63200.0,2022
99,U.S.,49-3053,Outdoor Power Equipment and Other Small Engine Mechanics,detailed,35570.0,42590.0,40030.0,29170.0,34680.0,48530.0,59090.0,2022
99,U.S.,49-3091,Bicycle Repairers,detailed,13760.0,36770.0,36250.0,27040.0,30680.0,41860.0,47690.0,2022
99,U.S.,49-3092,Recreational Vehicle Service Technicians,detailed,17190.0,47320.0,45030.0,30900.0,36750.0,54880.0,65390.0,2022
99,U.S.,49-3093,Tire Repairers and Changers,detailed,99980.0,34970.0,34240.0,27320.0,29360.0,37630.0,45710.0,2022
99,U.S.,49-9011,Mechanical Door Repairers,detailed,27330.0,48400.0,47010.0,32520.0,38010.0,56300.0,65500.0,2022
99,U.S.,49-9012,"Control and Valve Installers and Repairers, Except Mechanical Door",detailed,46410.0,69410.0,64810.0,37980.0,48580.0,89670.0,102570.0,2022
99,U.S.,49-9021,"Heating, Air Conditioning, and Refrigeration Mechanics and Installers",detailed,374770.0,57460.0,51390.0,36170.0,44100.0,65630.0,82630.0,2022
99,U.S.,49-9031,Home Appliance Repairers,detailed,29370.0,47500.0,46000.0,29190.0,36350.0,56320.0,67300.0,2022
99,U.S.,49-9041,Industrial Machinery Mechanics,detailed,386120.0,60990.0,59830.0,38900.0,48180.0,71760.0,82810.0,2022
99,U.S.,49-9043,"Maintenance Workers, Machinery",detailed,62770.0,55910.0,53310.0,36100.0,43580.0,64700.0,78690.0,2022
99,U.S.,49-9044,Millwrights,detailed,40930.0,61750.0,60930.0,38940.0,49010.0,74040.0,81300.0,2022
99,U.S.,49-9045,"Refractory Materials Repairers, Except Brickmasons",detailed,580.0,51010.0,50550.0,30780.0,37770.0,63940.0,65840.0,2022
99,U.S.,49-9051,Electrical Power-Line Installers and Repairers,detailed,119510.0,82770.0,82340.0,47070.0,62190.0,102070.0,114590.0,2022
99,U.S.,49-9052,Telecommunications Line Installers and Repairers,detailed,107670.0,64280.0,60580.0,38020.0,46200.0,82950.0,97220.0,2022
99,U.S.,49-9061,Camera and Photographic Equipment Repairers,detailed,2120.0,46870.0,44060.0,30010.0,35700.0,50720.0,71750.0,2022
99,U.S.,49-9062,Medical Equipment Repairers,detailed,58830.0,60950.0,57860.0,35530.0,43480.0,76340.0,94310.0,2022
99,U.S.,49-9063,Musical Instrument Repairers and Tuners,detailed,6330.0,43120.0,38150.0,27250.0,30680.0,49230.0,63110.0,2022
99,U.S.,49-9064,Watch and Clock Repairers,detailed,1880.0,49580.0,48370.0,28080.0,32420.0,59620.0,75870.0,2022
99,U.S.,49-9069,"Precision Instrument and Equipment Repairers, All Other",detailed,10810.0,63970.0,61690.0,39960.0,49900.0,76570.0,90250.0,2022
99,U.S.,49-9071,"Maintenance and Repair Workers, General",detailed,1485990.0,47130.0,44980.0,29220.0,35800.0,57390.0,68930.0,2022
99,U.S.,49-9081,Wind Turbine Service Technicians,detailed,9830.0,59880.0,57320.0,45150.0,48630.0,63900.0,80170.0,2022
99,U.S.,49-9091,"Coin, Vending, and Amusement Machine Servicers and Repairers",detailed,35790.0,42500.0,39690.0,26630.0,31790.0,49870.0,59930.0,2022
99,U.S.,49-9092,Commercial Divers,detailed,3860.0,85630.0,68300.0,38390.0,49370.0,107150.0,171470.0,2022
99,U.S.,49-9094,Locksmiths and Safe Repairers,detailed,15240.0,50210.0,47400.0,30710.0,36820.0,60110.0,72830.0,2022
99,U.S.,49-9095,Manufactured Building and Mobile Home Installers,detailed,3630.0,38020.0,36820.0,27350.0,30920.0,42820.0,52800.0,2022
99,U.S.,49-9096,Riggers,detailed,19260.0,58700.0,54680.0,35140.0,41500.0,70910.0,85250.0,2022
99,U.S.,49-9097,Signal and Track Switch Repairers,detailed,6880.0,77370.0,81300.0,50020.0,68370.0,86770.0,92900.0,2022
99,U.S.,49-9098,"Helpers--Installation, Maintenance, and Repair Workers",detailed,93650.0,36750.0,35100.0,25880.0,29850.0,41180.0,49970.0,2022
99,U.S.,49-9099,"Installation, Maintenance, and Repair Workers, All Other",detailed,172980.0,47800.0,44500.0,30270.0,36070.0,56570.0,70350.0,2022
99,U.S.,51-1011,First-Line Supervisors of Production and Operating Workers,detailed,659930.0,69100.0,63510.0,40180.0,49510.0,80580.0,102070.0,2022
99,U.S.,51-2011,"Aircraft Structure, Surfaces, Rigging, and Systems Assemblers",detailed,32140.0,60110.0,58430.0,37650.0,46870.0,75380.0,85370.0,2022
99,U.S.,51-2021,"Coil Winders, Tapers, and Finishers",detailed,10860.0,44850.0,43160.0,31620.0,36700.0,50750.0,59660.0,2022
99,U.S.,51-2028,"Electrical, Electronic, and Electromechanical Assemblers, Except Coil Winders, Tapers, and Finishers",detailed,275510.0,41770.0,38580.0,29650.0,34230.0,47020.0,58620.0,2022
99,U.S.,51-2031,Engine and Other Machine Assemblers,detailed,50120.0,51980.0,50850.0,34700.0,39960.0,64230.0,68360.0,2022
99,U.S.,51-2041,Structural Metal Fabricators and Fitters,detailed,58870.0,48870.0,47200.0,33870.0,39000.0,56270.0,64970.0,2022
99,U.S.,51-2051,Fiberglass Laminators and Fabricators,detailed,21910.0,41280.0,38110.0,29490.0,34950.0,46650.0,52760.0,2022
99,U.S.,51-2061,Timing Device Assemblers and Adjusters,detailed,370.0,46480.0,42290.0,31210.0,35550.0,51510.0,71020.0,2022
99,U.S.,51-2090,Miscellaneous Assemblers and Fabricators,detailed,1454130.0,40250.0,37280.0,28620.0,31750.0,45780.0,58450.0,2022
99,U.S.,51-3011,Bakers,detailed,205300.0,34140.0,32780.0,24060.0,28510.0,37460.0,45650.0,2022
99,U.S.,51-3021,Butchers and Meat Cutters,detailed,129400.0,38200.0,36930.0,26030.0,30210.0,45150.0,51180.0,2022
99,U.S.,51-3022,"Meat, Poultry, and Fish Cutters and Trimmers",detailed,133460.0,35090.0,35070.0,26950.0,29990.0,39100.0,44560.0,2022
99,U.S.,51-3023,Slaughterers and Meat Packers,detailed,78660.0,34920.0,35240.0,27460.0,30690.0,38440.0,43700.0,2022
99,U.S.,51-3091,"Food and Tobacco Roasting, Baking, and Drying Machine Operators and Tenders",detailed,20010.0,39770.0,37790.0,27040.0,31400.0,46560.0,55110.0,2022
99,U.S.,51-3092,Food Batchmakers,detailed,166520.0,38710.0,36580.0,27290.0,30860.0,46340.0,52580.0,2022
99,U.S.,51-3093,Food Cooking Machine Operators and Tenders,detailed,26740.0,37760.0,36700.0,27040.0,30080.0,43830.0,50240.0,2022
99,U.S.,51-3099,"Food Processing Workers, All Other",detailed,47790.0,35430.0,34710.0,26740.0,30610.0,38520.0,44910.0,2022
99,U.S.,51-4021,"Extruding and Drawing Machine Setters, Operators, and Tenders, Metal and Plastic",detailed,63490.0,42580.0,39970.0,30200.0,35170.0,48170.0,57690.0,2022
99,U.S.,51-4022,"Forging Machine Setters, Operators, and Tenders, Metal and Plastic",detailed,10650.0,46940.0,46540.0,32410.0,37830.0,54940.0,62900.0,2022
99,U.S.,51-4023,"Rolling Machine Setters, Operators, and Tenders, Metal and Plastic",detailed,27900.0,48250.0,46310.0,32910.0,38160.0,55780.0,66220.0,2022
99,U.S.,51-4031,"Cutting, Punching, and Press Machine Setters, Operators, and Tenders, Metal and Plastic",detailed,182460.0,42240.0,39340.0,30280.0,35200.0,47520.0,59090.0,2022
99,U.S.,51-4032,"Drilling and Boring Machine Tool Setters, Operators, and Tenders, Metal and Plastic",detailed,6470.0,45350.0,42450.0,30720.0,36820.0,51170.0,62400.0,2022
99,U.S.,51-4033,"Grinding, Lapping, Polishing, and Buffing Machine Tool Setters, Operators, and Tenders, Metal and Plastic",detailed,73800.0,42050.0,38910.0,30390.0,35000.0,47490.0,58430.0,2022
99,U.S.,51-4034,"Lathe and Turning Machine Tool Setters, Operators, and Tenders, Metal and Plastic",detailed,19410.0,47820.0,47020.0,32580.0,37780.0,55130.0,64450.0,2022
99,U.S.,51-4035,"Milling and Planing Machine Setters, Operators, and Tenders, Metal and Plastic",detailed,15480.0,49200.0,46870.0,33240.0,37650.0,59000.0,67620.0,2022
99,U.S.,51-4041,Machinists,detailed,316860.0,51430.0,48510.0,33720.0,39090.0,60870.0,71820.0,2022
99,U.S.,51-4051,Metal-Refining Furnace Operators and Tenders,detailed,19320.0,53450.0,50280.0,36460.0,41700.0,63280.0,78090.0,2022
99,U.S.,51-4052,"Pourers and Casters, Metal",detailed,6070.0,46600.0,45070.0,33230.0,37340.0,53080.0,66120.0,2022
99,U.S.,51-4061,"Model Makers, Metal and Plastic",detailed,3350.0,60220.0,57620.0,37950.0,45400.0,76120.0,85280.0,2022
99,U.S.,51-4062,"Patternmakers, Metal and Plastic",detailed,2230.0,55470.0,54970.0,35840.0,44710.0,66260.0,74280.0,2022
99,U.S.,51-4071,Foundry Mold and Coremakers,detailed,11330.0,42000.0,40120.0,29620.0,34970.0,48360.0,57870.0,2022
99,U.S.,51-4072,"Molding, Coremaking, and Casting Machine Setters, Operators, and Tenders, Metal and Plastic",detailed,165820.0,39690.0,37050.0,28830.0,31650.0,45620.0,54900.0,2022
99,U.S.,51-4081,"Multiple Machine Tool Setters, Operators, and Tenders, Metal and Plastic",detailed,137060.0,42040.0,39210.0,29410.0,34350.0,47970.0,58560.0,2022
99,U.S.,51-4111,Tool and Die Makers,detailed,61730.0,59390.0,59800.0,38470.0,47670.0,71050.0,79540.0,2022
99,U.S.,51-4121,"Welders, Cutters, Solderers, and Brazers",detailed,408990.0,50460.0,47540.0,35380.0,39480.0,58100.0,68750.0,2022
99,U.S.,51-4122,"Welding, Soldering, and Brazing Machine Setters, Operators, and Tenders",detailed,30940.0,46110.0,44920.0,31930.0,37270.0,51730.0,63010.0,2022
99,U.S.,51-4191,"Heat Treating Equipment Setters, Operators, and Tenders, Metal and Plastic",detailed,15600.0,43700.0,40900.0,31250.0,36020.0,49160.0,58970.0,2022
99,U.S.,51-4192,"Layout Workers, Metal and Plastic",detailed,6890.0,56170.0,58260.0,39320.0,48990.0,63020.0,69180.0,2022
99,U.S.,51-4193,"Plating Machine Setters, Operators, and Tenders, Metal and Plastic",detailed,32050.0,40290.0,37900.0,29140.0,32500.0,45820.0,53560.0,2022
99,U.S.,51-4194,"Tool Grinders, Filers, and Sharpeners",detailed,5320.0,46040.0,41940.0,29020.0,35060.0,54080.0,65650.0,2022
99,U.S.,51-4199,"Metal Workers and Plastic Workers, All Other",detailed,21030.0,41960.0,38340.0,30170.0,34320.0,47040.0,59020.0,2022
99,U.S.,51-5111,Prepress Technicians and Workers,detailed,25250.0,44880.0,43560.0,29580.0,35410.0,50630.0,62270.0,2022
99,U.S.,51-5112,Printing Press Operators,detailed,150010.0,42730.0,39350.0,28760.0,33770.0,48830.0,59980.0,2022
99,U.S.,51-5113,Print Binding and Finishing Workers,detailed,39030.0,38850.0,36970.0,27220.0,30800.0,45770.0,51660.0,2022
99,U.S.,51-6011,Laundry and Dry-Cleaning Workers,detailed,175730.0,29660.0,29060.0,22060.0,24910.0,33240.0,37010.0,2022
99,U.S.,51-6021,"Pressers, Textile, Garment, and Related Materials",detailed,28570.0,30650.0,29690.0,22520.0,27040.0,34280.0,37760.0,2022
99,U.S.,51-6031,Sewing Machine Operators,detailed,116750.0,33130.0,31740.0,22880.0,28320.0,37020.0,43500.0,2022
99,U.S.,51-6041,Shoe and Leather Workers and Repairers,detailed,8860.0,34600.0,32460.0,22830.0,27690.0,38740.0,47230.0,2022
99,U.S.,51-6042,Shoe Machine Operators and Tenders,detailed,2960.0,34160.0,33060.0,24450.0,28290.0,37710.0,44400.0,2022
99,U.S.,51-6051,"Sewers, Hand",detailed,3440.0,33440.0,31530.0,24250.0,28780.0,36780.0,43260.0,2022
99,U.S.,51-6052,"Tailors, Dressmakers, and Custom Sewers",detailed,16870.0,37230.0,34280.0,23910.0,29590.0,42340.0,54080.0,2022
99,U.S.,51-6061,Textile Bleaching and Dyeing Machine Operators and Tenders,detailed,6640.0,33900.0,32680.0,25890.0,28390.0,37410.0,43880.0,2022
99,U.S.,51-6062,"Textile Cutting Machine Setters, Operators, and Tenders",detailed,10700.0,34970.0,34420.0,25250.0,29620.0,38930.0,45260.0,2022
99,U.S.,51-6063,"Textile Knitting and Weaving Machine Setters, Operators, and Tenders",detailed,16900.0,35710.0,35750.0,26380.0,29920.0,39370.0,46160.0,2022
99,U.S.,51-6064,"Textile Winding, Twisting, and Drawing Out Machine Setters, Operators, and Tenders",detailed,23830.0,34610.0,33720.0,28200.0,30510.0,37310.0,44010.0,2022
99,U.S.,51-6091,"Extruding and Forming Machine Setters, Operators, and Tenders, Synthetic and Glass Fibers",detailed,14460.0,42770.0,39860.0,30780.0,35510.0,48750.0,59090.0,2022
99,U.S.,51-6092,Fabric and Apparel Patternmakers,detailed,3070.0,66820.0,60320.0,31190.0,38150.0,85630.0,109550.0,2022
99,U.S.,51-6093,Upholsterers,detailed,26990.0,41900.0,39600.0,28300.0,33480.0,47150.0,59660.0,2022
99,U.S.,51-6099,"Textile, Apparel, and Furnishings Workers, All Other",detailed,12810.0,35520.0,32640.0,25240.0,29020.0,38370.0,48600.0,2022
99,U.S.,51-7011,Cabinetmakers and Bench Carpenters,detailed,95980.0,42120.0,38810.0,29120.0,34550.0,47660.0,58570.0,2022
99,U.S.,51-7021,Furniture Finishers,detailed,14990.0,39880.0,37960.0,28370.0,32020.0,45750.0,52920.0,2022
99,U.S.,51-7031,"Model Makers, Wood",detailed,720.0,52820.0,46940.0,35350.0,38010.0,60290.0,83230.0,2022
99,U.S.,51-7032,"Patternmakers, Wood",detailed,330.0,45720.0,44290.0,31730.0,38180.0,50150.0,60220.0,2022
99,U.S.,51-7041,"Sawing Machine Setters, Operators, and Tenders, Wood",detailed,46400.0,37450.0,36270.0,26930.0,30330.0,43050.0,49500.0,2022
99,U.S.,51-7042,"Woodworking Machine Setters, Operators, and Tenders, Except Sawing",detailed,63680.0,38060.0,36830.0,27910.0,31120.0,44290.0,49510.0,2022
99,U.S.,51-7099,"Woodworkers, All Other",detailed,9120.0,36870.0,35370.0,25750.0,29150.0,42290.0,51310.0,2022
99,U.S.,51-8011,Nuclear Power Reactor Operators,detailed,5450.0,117510.0,115870.0,85580.0,100190.0,131030.0,146100.0,2022
99,U.S.,51-8012,Power Distributors and Dispatchers,detailed,9380.0,101360.0,101650.0,66090.0,83070.0,118350.0,135620.0,2022
99,U.S.,51-8013,Power Plant Operators,detailed,31590.0,88960.0,93060.0,52000.0,71160.0,104720.0,119880.0,2022
99,U.S.,51-8021,Stationary Engineers and Boiler Operators,detailed,31470.0,72570.0,67120.0,40910.0,52640.0,87030.0,108790.0,2022
99,U.S.,51-8031,Water and Wastewater Treatment Plant and System Operators,detailed,119350.0,55690.0,51600.0,34100.0,40780.0,64720.0,81210.0,2022
99,U.S.,51-8091,Chemical Plant and System Operators,detailed,18710.0,79290.0,82670.0,45930.0,61680.0,99430.0,107680.0,2022
99,U.S.,51-8092,Gas Plant Operators,detailed,14290.0,78430.0,79460.0,46190.0,62220.0,94930.0,107700.0,2022
99,U.S.,51-8093,"Petroleum Pump System Operators, Refinery Operators, and Gaugers",detailed,31360.0,84140.0,85090.0,52920.0,72320.0,99860.0,107810.0,2022
99,U.S.,51-8099,"Plant and System Operators, All Other",detailed,15370.0,60070.0,57470.0,37100.0,45860.0,70910.0,85760.0,2022
99,U.S.,51-9011,Chemical Equipment Operators and Tenders,detailed,115370.0,54210.0,49330.0,34360.0,39360.0,63830.0,80480.0,2022
99,U.S.,51-9012,"Separating, Filtering, Clarifying, Precipitating, and Still Machine Setters, Operators, and Tenders",detailed,52470.0,48980.0,46250.0,31430.0,37190.0,56820.0,69920.0,2022
99,U.S.,51-9021,"Crushing, Grinding, and Polishing Machine Setters, Operators, and Tenders",detailed,27320.0,45310.0,43290.0,30220.0,35910.0,51960.0,63490.0,2022
99,U.S.,51-9022,"Grinding and Polishing Workers, Hand",detailed,14190.0,38770.0,36960.0,28760.0,31930.0,43350.0,50210.0,2022
99,U.S.,51-9023,"Mixing and Blending Machine Setters, Operators, and Tenders",detailed,108900.0,45220.0,43410.0,30880.0,36400.0,50950.0,61480.0,2022
99,U.S.,51-9031,"Cutters and Trimmers, Hand",detailed,8250.0,37830.0,36130.0,27040.0,30470.0,41960.0,51970.0,2022
99,U.S.,51-9032,"Cutting and Slicing Machine Setters, Operators, and Tenders",detailed,54110.0,41980.0,39880.0,30220.0,35050.0,48190.0,55760.0,2022
99,U.S.,51-9041,"Extruding, Forming, Pressing, and Compacting Machine Setters, Operators, and Tenders",detailed,58740.0,41940.0,39480.0,30290.0,34720.0,47870.0,57120.0,2022
99,U.S.,51-9051,"Furnace, Kiln, Oven, Drier, and Kettle Operators and Tenders",detailed,15030.0,46180.0,44530.0,31450.0,36470.0,54560.0,62410.0,2022
99,U.S.,51-9061,"Inspectors, Testers, Sorters, Samplers, and Weighers",detailed,579740.0,47290.0,43900.0,29950.0,35630.0,55510.0,69100.0,2022
99,U.S.,51-9071,Jewelers and Precious Stone and Metal Workers,detailed,26280.0,50530.0,47140.0,30150.0,36210.0,60130.0,76130.0,2022
99,U.S.,51-9081,Dental Laboratory Technicians,detailed,33330.0,49930.0,46050.0,30770.0,36920.0,58560.0,74800.0,2022
99,U.S.,51-9082,Medical Appliance Technicians,detailed,15680.0,46240.0,42160.0,31990.0,35620.0,50840.0,64580.0,2022
99,U.S.,51-9083,Ophthalmic Laboratory Technicians,detailed,20200.0,40140.0,36810.0,27930.0,31620.0,45180.0,58430.0,2022
99,U.S.,51-9111,Packaging and Filling Machine Operators and Tenders,detailed,369330.0,39060.0,36750.0,28300.0,31530.0,44780.0,52760.0,2022
99,U.S.,51-9123,"Painting, Coating, and Decorating Workers",detailed,11990.0,41770.0,38270.0,28850.0,32760.0,46070.0,55120.0,2022
99,U.S.,51-9124,"Coating, Painting, and Spraying Machine Setters, Operators, and Tenders",detailed,152120.0,46440.0,43960.0,31200.0,36490.0,51540.0,63430.0,2022
99,U.S.,51-9141,Semiconductor Processing Technicians,detailed,23860.0,48370.0,44690.0,33120.0,37100.0,55630.0,72030.0,2022
99,U.S.,51-9151,Photographic Process Workers and Processing Machine Operators,detailed,5380.0,42750.0,36280.0,27650.0,30960.0,48190.0,66150.0,2022
99,U.S.,51-9161,Computer Numerically Controlled Tool Operators,detailed,179360.0,47940.0,46760.0,33360.0,37960.0,56030.0,63600.0,2022
99,U.S.,51-9162,Computer Numerically Controlled Tool Programmers,detailed,28120.0,64580.0,60800.0,42990.0,50650.0,76060.0,90090.0,2022
99,U.S.,51-9191,Adhesive Bonding Machine Operators and Tenders,detailed,11320.0,40100.0,38780.0,27700.0,31210.0,47370.0,51990.0,2022
99,U.S.,51-9192,"Cleaning, Washing, and Metal Pickling Equipment Operators and Tenders",detailed,13200.0,39130.0,37190.0,28460.0,31830.0,45020.0,52460.0,2022
99,U.S.,51-9193,Cooling and Freezing Equipment Operators and Tenders,detailed,6420.0,44240.0,42890.0,29910.0,36340.0,50600.0,61560.0,2022
99,U.S.,51-9194,Etchers and Engravers,detailed,8400.0,40950.0,37980.0,27460.0,31840.0,46030.0,59530.0,2022
99,U.S.,51-9195,"Molders, Shapers, and Casters, Except Metal and Plastic",detailed,39060.0,41680.0,39590.0,30040.0,35050.0,47200.0,56470.0,2022
99,U.S.,51-9196,"Paper Goods Machine Setters, Operators, and Tenders",detailed,92050.0,46390.0,45710.0,31290.0,37310.0,51940.0,62730.0,2022
99,U.S.,51-9197,Tire Builders,detailed,18360.0,50600.0,51650.0,35800.0,41540.0,60140.0,63230.0,2022
99,U.S.,51-9198,Helpers--Production Workers,detailed,190680.0,35740.0,34670.0,25740.0,30250.0,39370.0,47680.0,2022
99,U.S.,51-9199,"Production Workers, All Other",detailed,252660.0,38860.0,35490.0,27510.0,30530.0,43690.0,56180.0,2022
99,U.S.,53-1041,Aircraft Cargo Handling Supervisors,detailed,7950.0,61150.0,53490.0,41030.0,46540.0,76230.0,87170.0,2022
99,U.S.,53-1047,"First-Line Supervisors of Transportation and Material Moving Workers, Except Aircraft Cargo Handling Supervisors",detailed,591760.0,60850.0,57860.0,37310.0,45090.0,72920.0,87900.0,2022
99,U.S.,53-2011,"Airline Pilots, Copilots, and Flight Engineers",detailed,89580.0,225740.0,211790.0,98680.0,129520.0,,,2022
99,U.S.,53-2012,Commercial Pilots,detailed,48750.0,123250.0,103910.0,54100.0,76320.0,149170.0,217530.0,2022
99,U.S.,53-2021,Air Traffic Controllers,detailed,21250.0,130840.0,132250.0,73590.0,92580.0,168770.0,189800.0,2022
99,U.S.,53-2022,Airfield Operations Specialists,detailed,14760.0,64050.0,49600.0,30460.0,38060.0,76100.0,110830.0,2022
99,U.S.,53-2031,Flight Attendants,detailed,108480.0,67020.0,63760.0,37690.0,47760.0,82410.0,97170.0,2022
99,U.S.,53-3011,"Ambulance Drivers and Attendants, Except Emergency Medical Technicians",detailed,9910.0,33570.0,30380.0,22410.0,26000.0,36120.0,47120.0,2022
99,U.S.,53-3031,Driver/Sales Workers,detailed,489510.0,35560.0,32690.0,19730.0,24630.0,44250.0,55200.0,2022
99,U.S.,53-3032,Heavy and Tractor-Trailer Truck Drivers,detailed,1984180.0,53090.0,49920.0,35300.0,42490.0,61200.0,75220.0,2022
99,U.S.,53-3033,Light Truck Drivers,detailed,1059840.0,45020.0,40410.0,26740.0,33590.0,50650.0,75780.0,2022
99,U.S.,53-3051,"Bus Drivers, School",detailed,366550.0,42400.0,41270.0,25390.0,33850.0,49210.0,58390.0,2022
99,U.S.,53-3052,"Bus Drivers, Transit and Intercity",detailed,141530.0,53920.0,50890.0,33610.0,39900.0,65430.0,80420.0,2022
99,U.S.,53-3053,Shuttle Drivers and Chauffeurs,detailed,201070.0,35000.0,32800.0,23680.0,28190.0,38610.0,48070.0,2022
99,U.S.,53-3054,Taxi Drivers,detailed,13820.0,32710.0,30670.0,22880.0,27740.0,35150.0,41710.0,2022
99,U.S.,53-3099,"Motor Vehicle Operators, All Other",detailed,49340.0,37650.0,33210.0,22390.0,26460.0,44820.0,59740.0,2022
99,U.S.,53-4011,Locomotive Engineers,detailed,36440.0,73850.0,74570.0,53060.0,62890.0,86950.0,89060.0,2022
99,U.S.,53-4013,"Rail Yard Engineers, Dinkey Operators, and Hostlers",detailed,2680.0,58430.0,56340.0,35340.0,48230.0,66640.0,83390.0,2022
99,U.S.,53-4022,"Railroad Brake, Signal, and Switch Operators and Locomotive Firers",detailed,14210.0,64810.0,67540.0,43830.0,60640.0,70140.0,79580.0,2022
99,U.S.,53-4031,Railroad Conductors and Yardmasters,detailed,40940.0,69190.0,68180.0,49680.0,61570.0,74260.0,88230.0,2022
99,U.S.,53-4041,Subway and Streetcar Operators,detailed,9120.0,75880.0,88260.0,49260.0,61740.0,89180.0,89180.0,2022
99,U.S.,53-4099,"Rail Transportation Workers, All Other",detailed,2240.0,46780.0,42280.0,35440.0,39640.0,49870.0,67230.0,2022
99,U.S.,53-5011,Sailors and Marine Oilers,detailed,28500.0,53350.0,47490.0,30530.0,37190.0,60690.0,75210.0,2022
99,U.S.,53-5021,"Captains, Mates, and Pilots of Water Vessels",detailed,34940.0,104190.0,95210.0,42090.0,61390.0,125700.0,160140.0,2022
99,U.S.,53-5022,Motorboat Operators,detailed,3110.0,47300.0,41430.0,29640.0,34870.0,58750.0,73650.0,2022
99,U.S.,53-5031,Ship Engineers,detailed,8650.0,100980.0,87300.0,52520.0,72410.0,107580.0,139990.0,2022
99,U.S.,53-6011,Bridge and Lock Tenders,detailed,3690.0,46910.0,47280.0,26630.0,30370.0,61380.0,67330.0,2022
99,U.S.,53-6021,Parking Attendants,detailed,105290.0,31230.0,30570.0,22580.0,27040.0,34590.0,38760.0,2022
99,U.S.,53-6031,Automotive and Watercraft Service Attendants,detailed,99600.0,32340.0,30850.0,24660.0,27820.0,35550.0,40290.0,2022
99,U.S.,53-6032,Aircraft Service Attendants,detailed,19720.0,39400.0,37050.0,29400.0,31740.0,43560.0,51880.0,2022
99,U.S.,53-6041,Traffic Technicians,detailed,7310.0,54720.0,50050.0,34370.0,40390.0,64830.0,84520.0,2022
99,U.S.,53-6051,Transportation Inspectors,detailed,24420.0,79770.0,79570.0,36770.0,54270.0,97510.0,126150.0,2022
99,U.S.,53-6061,Passenger Attendants,detailed,13200.0,36230.0,34630.0,22020.0,29490.0,40430.0,50000.0,2022
99,U.S.,53-6099,"Transportation Workers, All Other",detailed,11590.0,40290.0,37430.0,23920.0,29460.0,47000.0,60720.0,2022
99,U.S.,53-7011,Conveyor Operators and Tenders,detailed,27780.0,40060.0,36890.0,30770.0,33130.0,44630.0,53190.0,2022
99,U.S.,53-7021,Crane and Tower Operators,detailed,45210.0,65220.0,61340.0,37680.0,47840.0,76450.0,93410.0,2022
99,U.S.,53-7031,Dredge Operators,detailed,940.0,51770.0,47090.0,34110.0,40030.0,60320.0,77080.0,2022
99,U.S.,53-7041,Hoist and Winch Operators,detailed,2440.0,69120.0,58950.0,33480.0,40360.0,95380.0,121450.0,2022
99,U.S.,53-7051,Industrial Truck and Tractor Operators,detailed,780890.0,43240.0,41230.0,32040.0,36640.0,47780.0,57410.0,2022
99,U.S.,53-7061,Cleaners of Vehicles and Equipment,detailed,359530.0,32730.0,31000.0,22500.0,27470.0,36310.0,43520.0,2022
99,U.S.,53-7062,"Laborers and Freight, Stock, and Material Movers, Hand",detailed,2934050.0,37510.0,36110.0,27610.0,31130.0,42470.0,48560.0,2022
99,U.S.,53-7063,Machine Feeders and Offbearers,detailed,51010.0,39100.0,38040.0,28190.0,31800.0,45420.0,50910.0,2022
99,U.S.,53-7064,"Packers and Packagers, Hand",detailed,653870.0,33310.0,32920.0,23870.0,28620.0,37230.0,42070.0,2022
99,U.S.,53-7065,Stockers and Order Fillers,detailed,2842060.0,35550.0,34220.0,25680.0,29730.0,38810.0,47360.0,2022
99,U.S.,53-7071,Gas Compressor and Gas Pumping Station Operators,detailed,3740.0,61500.0,59990.0,33680.0,44550.0,76140.0,90720.0,2022
99,U.S.,53-7072,"Pump Operators, Except Wellhead Pumpers",detailed,10870.0,59150.0,55860.0,36700.0,44740.0,74200.0,85430.0,2022
99,U.S.,53-7073,Wellhead Pumpers,detailed,14550.0,65510.0,63280.0,36100.0,47430.0,79120.0,93730.0,2022
99,U.S.,53-7081,Refuse and Recyclable Material Collectors,detailed,132240.0,45560.0,43540.0,28190.0,34040.0,53800.0,64390.0,2022
99,U.S.,53-7121,"Tank Car, Truck, and Ship Loaders",detailed,12470.0,58680.0,53930.0,36730.0,44500.0,75670.0,88650.0,2022
99,U.S.,53-7199,"Material Moving Workers, All Other",detailed,24880.0,43290.0,38800.0,30070.0,33280.0,48840.0,60070.0,2022
99,U.S.,11-1011,Chief Executives,detailed,211230.0,258900.0,206680.0,80000.0,130840.0,,,2023
99,U.S.,11-1021,General and Operations Managers,detailed,3507810.0,129330.0,101280.0,46340.0,65180.0,160290.0,232110.0,2023
99,U.S.,11-1031,Legislators,detailed,32460.0,68140.0,47290.0,21010.0,28810.0,82200.0,129510.0,2023
99,U.S.,11-2011,Advertising and Promotions Managers,detailed,20630.0,152620.0,131870.0,63580.0,88810.0,188530.0,,2023
99,U.S.,11-2021,Marketing Managers,detailed,368940.0,166410.0,157620.0,79600.0,108000.0,208000.0,,2023
99,U.S.,11-2022,Sales Managers,detailed,575880.0,157610.0,135160.0,63700.0,93540.0,196700.0,,2023
99,U.S.,11-2032,Public Relations Managers,detailed,72760.0,159420.0,134760.0,76160.0,99180.0,191840.0,,2023
99,U.S.,11-2033,Fundraising Managers,detailed,31810.0,133620.0,119200.0,68800.0,86880.0,162660.0,212730.0,2023
99,U.S.,11-3012,Administrative Services Managers,detailed,242520.0,121200.0,106470.0,62470.0,81420.0,140870.0,188820.0,2023
99,U.S.,11-3013,Facilities Managers,detailed,131400.0,111110.0,102340.0,60840.0,78130.0,133990.0,169020.0,2023
99,U.S.,11-3021,Computer and Information Systems Managers,detailed,592600.0,180720.0,169510.0,101590.0,131770.0,214050.0,,2023
99,U.S.,11-3031,Financial Managers,detailed,787340.0,174820.0,156100.0,82870.0,110190.0,210830.0,,2023
99,U.S.,11-3051,Industrial Production Managers,detailed,222890.0,125900.0,116970.0,72010.0,91590.0,151220.0,190480.0,2023
99,U.S.,11-3061,Purchasing Managers,detailed,77530.0,146710.0,136380.0,83510.0,105300.0,172110.0,215170.0,2023
99,U.S.,11-3071,"Transportation, Storage, and Distribution Managers",detailed,198780.0,111870.0,99200.0,58810.0,76120.0,133090.0,175530.0,2023
99,U.S.,11-3111,Compensation and Benefits Managers,detailed,18690.0,150940.0,136380.0,76550.0,102540.0,181030.0,229970.0,2023
99,U.S.,11-3121,Human Resources Managers,detailed,200600.0,154740.0,136350.0,81060.0,103340.0,182120.0,,2023
99,U.S.,11-3131,Training and Development Managers,detailed,41540.0,138450.0,125040.0,73410.0,94240.0,166780.0,220060.0,2023
99,U.S.,11-9013,"Farmers, Ranchers, and Other Agricultural Managers",detailed,6150.0,90160.0,83770.0,47800.0,63510.0,109090.0,136410.0,2023
99,U.S.,11-9021,Construction Managers,detailed,329190.0,116960.0,104900.0,64480.0,81640.0,135550.0,172040.0,2023
99,U.S.,11-9031,"Education and Childcare Administrators, Preschool and Daycare",detailed,64090.0,61320.0,54290.0,36550.0,44420.0,69350.0,94890.0,2023
99,U.S.,11-9032,"Education Administrators, Kindergarten through Secondary",detailed,302580.0,111020.0,103460.0,70050.0,83050.0,131180.0,163010.0,2023
99,U.S.,11-9033,"Education Administrators, Postsecondary",detailed,167270.0,122010.0,102610.0,62970.0,79700.0,137230.0,209870.0,2023
99,U.S.,11-9039,"Education Administrators, All Other",detailed,50690.0,100720.0,88460.0,49470.0,64800.0,120120.0,158200.0,2023
99,U.S.,11-9041,Architectural and Engineering Managers,detailed,207800.0,172290.0,165370.0,107390.0,132890.0,203030.0,233590.0,2023
99,U.S.,11-9051,Food Service Managers,detailed,246070.0,69580.0,63060.0,42990.0,50390.0,79630.0,101240.0,2023
99,U.S.,11-9071,Gambling Managers,detailed,4590.0,98270.0,82380.0,49940.0,65210.0,113720.0,159440.0,2023
99,U.S.,11-9072,"Entertainment and Recreation Managers, Except Gambling",detailed,29690.0,84080.0,73460.0,42730.0,53480.0,99170.0,133680.0,2023
99,U.S.,11-9081,Lodging Managers,detailed,41980.0,76790.0,65360.0,39270.0,49380.0,87930.0,127090.0,2023
99,U.S.,11-9111,Medical and Health Services Managers,detailed,515100.0,134440.0,110680.0,67900.0,86080.0,157640.0,216750.0,2023
99,U.S.,11-9121,Natural Sciences Managers,detailed,96520.0,169120.0,157740.0,77520.0,109300.0,212080.0,,2023
99,U.S.,11-9131,Postmasters and Mail Superintendents,detailed,13810.0,89770.0,88670.0,79060.0,82990.0,95660.0,104940.0,2023
99,U.S.,11-9141,"Property, Real Estate, and Community Association Managers",detailed,284120.0,78400.0,62850.0,37540.0,47940.0,92560.0,135990.0,2023
99,U.S.,11-9151,Social and Community Service Managers,detailed,173650.0,83400.0,77030.0,48880.0,60860.0,98740.0,127550.0,2023
99,U.S.,11-9161,Emergency Management Directors,detailed,11910.0,93690.0,83960.0,50340.0,62630.0,112190.0,151560.0,2023
99,U.S.,11-9171,Funeral Home Managers,detailed,14200.0,84800.0,75660.0,44830.0,59650.0,98560.0,131360.0,2023
99,U.S.,11-9179,"Personal Service Managers, All Other",detailed,11170.0,62980.0,57570.0,31000.0,41410.0,73650.0,99900.0,2023
99,U.S.,11-9199,"Managers, All Other",detailed,589750.0,146320.0,133560.0,67370.0,97990.0,174510.0,225120.0,2023
99,U.S.,13-1011,"Agents and Business Managers of Artists, Performers, and Athletes",detailed,12870.0,132810.0,84900.0,47100.0,62280.0,129930.0,,2023
99,U.S.,13-1020,Buyers and Purchasing Agents,detailed,477980.0,77850.0,71950.0,43680.0,54910.0,94910.0,121680.0,2023
99,U.S.,13-1031,"Claims Adjusters, Examiners, and Investigators",detailed,293780.0,75770.0,75050.0,47390.0,58770.0,91100.0,105440.0,2023
99,U.S.,13-1032,"Insurance Appraisers, Auto Damage",detailed,8670.0,75660.0,74520.0,56890.0,63690.0,82740.0,100240.0,2023
99,U.S.,13-1041,Compliance Officers,detailed,383620.0,80190.0,75670.0,43790.0,56180.0,100340.0,123710.0,2023
99,U.S.,13-1051,Cost Estimators,detailed,220970.0,79520.0,74740.0,44820.0,57130.0,96740.0,124520.0,2023
99,U.S.,13-1071,Human Resources Specialists,detailed,895970.0,76060.0,67650.0,42900.0,51510.0,92390.0,121800.0,2023
99,U.S.,13-1074,Farm Labor Contractors,detailed,460.0,51400.0,45730.0,26700.0,31970.0,63980.0,89640.0,2023
99,U.S.,13-1075,Labor Relations Specialists,detailed,62800.0,94620.0,89980.0,48360.0,65650.0,120610.0,139520.0,2023
99,U.S.,13-1081,Logisticians,detailed,228470.0,84640.0,79400.0,47990.0,61440.0,101890.0,128550.0,2023
99,U.S.,13-1082,Project Management Specialists,detailed,947630.0,104920.0,98580.0,57500.0,74100.0,129690.0,163040.0,2023
99,U.S.,13-1111,Management Analysts,detailed,838140.0,115530.0,99410.0,57840.0,74540.0,130800.0,172280.0,2023
99,U.S.,13-1121,"Meeting, Convention, and Event Planners",detailed,122130.0,62280.0,56920.0,34410.0,43450.0,74510.0,99010.0,2023
99,U.S.,13-1131,Fundraisers,detailed,101730.0,70760.0,64160.0,39440.0,49560.0,83120.0,106700.0,2023
99,U.S.,13-1141,"Compensation, Benefits, and Job Analysis Specialists",detailed,99850.0,80620.0,74530.0,46050.0,56890.0,97960.0,127340.0,2023
99,U.S.,13-1151,Training and Development Specialists,detailed,403480.0,71980.0,64340.0,36050.0,47510.0,87890.0,116140.0,2023
99,U.S.,13-1161,Market Research Analysts and Marketing Specialists,detailed,846370.0,83190.0,74680.0,40040.0,52840.0,102450.0,137040.0,2023
99,U.S.,13-1199,"Business Operations Specialists, All Other",detailed,1103440.0,89130.0,79590.0,44370.0,59010.0,106300.0,140300.0,2023
99,U.S.,13-2011,Accountants and Auditors,detailed,1435770.0,90780.0,79880.0,50440.0,62720.0,103990.0,137280.0,2023
99,U.S.,13-2020,Property Appraisers and Assessors,detailed,62090.0,76110.0,61630.0,36230.0,46560.0,83600.0,116580.0,2023
99,U.S.,13-2031,Budget Analysts,detailed,47310.0,90880.0,84940.0,56760.0,68540.0,107470.0,131630.0,2023
99,U.S.,13-2041,Credit Analysts,detailed,73200.0,94750.0,79420.0,50060.0,61600.0,108430.0,164750.0,2023
99,U.S.,13-2051,Financial and Investment Analysts,detailed,325220.0,112950.0,99010.0,60830.0,76880.0,129970.0,175840.0,2023
99,U.S.,13-2052,Personal Financial Advisors,detailed,272190.0,150670.0,99580.0,48730.0,65320.0,169910.0,,2023
99,U.S.,13-2053,Insurance Underwriters,detailed,101310.0,85610.0,77860.0,48480.0,61370.0,102000.0,132010.0,2023
99,U.S.,13-2054,Financial Risk Specialists,detailed,55290.0,118950.0,106090.0,61090.0,79140.0,141030.0,184330.0,2023
99,U.S.,13-2061,Financial Examiners,detailed,63440.0,98140.0,84300.0,49710.0,63430.0,121280.0,165670.0,2023
99,U.S.,13-2071,Credit Counselors,detailed,27950.0,53440.0,48570.0,37460.0,41980.0,59990.0,75030.0,2023
99,U.S.,13-2072,Loan Officers,detailed,321090.0,84490.0,69990.0,37020.0,49130.0,100020.0,139470.0,2023
99,U.S.,13-2081,"Tax Examiners and Collectors, and Revenue Agents",detailed,50250.0,65370.0,58530.0,37690.0,45360.0,78520.0,107660.0,2023
99,U.S.,13-2082,Tax Preparers,detailed,81650.0,58160.0,49010.0,29170.0,35670.0,76020.0,98810.0,2023
99,U.S.,13-2099,"Financial Specialists, All Other",detailed,122730.0,89650.0,78310.0,43510.0,57930.0,105060.0,139960.0,2023
99,U.S.,15-1211,Computer Systems Analysts,detailed,498810.0,110800.0,103800.0,63230.0,80380.0,132580.0,165700.0,2023
99,U.S.,15-1212,Information Security Analysts,detailed,175350.0,124740.0,120360.0,69210.0,90050.0,153550.0,182370.0,2023
99,U.S.,15-1221,Computer and Information Research Scientists,detailed,35210.0,157160.0,145080.0,81450.0,109990.0,185160.0,233110.0,2023
99,U.S.,15-1231,Computer Network Support Specialists,detailed,158720.0,78640.0,71530.0,45660.0,54700.0,92570.0,121920.0,2023
99,U.S.,15-1232,Computer User Support Specialists,detailed,689700.0,63640.0,59240.0,37690.0,46550.0,75950.0,97020.0,2023
99,U.S.,15-1241,Computer Network Architects,detailed,174100.0,133930.0,129840.0,77960.0,100120.0,164080.0,195000.0,2023
99,U.S.,15-1242,Database Administrators,detailed,76140.0,104810.0,101510.0,54320.0,71940.0,133120.0,157710.0,2023
99,U.S.,15-1243,Database Architects,detailed,59920.0,137030.0,134700.0,76000.0,104330.0,166780.0,194960.0,2023
99,U.S.,15-1244,Network and Computer Systems Administrators,detailed,323020.0,100580.0,95360.0,58680.0,74400.0,121910.0,148710.0,2023
99,U.S.,15-1251,Computer Programmers,detailed,120370.0,107750.0,99700.0,58950.0,74610.0,129650.0,167230.0,2023
99,U.S.,15-1252,Software Developers,detailed,1656880.0,138110.0,132270.0,77020.0,101200.0,167540.0,208620.0,2023
99,U.S.,15-1253,Software Quality Assurance Analysts and Testers,detailed,203040.0,108460.0,101800.0,58740.0,78470.0,130630.0,164520.0,2023
99,U.S.,15-1254,Web Developers,detailed,85350.0,95570.0,84960.0,46850.0,61690.0,116370.0,157280.0,2023
99,U.S.,15-1255,Web and Digital Interface Designers,detailed,111060.0,108820.0,98540.0,48210.0,66020.0,139500.0,176490.0,2023
99,U.S.,15-1299,"Computer Occupations, All Other",detailed,437170.0,112430.0,104920.0,49690.0,71990.0,141820.0,174300.0,2023
99,U.S.,15-2011,Actuaries,detailed,25470.0,132500.0,120000.0,75380.0,88420.0,164320.0,209310.0,2023
99,U.S.,15-2021,Mathematicians,detailed,2220.0,119770.0,116440.0,62260.0,81910.0,148240.0,183500.0,2023
99,U.S.,15-2031,Operations Research Analysts,detailed,117880.0,95600.0,83640.0,52930.0,66250.0,115190.0,148920.0,2023
99,U.S.,15-2041,Statisticians,detailed,29950.0,109190.0,104110.0,58690.0,78140.0,134950.0,163360.0,2023
99,U.S.,15-2051,Data Scientists,detailed,192710.0,119040.0,108020.0,61070.0,79810.0,147670.0,184090.0,2023
99,U.S.,15-2099,"Mathematical Science Occupations, All Other",detailed,4320.0,83330.0,70620.0,38400.0,49800.0,99730.0,155150.0,2023
99,U.S.,17-1011,"Architects, Except Landscape and Naval",detailed,111170.0,100400.0,93310.0,58870.0,73240.0,116780.0,151300.0,2023
99,U.S.,17-1012,Landscape Architects,detailed,20370.0,83990.0,79320.0,50000.0,61520.0,97170.0,125600.0,2023
99,U.S.,17-1021,Cartographers and Photogrammetrists,detailed,12330.0,78810.0,76210.0,48660.0,60430.0,95610.0,113540.0,2023
99,U.S.,17-1022,Surveyors,detailed,50740.0,74000.0,68540.0,41430.0,50970.0,91520.0,109660.0,2023
99,U.S.,17-2011,Aerospace Engineers,detailed,66660.0,134330.0,130720.0,81620.0,101730.0,166610.0,188910.0,2023
99,U.S.,17-2021,Agricultural Engineers,detailed,1860.0,93490.0,88750.0,62150.0,79620.0,101030.0,127590.0,2023
99,U.S.,17-2031,Bioengineers and Biomedical Engineers,detailed,19320.0,106700.0,100730.0,68100.0,81370.0,125780.0,154350.0,2023
99,U.S.,17-2041,Chemical Engineers,detailed,21140.0,122910.0,112100.0,75650.0,91630.0,142810.0,176420.0,2023
99,U.S.,17-2051,Civil Engineers,detailed,327950.0,101160.0,95890.0,63220.0,76500.0,123010.0,150640.0,2023
99,U.S.,17-2061,Computer Hardware Engineers,detailed,82660.0,147770.0,138080.0,81630.0,108670.0,175400.0,212770.0,2023
99,U.S.,17-2071,Electrical Engineers,detailed,185430.0,117680.0,106950.0,69320.0,83200.0,137140.0,172050.0,2023
99,U.S.,17-2072,"Electronics Engineers, Except Computer",detailed,96410.0,124190.0,119200.0,76700.0,93380.0,151610.0,179690.0,2023
99,U.S.,17-2081,Environmental Engineers,detailed,39880.0,105840.0,100090.0,63370.0,78640.0,125520.0,156530.0,2023
99,U.S.,17-2111,"Health and Safety Engineers, Except Mining Safety Engineers and Inspectors",detailed,22510.0,108740.0,103690.0,62190.0,81760.0,131670.0,160600.0,2023
99,U.S.,17-2112,Industrial Engineers,detailed,332870.0,103150.0,99380.0,65320.0,79730.0,124000.0,142220.0,2023
99,U.S.,17-2121,Marine Engineers and Naval Architects,detailed,9960.0,108110.0,100270.0,76860.0,80620.0,126870.0,156630.0,2023
99,U.S.,17-2131,Materials Engineers,detailed,24630.0,110430.0,104100.0,63340.0,80790.0,133090.0,165580.0,2023
99,U.S.,17-2141,Mechanical Engineers,detailed,281290.0,105220.0,99510.0,64560.0,79160.0,126990.0,157470.0,2023
99,U.S.,17-2151,"Mining and Geological Engineers, Including Mining Safety Engineers",detailed,7040.0,105460.0,100640.0,55150.0,77730.0,128920.0,160820.0,2023
99,U.S.,17-2161,Nuclear Engineers,detailed,12710.0,126950.0,125460.0,82150.0,100500.0,142700.0,174020.0,2023
99,U.S.,17-2171,Petroleum Engineers,detailed,20390.0,148590.0,135690.0,77340.0,104020.0,176990.0,225920.0,2023
99,U.S.,17-2199,"Engineers, All Other",detailed,150990.0,118350.0,111970.0,62130.0,83250.0,146060.0,177020.0,2023
99,U.S.,17-3011,Architectural and Civil Drafters,detailed,111070.0,65000.0,61820.0,39720.0,49660.0,77020.0,94580.0,2023
99,U.S.,17-3012,Electrical and Electronics Drafters,detailed,20680.0,73110.0,69260.0,46470.0,54970.0,83870.0,103530.0,2023
99,U.S.,17-3013,Mechanical Drafters,detailed,44850.0,69920.0,64060.0,43420.0,52000.0,81380.0,102110.0,2023
99,U.S.,17-3019,"Drafters, All Other",detailed,16580.0,62980.0,59260.0,39000.0,47840.0,74090.0,91400.0,2023
99,U.S.,17-3021,Aerospace Engineering and Operations Technologists and Technicians,detailed,10640.0,81280.0,77830.0,50050.0,61490.0,99440.0,113970.0,2023
99,U.S.,17-3022,Civil Engineering Technologists and Technicians,detailed,63560.0,63770.0,60700.0,39120.0,47920.0,76570.0,91010.0,2023
99,U.S.,17-3023,Electrical and Electronic Engineering Technologists and Technicians,detailed,97420.0,74440.0,72800.0,46420.0,57990.0,85680.0,105320.0,2023
99,U.S.,17-3024,Electro-Mechanical and Mechatronics Technologists and Technicians,detailed,15360.0,72430.0,65080.0,44210.0,51650.0,82990.0,104690.0,2023
99,U.S.,17-3025,Environmental Engineering Technologists and Technicians,detailed,13780.0,58780.0,54000.0,36150.0,45330.0,68790.0,84640.0,2023
99,U.S.,17-3026,Industrial Engineering Technologists and Technicians,detailed,73020.0,66640.0,62610.0,44950.0,50680.0,77390.0,94540.0,2023
99,U.S.,17-3027,Mechanical Engineering Technologists and Technicians,detailed,38930.0,67990.0,64020.0,44110.0,51930.0,79910.0,96740.0,2023
99,U.S.,17-3028,Calibration Technologists and Technicians,detailed,13220.0,67360.0,62790.0,42370.0,50050.0,79170.0,100850.0,2023
99,U.S.,17-3029,"Engineering Technologists and Technicians, Except Drafters, All Other",detailed,66200.0,75290.0,73500.0,42900.0,54160.0,92880.0,109190.0,2023
99,U.S.,17-3031,Surveying and Mapping Technicians,detailed,56050.0,54090.0,48940.0,35080.0,39790.0,62540.0,79150.0,2023
99,U.S.,19-1011,Animal Scientists,detailed,2460.0,89450.0,70140.0,46240.0,52870.0,103260.0,162000.0,2023
99,U.S.,19-1012,Food Scientists and Technologists,detailed,14100.0,88350.0,82090.0,48480.0,63980.0,105640.0,135430.0,2023
99,U.S.,19-1013,Soil and Plant Scientists,detailed,15800.0,77080.0,68240.0,43790.0,54030.0,93500.0,119410.0,2023
99,U.S.,19-1021,Biochemists and Biophysicists,detailed,33180.0,120310.0,107460.0,64680.0,81650.0,136080.0,175790.0,2023
99,U.S.,19-1022,Microbiologists,detailed,21540.0,93380.0,85470.0,49070.0,62770.0,120240.0,147470.0,2023
99,U.S.,19-1023,Zoologists and Wildlife Biologists,detailed,17100.0,75740.0,70600.0,45840.0,57120.0,88190.0,110590.0,2023
99,U.S.,19-1029,"Biological Scientists, All Other",detailed,61220.0,99060.0,91100.0,52230.0,66400.0,119390.0,158730.0,2023
99,U.S.,19-1031,Conservation Scientists,detailed,22790.0,73160.0,68750.0,42850.0,53000.0,87460.0,105460.0,2023
99,U.S.,19-1032,Foresters,detailed,9450.0,70680.0,67330.0,46700.0,55520.0,82120.0,98590.0,2023
99,U.S.,19-1041,Epidemiologists,detailed,10230.0,90430.0,81390.0,54950.0,65910.0,103980.0,132230.0,2023
99,U.S.,19-1042,"Medical Scientists, Except Epidemiologists",detailed,136620.0,112380.0,100890.0,61810.0,76690.0,133870.0,168020.0,2023
99,U.S.,19-1099,"Life Scientists, All Other",detailed,7490.0,101520.0,86950.0,50340.0,64460.0,127580.0,172060.0,2023
99,U.S.,19-2011,Astronomers,detailed,2080.0,128940.0,127930.0,56500.0,85600.0,172210.0,183500.0,2023
99,U.S.,19-2012,Physicists,detailed,18350.0,158270.0,155680.0,80950.0,112610.0,186330.0,232940.0,2023
99,U.S.,19-2021,Atmospheric and Space Scientists,detailed,9310.0,101530.0,92860.0,48960.0,68080.0,124760.0,157250.0,2023
99,U.S.,19-2031,Chemists,detailed,83530.0,95560.0,84680.0,52950.0,64940.0,118800.0,149550.0,2023
99,U.S.,19-2032,Materials Scientists,detailed,8810.0,112440.0,106160.0,64130.0,82670.0,134580.0,170900.0,2023
99,U.S.,19-2041,"Environmental Scientists and Specialists, Including Health",detailed,80730.0,86710.0,78980.0,48580.0,60920.0,103420.0,133660.0,2023
99,U.S.,19-2042,"Geoscientists, Except Hydrologists and Geographers",detailed,24620.0,104000.0,92580.0,52500.0,66280.0,127480.0,172600.0,2023
99,U.S.,19-2043,Hydrologists,detailed,6150.0,96410.0,88770.0,57120.0,69240.0,114710.0,141790.0,2023
99,U.S.,19-2099,"Physical Scientists, All Other",detailed,20820.0,119050.0,112280.0,59590.0,81210.0,148430.0,183500.0,2023
99,U.S.,19-3011,Economists,detailed,16420.0,132650.0,115730.0,62520.0,82330.0,166070.0,216900.0,2023
99,U.S.,19-3022,Survey Researchers,detailed,8190.0,66670.0,60960.0,30790.0,41330.0,81460.0,107790.0,2023
99,U.S.,19-3032,Industrial-Organizational Psychologists,detailed,1030.0,154380.0,147420.0,45860.0,90100.0,219410.0,219810.0,2023
99,U.S.,19-3033,Clinical and Counseling Psychologists,detailed,71730.0,106600.0,96100.0,48820.0,66050.0,129020.0,168870.0,2023
99,U.S.,19-3034,School Psychologists,detailed,62790.0,91990.0,84940.0,59250.0,70520.0,107400.0,131470.0,2023
99,U.S.,19-3039,"Psychologists, All Other",detailed,14480.0,110300.0,117750.0,47450.0,76550.0,138280.0,157420.0,2023
99,U.S.,19-3041,Sociologists,detailed,2890.0,106710.0,101770.0,59960.0,76030.0,134980.0,165280.0,2023
99,U.S.,19-3051,Urban and Regional Planners,detailed,42690.0,85940.0,81800.0,51470.0,63830.0,102930.0,126120.0,2023
99,U.S.,19-3091,Anthropologists and Archeologists,detailed,7720.0,69780.0,63800.0,43770.0,50510.0,82000.0,102150.0,2023
99,U.S.,19-3092,Geographers,detailed,1460.0,92460.0,90880.0,59850.0,70600.0,110240.0,126940.0,2023
99,U.S.,19-3093,Historians,detailed,3040.0,76120.0,72890.0,35760.0,51720.0,93580.0,124720.0,2023
99,U.S.,19-3094,Political Scientists,detailed,5580.0,132020.0,132350.0,72470.0,96600.0,167650.0,183500.0,2023
99,U.S.,19-3099,"Social Scientists and Related Workers, All Other",detailed,35210.0,102210.0,95890.0,59010.0,75400.0,123200.0,158160.0,2023
99,U.S.,19-4012,Agricultural Technicians,detailed,13150.0,46810.0,43180.0,30750.0,36400.0,53120.0,65470.0,2023
99,U.S.,19-4013,Food Science Technicians,detailed,15190.0,54000.0,49090.0,37290.0,41770.0,61390.0,74630.0,2023
99,U.S.,19-4021,Biological Technicians,detailed,76990.0,56540.0,51430.0,36970.0,42390.0,65510.0,80330.0,2023
99,U.S.,19-4031,Chemical Technicians,detailed,55880.0,60920.0,56750.0,38240.0,45920.0,73280.0,93340.0,2023
99,U.S.,19-4042,"Environmental Science and Protection Technicians, Including Health",detailed,32390.0,57470.0,50660.0,35800.0,41790.0,65310.0,85010.0,2023
99,U.S.,19-4043,"Geological Technicians, Except Hydrologic Technicians",detailed,8860.0,64590.0,52440.0,34160.0,42650.0,73720.0,108750.0,2023
99,U.S.,19-4044,Hydrologic Technicians,detailed,3000.0,61500.0,55890.0,37690.0,44840.0,76000.0,91610.0,2023
99,U.S.,19-4051,Nuclear Technicians,detailed,5400.0,97520.0,101740.0,62700.0,76280.0,111420.0,128700.0,2023
99,U.S.,19-4061,Social Science Research Assistants,detailed,30890.0,62370.0,56400.0,37080.0,46140.0,69720.0,96720.0,2023
99,U.S.,19-4071,Forest and Conservation Technicians,detailed,28740.0,54260.0,51880.0,34570.0,40540.0,63810.0,78420.0,2023
99,U.S.,19-4092,Forensic Science Technicians,detailed,17520.0,71540.0,64940.0,41410.0,50480.0,84720.0,107490.0,2023
99,U.S.,19-4099,"Life, Physical, and Social Science Technicians, All Other",detailed,72230.0,62640.0,58350.0,36650.0,44040.0,76080.0,100550.0,2023
99,U.S.,19-5011,Occupational Health and Safety Specialists,detailed,122300.0,85570.0,81140.0,49550.0,62630.0,102690.0,128040.0,2023
99,U.S.,19-5012,Occupational Health and Safety Technicians,detailed,27270.0,64250.0,57920.0,40030.0,48980.0,75410.0,97360.0,2023
99,U.S.,21-1012,"Educational, Guidance, and Career Counselors and Advisors",detailed,327660.0,66990.0,61710.0,40140.0,48760.0,78780.0,100050.0,2023
99,U.S.,21-1013,Marriage and Family Therapists,detailed,63340.0,68730.0,58510.0,39090.0,45250.0,78440.0,104710.0,2023
99,U.S.,21-1015,Rehabilitation Counselors,detailed,84750.0,48430.0,44040.0,31390.0,36440.0,56610.0,73710.0,2023
99,U.S.,21-1018,"Substance Abuse, Behavioral Disorder, and Mental Health Counselors",detailed,397880.0,60080.0,53710.0,36700.0,44600.0,70130.0,89920.0,2023
99,U.S.,21-1019,"Counselors, All Other",detailed,35580.0,52360.0,46130.0,33300.0,38890.0,59340.0,79880.0,2023
99,U.S.,21-1021,"Child, Family, and School Social Workers",detailed,352160.0,59190.0,53940.0,37900.0,45120.0,68450.0,85590.0,2023
99,U.S.,21-1022,Healthcare Social Workers,detailed,185020.0,67430.0,62940.0,41840.0,50190.0,78710.0,97790.0,2023
99,U.S.,21-1023,Mental Health and Substance Abuse Social Workers,detailed,114680.0,63870.0,55960.0,37150.0,43750.0,74810.0,100090.0,2023
99,U.S.,21-1029,"Social Workers, All Other",detailed,58460.0,68800.0,63770.0,39580.0,47770.0,87730.0,104580.0,2023
99,U.S.,21-1091,Health Education Specialists,detailed,57800.0,69790.0,62860.0,39630.0,48210.0,83800.0,107920.0,2023
99,U.S.,21-1092,Probation Officers and Correctional Treatment Specialists,detailed,85870.0,67880.0,61800.0,41700.0,48800.0,82040.0,105220.0,2023
99,U.S.,21-1093,Social and Human Service Assistants,detailed,409310.0,44240.0,41410.0,30720.0,35770.0,49280.0,61820.0,2023
99,U.S.,21-1094,Community Health Workers,detailed,58550.0,52610.0,48200.0,35560.0,40490.0,60740.0,75980.0,2023
99,U.S.,21-1099,"Community and Social Service Specialists, All Other",detailed,95310.0,54020.0,49690.0,34030.0,39980.0,62460.0,79320.0,2023
99,U.S.,21-2011,Clergy,detailed,56640.0,63720.0,58920.0,35400.0,45540.0,74620.0,96600.0,2023
99,U.S.,21-2021,"Directors, Religious Activities and Education",detailed,23270.0,61740.0,50140.0,32030.0,39150.0,70600.0,104430.0,2023
99,U.S.,21-2099,"Religious Workers, All Other",detailed,11870.0,45050.0,37960.0,28530.0,31200.0,50280.0,73310.0,2023
99,U.S.,23-1011,Lawyers,detailed,731340.0,176470.0,145760.0,69760.0,98030.0,217360.0,,2023
99,U.S.,23-1012,Judicial Law Clerks,detailed,14680.0,64880.0,57490.0,41020.0,46090.0,71240.0,102810.0,2023
99,U.S.,23-1021,"Administrative Law Judges, Adjudicators, and Hearing Officers",detailed,14670.0,119940.0,111090.0,53140.0,75730.0,160350.0,195000.0,2023
99,U.S.,23-1022,"Arbitrators, Mediators, and Conciliators",detailed,7060.0,95370.0,71540.0,35960.0,51200.0,107060.0,152730.0,2023
99,U.S.,23-1023,"Judges, Magistrate Judges, and Magistrates",detailed,24470.0,139000.0,148910.0,45950.0,84300.0,182200.0,210890.0,2023
99,U.S.,23-2011,Paralegals and Legal Assistants,detailed,354890.0,66460.0,60970.0,39710.0,48180.0,77600.0,98830.0,2023
99,U.S.,23-2093,"Title Examiners, Abstractors, and Searchers",detailed,49760.0,59440.0,53550.0,36400.0,43760.0,70260.0,89980.0,2023
99,U.S.,23-2099,"Legal Support Workers, All Other",detailed,43760.0,82960.0,67700.0,39890.0,49980.0,106360.0,155270.0,2023
99,U.S.,25-1011,"Business Teachers, Postsecondary",detailed,82980.0,113240.0,97130.0,48580.0,64670.0,140070.0,211230.0,2023
99,U.S.,25-1021,"Computer Science Teachers, Postsecondary",detailed,36150.0,106380.0,96430.0,49770.0,65660.0,133800.0,175150.0,2023
99,U.S.,25-1022,"Mathematical Science Teachers, Postsecondary",detailed,48230.0,95320.0,81020.0,48740.0,62280.0,108840.0,165880.0,2023
99,U.S.,25-1031,"Architecture Teachers, Postsecondary",detailed,8350.0,114900.0,105770.0,60610.0,80010.0,133570.0,174390.0,2023
99,U.S.,25-1032,"Engineering Teachers, Postsecondary",detailed,38370.0,120630.0,106910.0,60250.0,81960.0,139300.0,200030.0,2023
99,U.S.,25-1041,"Agricultural Sciences Teachers, Postsecondary",detailed,7550.0,95610.0,85260.0,49240.0,64120.0,110310.0,149660.0,2023
99,U.S.,25-1042,"Biological Science Teachers, Postsecondary",detailed,52050.0,102270.0,83920.0,51670.0,64990.0,126760.0,171410.0,2023
99,U.S.,25-1043,"Forestry and Conservation Science Teachers, Postsecondary",detailed,1260.0,102230.0,101650.0,58120.0,81040.0,118460.0,141800.0,2023
99,U.S.,25-1051,"Atmospheric, Earth, Marine, and Space Sciences Teachers, Postsecondary",detailed,11770.0,111930.0,100690.0,52430.0,65900.0,135790.0,195940.0,2023
99,U.S.,25-1052,"Chemistry Teachers, Postsecondary",detailed,20210.0,102630.0,85810.0,52590.0,65580.0,125370.0,171750.0,2023
99,U.S.,25-1053,"Environmental Science Teachers, Postsecondary",detailed,7120.0,100910.0,88410.0,51280.0,66060.0,126160.0,166150.0,2023
99,U.S.,25-1054,"Physics Teachers, Postsecondary",detailed,14030.0,106950.0,98020.0,55150.0,66780.0,131140.0,171820.0,2023
99,U.S.,25-1061,"Anthropology and Archeology Teachers, Postsecondary",detailed,5030.0,103640.0,93650.0,51980.0,67770.0,126060.0,172180.0,2023
99,U.S.,25-1062,"Area, Ethnic, and Cultural Studies Teachers, Postsecondary",detailed,11570.0,100390.0,86030.0,51590.0,65390.0,111650.0,169680.0,2023
99,U.S.,25-1063,"Economics Teachers, Postsecondary",detailed,12210.0,133650.0,115300.0,58060.0,82110.0,168240.0,221170.0,2023
99,U.S.,25-1064,"Geography Teachers, Postsecondary",detailed,3480.0,97660.0,85600.0,50870.0,66610.0,109120.0,155010.0,2023
99,U.S.,25-1065,"Political Science Teachers, Postsecondary",detailed,17090.0,104910.0,93810.0,51610.0,66330.0,127940.0,172910.0,2023
99,U.S.,25-1066,"Psychology Teachers, Postsecondary",detailed,40610.0,93990.0,82140.0,49790.0,62980.0,106610.0,151890.0,2023
99,U.S.,25-1067,"Sociology Teachers, Postsecondary",detailed,12870.0,97580.0,82670.0,49900.0,64320.0,109450.0,169920.0,2023
99,U.S.,25-1069,"Social Sciences Teachers, Postsecondary, All Other",detailed,16900.0,91710.0,77750.0,43890.0,59310.0,106540.0,170180.0,2023
99,U.S.,25-1071,"Health Specialties Teachers, Postsecondary",detailed,225360.0,134440.0,105650.0,52300.0,69140.0,172990.0,,2023
99,U.S.,25-1072,"Nursing Instructors and Teachers, Postsecondary",detailed,72700.0,86530.0,80780.0,49120.0,63050.0,103370.0,130320.0,2023
99,U.S.,25-1081,"Education Teachers, Postsecondary",detailed,60860.0,80750.0,73240.0,39670.0,52740.0,98130.0,130000.0,2023
99,U.S.,25-1082,"Library Science Teachers, Postsecondary",detailed,4220.0,88190.0,80310.0,53660.0,64430.0,101750.0,131310.0,2023
99,U.S.,25-1111,"Criminal Justice and Law Enforcement Teachers, Postsecondary",detailed,13390.0,83470.0,69030.0,46320.0,56020.0,102110.0,134580.0,2023
99,U.S.,25-1112,"Law Teachers, Postsecondary",detailed,14570.0,142440.0,127360.0,51810.0,77860.0,179700.0,,2023
99,U.S.,25-1113,"Social Work Teachers, Postsecondary",detailed,11730.0,80840.0,75020.0,46790.0,53640.0,96670.0,127760.0,2023
99,U.S.,25-1121,"Art, Drama, and Music Teachers, Postsecondary",detailed,101500.0,100840.0,80360.0,47570.0,61970.0,110120.0,178670.0,2023
99,U.S.,25-1122,"Communications Teachers, Postsecondary",detailed,28520.0,90950.0,79910.0,48060.0,61410.0,104810.0,160060.0,2023
99,U.S.,25-1123,"English Language and Literature Teachers, Postsecondary",detailed,57600.0,87090.0,78130.0,48090.0,60050.0,102980.0,137100.0,2023
99,U.S.,25-1124,"Foreign Language and Literature Teachers, Postsecondary",detailed,20820.0,88490.0,78760.0,48230.0,61530.0,103340.0,136260.0,2023
99,U.S.,25-1125,"History Teachers, Postsecondary",detailed,20610.0,93120.0,82140.0,48760.0,63650.0,106840.0,141840.0,2023
99,U.S.,25-1126,"Philosophy and Religion Teachers, Postsecondary",detailed,20320.0,89680.0,79930.0,48450.0,61830.0,103340.0,137310.0,2023
99,U.S.,25-1192,"Family and Consumer Sciences Teachers, Postsecondary",detailed,2660.0,89630.0,78410.0,48410.0,59170.0,105280.0,146020.0,2023
99,U.S.,25-1193,"Recreation and Fitness Studies Teachers, Postsecondary",detailed,13270.0,87340.0,75770.0,44400.0,58540.0,101780.0,148610.0,2023
99,U.S.,25-1194,"Career/Technical Education Teachers, Postsecondary",detailed,111180.0,68300.0,62060.0,39120.0,48890.0,80200.0,105200.0,2023
99,U.S.,25-1199,"Postsecondary Teachers, All Other",detailed,166980.0,96570.0,79870.0,45930.0,59260.0,120620.0,177050.0,2023
99,U.S.,25-2011,"Preschool Teachers, Except Special Education",detailed,430240.0,41410.0,37130.0,28200.0,30810.0,46500.0,60900.0,2023
99,U.S.,25-2012,"Kindergarten Teachers, Except Special Education",detailed,118580.0,67790.0,62690.0,45650.0,50970.0,78950.0,100390.0,2023
99,U.S.,25-2021,"Elementary School Teachers, Except Special Education",detailed,1410070.0,70740.0,63680.0,46960.0,51260.0,81480.0,104440.0,2023
99,U.S.,25-2022,"Middle School Teachers, Except Special and Career/Technical Education",detailed,626690.0,71460.0,64290.0,47490.0,52040.0,82120.0,104410.0,2023
99,U.S.,25-2023,"Career/Technical Education Teachers, Middle School",detailed,12210.0,69020.0,63860.0,47360.0,54620.0,78680.0,99080.0,2023
99,U.S.,25-2031,"Secondary School Teachers, Except Special and Career/Technical Education",detailed,1045170.0,73800.0,65220.0,48040.0,54290.0,83340.0,106380.0,2023
99,U.S.,25-2032,"Career/Technical Education Teachers, Secondary School",detailed,90070.0,70810.0,65130.0,49420.0,57530.0,81000.0,100380.0,2023
99,U.S.,25-2051,"Special Education Teachers, Preschool",detailed,24850.0,76420.0,65270.0,41250.0,51240.0,89440.0,135170.0,2023
99,U.S.,25-2052,"Special Education Teachers, Kindergarten and Elementary School",detailed,212850.0,71770.0,64910.0,47710.0,54360.0,81990.0,103430.0,2023
99,U.S.,25-2057,"Special Education Teachers, Middle School",detailed,88850.0,73630.0,66600.0,48140.0,57600.0,84040.0,105320.0,2023
99,U.S.,25-2058,"Special Education Teachers, Secondary School",detailed,158150.0,74670.0,66620.0,47950.0,56820.0,84400.0,107230.0,2023
99,U.S.,25-2059,"Special Education Teachers, All Other",detailed,43700.0,76000.0,67190.0,43530.0,53780.0,91050.0,114360.0,2023
99,U.S.,25-3011,"Adult Basic Education, Adult Secondary Education, and English as a Second Language Instructors",detailed,36890.0,65430.0,60560.0,39710.0,48580.0,78230.0,97980.0,2023
99,U.S.,25-3021,Self-Enrichment Teachers,detailed,272110.0,52890.0,45330.0,28600.0,34820.0,62220.0,85980.0,2023
99,U.S.,25-3031,"Substitute Teachers, Short-Term",detailed,444530.0,43570.0,37380.0,24420.0,29880.0,48590.0,63140.0,2023
99,U.S.,25-3041,Tutors,detailed,162300.0,48580.0,39580.0,27710.0,32800.0,55620.0,80440.0,2023
99,U.S.,25-3099,"Teachers and Instructors, All Other",detailed,118290.0,70340.0,64390.0,32740.0,46600.0,84380.0,108380.0,2023
99,U.S.,25-4011,Archivists,detailed,7150.0,65700.0,59910.0,37720.0,46450.0,79190.0,103000.0,2023
99,U.S.,25-4012,Curators,detailed,12510.0,70870.0,61750.0,38000.0,48080.0,81950.0,107860.0,2023
99,U.S.,25-4013,Museum Technicians and Conservators,detailed,12670.0,54890.0,48670.0,30730.0,37580.0,65020.0,84400.0,2023
99,U.S.,25-4022,Librarians and Media Collections Specialists,detailed,133760.0,68570.0,64370.0,38690.0,50930.0,80980.0,101970.0,2023
99,U.S.,25-4031,Library Technicians,detailed,76670.0,42570.0,39310.0,27040.0,32240.0,49860.0,61620.0,2023
99,U.S.,25-9021,Farm and Home Management Educators,detailed,8110.0,61430.0,59770.0,36710.0,46080.0,75310.0,84770.0,2023
99,U.S.,25-9031,Instructional Coordinators,detailed,207270.0,77200.0,74620.0,46540.0,59190.0,92230.0,109500.0,2023
99,U.S.,25-9044,"Teaching Assistants, Postsecondary",detailed,145960.0,47030.0,43750.0,29540.0,33000.0,60450.0,73450.0,2023
99,U.S.,25-9045,"Teaching Assistants, Except Postsecondary",detailed,1337320.0,36430.0,35550.0,24200.0,29500.0,40720.0,48870.0,2023
99,U.S.,25-9099,"Educational Instruction and Library Workers, All Other",detailed,113490.0,54910.0,49800.0,25090.0,33640.0,66270.0,86660.0,2023
99,U.S.,27-1011,Art Directors,detailed,51200.0,125920.0,106500.0,60440.0,78970.0,155680.0,209800.0,2023
99,U.S.,27-1012,Craft Artists,detailed,5830.0,43610.0,36600.0,21010.0,29120.0,49010.0,67980.0,2023
99,U.S.,27-1013,"Fine Artists, Including Painters, Sculptors, and Illustrators",detailed,10910.0,71420.0,59300.0,28390.0,38160.0,88690.0,135420.0,2023
99,U.S.,27-1014,Special Effects Artists and Animators,detailed,29940.0,109630.0,99060.0,57090.0,71570.0,133400.0,169580.0,2023
99,U.S.,27-1019,"Artists and Related Workers, All Other",detailed,7420.0,78890.0,74750.0,31310.0,41830.0,108590.0,128270.0,2023
99,U.S.,27-1021,Commercial and Industrial Designers,detailed,30810.0,81870.0,76250.0,46530.0,59170.0,99290.0,126010.0,2023
99,U.S.,27-1022,Fashion Designers,detailed,19940.0,97030.0,79290.0,37090.0,58440.0,107260.0,160850.0,2023
99,U.S.,27-1023,Floral Designers,detailed,43350.0,35500.0,34690.0,24960.0,29120.0,38940.0,46650.0,2023
99,U.S.,27-1024,Graphic Designers,detailed,212720.0,64700.0,58910.0,36420.0,45560.0,77570.0,100450.0,2023
99,U.S.,27-1025,Interior Designers,detailed,67760.0,68530.0,62510.0,37730.0,47990.0,79580.0,101860.0,2023
99,U.S.,27-1026,Merchandise Displayers and Window Trimmers,detailed,175790.0,39040.0,36230.0,29280.0,31440.0,42280.0,51230.0,2023
99,U.S.,27-1027,Set and Exhibit Designers,detailed,10090.0,67170.0,59490.0,32240.0,42980.0,82620.0,113740.0,2023
99,U.S.,27-1029,"Designers, All Other",detailed,9880.0,75960.0,67500.0,36160.0,46450.0,91740.0,125730.0,2023
99,U.S.,27-2011,Actors,detailed,62560.0,,,,,,,2023
99,U.S.,27-2012,Producers and Directors,detailed,154470.0,107170.0,82510.0,42040.0,58540.0,128040.0,174540.0,2023
99,U.S.,27-2021,Athletes and Sports Competitors,detailed,14930.0,328830.0,70280.0,27730.0,38040.0,201140.0,,2023
99,U.S.,27-2022,Coaches and Scouts,detailed,238980.0,58700.0,45910.0,27040.0,32440.0,62070.0,95620.0,2023
99,U.S.,27-2023,"Umpires, Referees, and Other Sports Officials",detailed,14840.0,44860.0,35820.0,22950.0,29140.0,47690.0,63410.0,2023
99,U.S.,27-2031,Dancers,detailed,11510.0,,,,,,,2023
99,U.S.,27-2032,Choreographers,detailed,4190.0,59090.0,52000.0,30040.0,37440.0,77330.0,91140.0,2023
99,U.S.,27-2041,Music Directors and Composers,detailed,10770.0,87840.0,62590.0,34240.0,46910.0,101690.0,173810.0,2023
99,U.S.,27-2042,Musicians and Singers,detailed,35520.0,,,,,,,2023
99,U.S.,27-2091,"Disc Jockeys, Except Radio",detailed,7190.0,,,,,,,2023
99,U.S.,27-2099,"Entertainers and Performers, Sports and Related Workers, All Other",detailed,14720.0,,,,,,,2023
99,U.S.,27-3011,Broadcast Announcers and Radio Disc Jockeys,detailed,25070.0,86950.0,44890.0,24400.0,30920.0,66070.0,127560.0,2023
99,U.S.,27-3023,"News Analysts, Reporters, and Journalists",detailed,45020.0,101430.0,57500.0,31550.0,38160.0,91890.0,160360.0,2023
99,U.S.,27-3031,Public Relations Specialists,detailed,275550.0,77720.0,66750.0,38570.0,50280.0,92290.0,126220.0,2023
99,U.S.,27-3041,Editors,detailed,95700.0,85110.0,75020.0,38790.0,51810.0,101100.0,138920.0,2023
99,U.S.,27-3042,Technical Writers,detailed,47970.0,86620.0,80050.0,48630.0,62060.0,102260.0,129440.0,2023
99,U.S.,27-3043,Writers and Authors,detailed,49450.0,87590.0,73690.0,40900.0,52660.0,100990.0,148240.0,2023
99,U.S.,27-3091,Interpreters and Translators,detailed,51560.0,63080.0,57090.0,35410.0,44810.0,76960.0,97100.0,2023
99,U.S.,27-3092,Court Reporters and Simultaneous Captioners,detailed,12390.0,71040.0,63940.0,35890.0,46150.0,86690.0,126440.0,2023
99,U.S.,27-3099,"Media and Communication Workers, All Other",detailed,23230.0,87140.0,61900.0,36880.0,49980.0,85310.0,136000.0,2023
99,U.S.,27-4011,Audio and Video Technicians,detailed,66700.0,59260.0,51640.0,33790.0,41440.0,69980.0,95640.0,2023
99,U.S.,27-4012,Broadcast Technicians,detailed,26190.0,71600.0,57690.0,28080.0,36770.0,96710.0,125410.0,2023
99,U.S.,27-4014,Sound Engineering Technicians,detailed,14600.0,74100.0,59430.0,36160.0,45820.0,94550.0,132940.0,2023
99,U.S.,27-4015,Lighting Technicians,detailed,9520.0,73250.0,62240.0,37680.0,47470.0,82980.0,126590.0,2023
99,U.S.,27-4021,Photographers,detailed,53630.0,53380.0,40760.0,28510.0,32240.0,62480.0,95740.0,2023
99,U.S.,27-4031,"Camera Operators, Television, Video, and Film",detailed,23940.0,71890.0,61800.0,34420.0,44000.0,93870.0,120740.0,2023
99,U.S.,27-4032,Film and Video Editors,detailed,29240.0,83470.0,66600.0,38990.0,48920.0,101910.0,154480.0,2023
99,U.S.,27-4099,"Media and Communication Equipment Workers, All Other",detailed,11430.0,75860.0,71340.0,30110.0,45440.0,103020.0,128020.0,2023
99,U.S.,29-1011,Chiropractors,detailed,41480.0,89760.0,76530.0,39960.0,57980.0,101930.0,142580.0,2023
99,U.S.,29-1021,"Dentists, General",detailed,121640.0,191750.0,166300.0,80820.0,123670.0,218030.0,,2023
99,U.S.,29-1022,Oral and Maxillofacial Surgeons,detailed,4160.0,334310.0,,88060.0,212300.0,,,2023
99,U.S.,29-1023,Orthodontists,detailed,6400.0,243620.0,,89980.0,132000.0,,,2023
99,U.S.,29-1024,Prosthodontists,detailed,570.0,240750.0,234000.0,93600.0,176800.0,,,2023
99,U.S.,29-1029,"Dentists, All Other Specialists",detailed,5920.0,244470.0,227690.0,107330.0,188860.0,,,2023
99,U.S.,29-1031,Dietitians and Nutritionists,detailed,73860.0,71280.0,69680.0,44910.0,58290.0,81860.0,98830.0,2023
99,U.S.,29-1041,Optometrists,detailed,41390.0,143000.0,131860.0,64980.0,101650.0,162070.0,204100.0,2023
99,U.S.,29-1051,Pharmacists,detailed,331700.0,134790.0,136030.0,89980.0,125860.0,155550.0,168650.0,2023
99,U.S.,29-1071,Physician Assistants,detailed,145740.0,130490.0,130020.0,86280.0,108100.0,151720.0,170790.0,2023
99,U.S.,29-1081,Podiatrists,detailed,9470.0,162520.0,141650.0,58550.0,87200.0,216070.0,,2023
99,U.S.,29-1122,Occupational Therapists,detailed,144840.0,96790.0,96370.0,65210.0,79290.0,109480.0,129620.0,2023
99,U.S.,29-1123,Physical Therapists,detailed,240820.0,100440.0,99710.0,72260.0,81970.0,113630.0,130870.0,2023
99,U.S.,29-1124,Radiation Therapists,detailed,16640.0,104420.0,98300.0,72280.0,82300.0,112040.0,136910.0,2023
99,U.S.,29-1125,Recreational Therapists,detailed,15540.0,60910.0,57120.0,37960.0,46420.0,73150.0,92080.0,2023
99,U.S.,29-1126,Respiratory Therapists,detailed,129750.0,80340.0,77960.0,59180.0,65530.0,88820.0,104480.0,2023
99,U.S.,29-1127,Speech-Language Pathologists,detailed,172100.0,92630.0,89290.0,57910.0,71140.0,107710.0,129930.0,2023
99,U.S.,29-1128,Exercise Physiologists,detailed,8060.0,57050.0,54860.0,35460.0,45870.0,64110.0,77680.0,2023
99,U.S.,29-1129,"Therapists, All Other",detailed,16490.0,75660.0,63650.0,40790.0,50760.0,89050.0,124530.0,2023
99,U.S.,29-1131,Veterinarians,detailed,78220.0,136300.0,119100.0,72360.0,94860.0,155230.0,201440.0,2023
99,U.S.,29-1141,Registered Nurses,detailed,3175390.0,94480.0,86070.0,63720.0,75990.0,104670.0,132680.0,2023
99,U.S.,29-1151,Nurse Anesthetists,detailed,47810.0,214200.0,212650.0,139980.0,180840.0,,,2023
99,U.S.,29-1161,Nurse Midwives,detailed,6960.0,131570.0,129650.0,87320.0,110000.0,146770.0,177530.0,2023
99,U.S.,29-1171,Nurse Practitioners,detailed,280140.0,128490.0,126260.0,94530.0,106960.0,140610.0,168030.0,2023
99,U.S.,29-1181,Audiologists,detailed,13880.0,92620.0,87740.0,56090.0,74440.0,105480.0,124800.0,2023
99,U.S.,29-1211,Anesthesiologists,detailed,33470.0,339470.0,,84940.0,191980.0,,,2023
99,U.S.,29-1212,Cardiologists,detailed,15190.0,423250.0,,102530.0,235000.0,,,2023
99,U.S.,29-1213,Dermatologists,detailed,12040.0,342860.0,,103000.0,180750.0,,,2023
99,U.S.,29-1214,Emergency Medicine Physicians,detailed,35100.0,306640.0,,127350.0,224540.0,,,2023
99,U.S.,29-1215,Family Medicine Physicians,detailed,112010.0,240790.0,224640.0,68890.0,152810.0,,,2023
99,U.S.,29-1216,General Internal Medicine Physicians,detailed,67210.0,245450.0,223310.0,70120.0,108380.0,,,2023
99,U.S.,29-1217,Neurologists,detailed,9350.0,271470.0,,82990.0,130790.0,,,2023
99,U.S.,29-1218,Obstetricians and Gynecologists,detailed,19820.0,278660.0,,89850.0,186290.0,,,2023
99,U.S.,29-1221,"Pediatricians, General",detailed,34870.0,205860.0,198690.0,85120.0,141050.0,,,2023
99,U.S.,29-1222,"Physicians, Pathologists",detailed,11020.0,270560.0,,74220.0,181090.0,,,2023
99,U.S.,29-1223,Psychiatrists,detailed,24830.0,256930.0,,73280.0,124070.0,,,2023
99,U.S.,29-1224,Radiologists,detailed,31960.0,353960.0,,79760.0,206430.0,,,2023
99,U.S.,29-1229,"Physicians, All Other",detailed,310080.0,248640.0,236000.0,66260.0,85110.0,,,2023
99,U.S.,29-1241,"Ophthalmologists, Except Pediatric",detailed,11530.0,312120.0,,115520.0,200000.0,,,2023
99,U.S.,29-1242,"Orthopedic Surgeons, Except Pediatric",detailed,14820.0,378250.0,,129360.0,212760.0,,,2023
99,U.S.,29-1243,Pediatric Surgeons,detailed,1180.0,449320.0,,172810.0,,,,2023
99,U.S.,29-1249,"Surgeons, All Other",detailed,26370.0,343990.0,,78000.0,120000.0,,,2023
99,U.S.,29-1291,Acupuncturists,detailed,9370.0,84260.0,78220.0,41600.0,52000.0,99740.0,140660.0,2023
99,U.S.,29-1292,Dental Hygienists,detailed,211630.0,89890.0,87530.0,65110.0,78010.0,100630.0,118400.0,2023
99,U.S.,29-1299,"Healthcare Diagnosing or Treating Practitioners, All Other",detailed,31100.0,123840.0,107990.0,62400.0,78670.0,154420.0,194670.0,2023
99,U.S.,29-2010,Clinical Laboratory Technologists and Technicians,detailed,334380.0,62870.0,60780.0,36770.0,45080.0,78120.0,93900.0,2023
99,U.S.,29-2031,Cardiovascular Technologists and Technicians,detailed,55660.0,70270.0,66170.0,36620.0,44160.0,85930.0,105140.0,2023
99,U.S.,29-2032,Diagnostic Medical Sonographers,detailed,82780.0,89020.0,84470.0,63680.0,75640.0,100580.0,116300.0,2023
99,U.S.,29-2033,Nuclear Medicine Technologists,detailed,16560.0,95080.0,92500.0,69300.0,80050.0,104540.0,123910.0,2023
99,U.S.,29-2034,Radiologic Technologists and Technicians,detailed,221170.0,75250.0,73410.0,50020.0,60690.0,84670.0,102380.0,2023
99,U.S.,29-2035,Magnetic Resonance Imaging Technologists,detailed,41340.0,86600.0,83740.0,61470.0,75360.0,99340.0,112420.0,2023
99,U.S.,29-2036,Medical Dosimetrists,detailed,3900.0,131850.0,132880.0,86480.0,113880.0,153360.0,170330.0,2023
99,U.S.,29-2042,Emergency Medical Technicians,detailed,167040.0,43100.0,38930.0,29910.0,34730.0,46760.0,59390.0,2023
99,U.S.,29-2043,Paramedics,detailed,98770.0,57450.0,53180.0,38520.0,45990.0,64370.0,79430.0,2023
99,U.S.,29-2051,Dietetic Technicians,detailed,24240.0,38440.0,36520.0,27670.0,31420.0,43090.0,50790.0,2023
99,U.S.,29-2052,Pharmacy Technicians,detailed,460280.0,43330.0,40300.0,32720.0,36290.0,47680.0,57130.0,2023
99,U.S.,29-2053,Psychiatric Technicians,detailed,115940.0,43650.0,39700.0,31150.0,35730.0,47960.0,59990.0,2023
99,U.S.,29-2055,Surgical Technologists,detailed,110320.0,62250.0,60610.0,40640.0,49940.0,72520.0,83150.0,2023
99,U.S.,29-2056,Veterinary Technologists and Technicians,detailed,122000.0,44040.0,43740.0,30180.0,36340.0,48900.0,59310.0,2023
99,U.S.,29-2057,Ophthalmic Medical Technicians,detailed,73390.0,44290.0,41780.0,31200.0,36330.0,49740.0,59930.0,2023
99,U.S.,29-2061,Licensed Practical and Licensed Vocational Nurses,detailed,630250.0,60790.0,59730.0,45670.0,50640.0,67140.0,77870.0,2023
99,U.S.,29-2072,Medical Records Specialists,detailed,185690.0,53690.0,48780.0,35080.0,39620.0,61960.0,77810.0,2023
99,U.S.,29-2081,"Opticians, Dispensing",detailed,76770.0,47560.0,44170.0,31560.0,36380.0,57490.0,69900.0,2023
99,U.S.,29-2091,Orthotists and Prosthetists,detailed,8820.0,80500.0,78100.0,42020.0,57120.0,98160.0,117250.0,2023
99,U.S.,29-2092,Hearing Aid Specialists,detailed,10250.0,61550.0,58670.0,34480.0,42520.0,74900.0,85870.0,2023
99,U.S.,29-2099,"Health Technologists and Technicians, All Other",detailed,171110.0,54220.0,47470.0,35890.0,38710.0,60980.0,79860.0,2023
99,U.S.,29-9021,Health Information Technologists and Medical Registrars,detailed,34430.0,70260.0,62990.0,38310.0,46580.0,86950.0,107650.0,2023
99,U.S.,29-9091,Athletic Trainers,detailed,28480.0,61540.0,57930.0,43180.0,49750.0,66580.0,80640.0,2023
99,U.S.,29-9092,Genetic Counselors,detailed,3050.0,98130.0,95770.0,72530.0,83380.0,108090.0,132190.0,2023
99,U.S.,29-9093,Surgical Assistants,detailed,18780.0,65190.0,59160.0,37210.0,45100.0,79190.0,101180.0,2023
99,U.S.,29-9099,"Healthcare Practitioners and Technical Workers, All Other",detailed,36900.0,70800.0,63630.0,35250.0,44250.0,86830.0,120000.0,2023
99,U.S.,31-1120,Home Health and Personal Care Aides,detailed,3689350.0,33380.0,33530.0,23910.0,29120.0,36550.0,42450.0,2023
99,U.S.,31-1131,Nursing Assistants,detailed,1351760.0,39610.0,38200.0,30020.0,34990.0,44540.0,48780.0,2023
99,U.S.,31-1132,Orderlies,detailed,48710.0,38440.0,36830.0,30260.0,33780.0,40810.0,48000.0,2023
99,U.S.,31-1133,Psychiatric Aides,detailed,32310.0,41000.0,39160.0,27660.0,32590.0,47630.0,55240.0,2023
99,U.S.,31-2011,Occupational Therapy Assistants,detailed,46090.0,68170.0,67010.0,48670.0,59400.0,77290.0,89230.0,2023
99,U.S.,31-2012,Occupational Therapy Aides,detailed,4430.0,42060.0,36970.0,25150.0,31940.0,48720.0,68720.0,2023
99,U.S.,31-2021,Physical Therapist Assistants,detailed,104000.0,65860.0,64080.0,42110.0,56490.0,76610.0,88830.0,2023
99,U.S.,31-2022,Physical Therapist Aides,detailed,42390.0,34810.0,33520.0,23070.0,28550.0,37010.0,43980.0,2023
99,U.S.,31-9011,Massage Therapists,detailed,92650.0,62560.0,55310.0,32240.0,41600.0,74970.0,95700.0,2023
99,U.S.,31-9091,Dental Assistants,detailed,370690.0,47350.0,46540.0,35470.0,38220.0,54430.0,61060.0,2023
99,U.S.,31-9092,Medical Assistants,detailed,763040.0,43350.0,42000.0,33500.0,36780.0,47220.0,56480.0,2023
99,U.S.,31-9093,Medical Equipment Preparers,detailed,66790.0,47410.0,45280.0,34020.0,38060.0,53310.0,63980.0,2023
99,U.S.,31-9094,Medical Transcriptionists,detailed,52420.0,39090.0,37060.0,27190.0,31200.0,45780.0,52880.0,2023
99,U.S.,31-9095,Pharmacy Aides,detailed,43830.0,38980.0,36200.0,27560.0,32240.0,42580.0,56800.0,2023
99,U.S.,31-9096,Veterinary Assistants and Laboratory Animal Caretakers,detailed,115770.0,37310.0,36440.0,28550.0,31120.0,42290.0,46630.0,2023
99,U.S.,31-9097,Phlebotomists,detailed,137080.0,43130.0,41810.0,33310.0,36720.0,47410.0,55330.0,2023
99,U.S.,31-9099,"Healthcare Support Workers, All Other",detailed,102230.0,47010.0,44490.0,31630.0,36540.0,54630.0,65250.0,2023
99,U.S.,33-1011,First-Line Supervisors of Correctional Officers,detailed,52280.0,76840.0,70530.0,42600.0,53890.0,95870.0,116750.0,2023
99,U.S.,33-1012,First-Line Supervisors of Police and Detectives,detailed,138140.0,106000.0,101750.0,60090.0,77750.0,128460.0,160710.0,2023
99,U.S.,33-1021,First-Line Supervisors of Firefighting and Prevention Workers,detailed,84120.0,90740.0,86220.0,49910.0,66390.0,108380.0,135050.0,2023
99,U.S.,33-1091,First-Line Supervisors of Security Workers,detailed,64900.0,59580.0,54580.0,36560.0,43460.0,70040.0,87400.0,2023
99,U.S.,33-1099,"First-Line Supervisors of Protective Service Workers, All Other",detailed,19620.0,67870.0,65050.0,39130.0,51070.0,80220.0,96370.0,2023
99,U.S.,33-2011,Firefighters,detailed,315460.0,60390.0,57120.0,31600.0,40230.0,75320.0,93720.0,2023
99,U.S.,33-2021,Fire Inspectors and Investigators,detailed,14200.0,82510.0,74160.0,46360.0,57110.0,101530.0,137220.0,2023
99,U.S.,33-2022,Forest Fire Inspectors and Prevention Specialists,detailed,2270.0,61090.0,54080.0,35000.0,39250.0,76540.0,92170.0,2023
99,U.S.,33-3011,Bailiffs,detailed,15900.0,58460.0,53040.0,29540.0,40360.0,75520.0,87670.0,2023
99,U.S.,33-3012,Correctional Officers and Jailers,detailed,351420.0,58810.0,53300.0,38340.0,44890.0,68580.0,87250.0,2023
99,U.S.,33-3021,Detectives and Criminal Investigators,detailed,106730.0,95930.0,91100.0,50670.0,64830.0,116170.0,154360.0,2023
99,U.S.,33-3031,Fish and Game Wardens,detailed,6290.0,61120.0,60380.0,33260.0,48250.0,72900.0,86880.0,2023
99,U.S.,33-3041,Parking Enforcement Workers,detailed,7420.0,50430.0,46840.0,32260.0,38030.0,60370.0,75440.0,2023
99,U.S.,33-3051,Police and Sheriff's Patrol Officers,detailed,646310.0,76550.0,72280.0,45200.0,54770.0,92410.0,111700.0,2023
99,U.S.,33-3052,Transit and Railroad Police,detailed,2360.0,78230.0,72250.0,52550.0,62230.0,100170.0,108090.0,2023
99,U.S.,33-9011,Animal Control Workers,detailed,11600.0,48150.0,43170.0,30820.0,36030.0,54490.0,67930.0,2023
99,U.S.,33-9021,Private Detectives and Investigators,detailed,34600.0,60270.0,49540.0,36060.0,40130.0,74830.0,96600.0,2023
99,U.S.,33-9031,Gambling Surveillance Officers and Gambling Investigators,detailed,10660.0,42460.0,39210.0,29790.0,35080.0,46590.0,57870.0,2023
99,U.S.,33-9032,Security Guards,detailed,1202940.0,40440.0,37070.0,28500.0,31660.0,44630.0,57400.0,2023
99,U.S.,33-9091,Crossing Guards and Flaggers,detailed,90780.0,40650.0,36370.0,28400.0,31680.0,44750.0,60690.0,2023
99,U.S.,33-9092,"Lifeguards, Ski Patrol, and Other Recreational Protective Service Workers",detailed,123560.0,31340.0,30380.0,22750.0,26150.0,35300.0,39150.0,2023
99,U.S.,33-9093,Transportation Security Screeners,detailed,47950.0,51040.0,50020.0,40270.0,44570.0,55810.0,62800.0,2023
99,U.S.,33-9094,School Bus Monitors,detailed,72320.0,33970.0,33130.0,26530.0,29540.0,37890.0,41090.0,2023
99,U.S.,33-9099,"Protective Service Workers, All Other",detailed,82500.0,47420.0,39360.0,30920.0,34690.0,51540.0,70990.0,2023
99,U.S.,35-1011,Chefs and Head Cooks,detailed,172370.0,62640.0,58920.0,36040.0,45590.0,75590.0,93900.0,2023
99,U.S.,35-1012,First-Line Supervisors of Food Preparation and Serving Workers,detailed,1176540.0,43310.0,38520.0,28830.0,34480.0,48680.0,62320.0,2023
99,U.S.,35-2011,"Cooks, Fast Food",detailed,673490.0,29760.0,29260.0,21800.0,24960.0,34320.0,36510.0,2023
99,U.S.,35-2012,"Cooks, Institution and Cafeteria",detailed,435640.0,35920.0,35320.0,25290.0,29280.0,40320.0,47310.0,2023
99,U.S.,35-2013,"Cooks, Private Household",detailed,740.0,49790.0,42590.0,27140.0,34120.0,57370.0,87410.0,2023
99,U.S.,35-2014,"Cooks, Restaurant",detailed,1412350.0,36060.0,35780.0,26980.0,29860.0,39630.0,46420.0,2023
99,U.S.,35-2015,"Cooks, Short Order",detailed,126370.0,33920.0,34130.0,23320.0,28430.0,38240.0,44010.0,2023
99,U.S.,35-2019,"Cooks, All Other",detailed,18650.0,37610.0,35920.0,26720.0,31550.0,40960.0,48880.0,2023
99,U.S.,35-2021,Food Preparation Workers,detailed,879610.0,32960.0,32420.0,22970.0,27920.0,36780.0,42990.0,2023
99,U.S.,35-3011,Bartenders,detailed,711140.0,37090.0,31510.0,19870.0,23860.0,42800.0,61210.0,2023
99,U.S.,35-3023,Fast Food and Counter Workers,detailed,3676580.0,30110.0,29540.0,22190.0,26280.0,34430.0,36880.0,2023
99,U.S.,35-3031,Waiters and Waitresses,detailed,2237850.0,36530.0,31940.0,18600.0,23770.0,41600.0,60100.0,2023
99,U.S.,35-3041,"Food Servers, Nonrestaurant",detailed,267840.0,33840.0,33110.0,24480.0,28640.0,36780.0,43740.0,2023
99,U.S.,35-9011,Dining Room and Cafeteria Attendants and Bartender Helpers,detailed,483390.0,32730.0,31180.0,21490.0,26290.0,35820.0,44580.0,2023
99,U.S.,35-9021,Dishwashers,detailed,463940.0,31650.0,31200.0,22880.0,27500.0,35610.0,38620.0,2023
99,U.S.,35-9031,"Hosts and Hostesses, Restaurant, Lounge, and Coffee Shop",detailed,425020.0,30750.0,29220.0,21530.0,24690.0,34670.0,38830.0,2023
99,U.S.,35-9099,"Food Preparation and Serving Related Workers, All Other",detailed,86350.0,35430.0,33870.0,24260.0,29460.0,37880.0,45570.0,2023
99,U.S.,37-1011,First-Line Supervisors of Housekeeping and Janitorial Workers,detailed,171120.0,49980.0,46650.0,33060.0,37790.0,59290.0,71870.0,2023
99,U.S.,37-1012,"First-Line Supervisors of Landscaping, Lawn Service, and Groundskeeping Workers",detailed,126020.0,58920.0,55740.0,39030.0,45980.0,69200.0,82880.0,2023
99,U.S.,37-2011,"Janitors and Cleaners, Except Maids and Housekeeping Cleaners",detailed,2172500.0,36250.0,35020.0,25770.0,29570.0,39630.0,48210.0,2023
99,U.S.,37-2012,Maids and Housekeeping Cleaners,detailed,836230.0,34650.0,33450.0,24520.0,28600.0,37640.0,45680.0,2023
99,U.S.,37-2019,"Building Cleaning Workers, All Other",detailed,13740.0,43740.0,39900.0,29410.0,34910.0,47860.0,60840.0,2023
99,U.S.,37-2021,Pest Control Workers,detailed,93760.0,44650.0,43470.0,30670.0,36710.0,48400.0,60430.0,2023
99,U.S.,37-3011,Landscaping and Groundskeeping Workers,detailed,929930.0,39790.0,37360.0,29070.0,33810.0,45350.0,51290.0,2023
99,U.S.,37-3012,"Pesticide Handlers, Sprayers, and Applicators, Vegetation",detailed,23520.0,44480.0,44070.0,31550.0,37210.0,49120.0,57370.0,2023
99,U.S.,37-3013,Tree Trimmers and Pruners,detailed,50270.0,52850.0,49070.0,34450.0,40720.0,60450.0,75870.0,2023
99,U.S.,37-3019,"Grounds Maintenance Workers, All Other",detailed,11980.0,46540.0,43310.0,29410.0,35080.0,53800.0,74940.0,2023
99,U.S.,39-1013,First-Line Supervisors of Gambling Services Workers,detailed,25100.0,62110.0,61210.0,37230.0,48510.0,74080.0,82290.0,2023
99,U.S.,39-1014,"First-Line Supervisors of Entertainment and Recreation Workers, Except Gambling Services",detailed,88140.0,50650.0,46060.0,31400.0,37220.0,59540.0,75550.0,2023
99,U.S.,39-1022,First-Line Supervisors of Personal Service Workers,detailed,106440.0,50090.0,46690.0,31330.0,37430.0,58410.0,72000.0,2023
99,U.S.,39-2011,Animal Trainers,detailed,19240.0,44910.0,38810.0,28960.0,33120.0,49080.0,65320.0,2023
99,U.S.,39-2021,Animal Caretakers,detailed,268830.0,33530.0,31200.0,23180.0,28030.0,36220.0,45080.0,2023
99,U.S.,39-3011,Gambling Dealers,detailed,80570.0,40030.0,32240.0,21410.0,23350.0,47010.0,75200.0,2023
99,U.S.,39-3012,Gambling and Sports Book Writers and Runners,detailed,8700.0,32030.0,29170.0,21580.0,24260.0,35880.0,43440.0,2023
99,U.S.,39-3019,"Gambling Service Workers, All Other",detailed,13300.0,35650.0,32710.0,22880.0,27290.0,38260.0,51070.0,2023
99,U.S.,39-3021,Motion Picture Projectionists,detailed,2610.0,43800.0,35160.0,22840.0,27040.0,46260.0,81490.0,2023
99,U.S.,39-3031,"Ushers, Lobby Attendants, and Ticket Takers",detailed,117560.0,30520.0,29780.0,21730.0,25170.0,34800.0,37780.0,2023
99,U.S.,39-3091,Amusement and Recreation Attendants,detailed,361680.0,30240.0,29390.0,21450.0,24750.0,34490.0,38080.0,2023
99,U.S.,39-3092,Costume Attendants,detailed,6300.0,60230.0,52370.0,33430.0,38860.0,76170.0,95070.0,2023
99,U.S.,39-3093,"Locker Room, Coatroom, and Dressing Room Attendants",detailed,14720.0,34590.0,33450.0,21580.0,27210.0,38490.0,47320.0,2023
99,U.S.,39-3099,"Entertainment Attendants and Related Workers, All Other",detailed,7320.0,34670.0,33280.0,22170.0,26650.0,39110.0,49500.0,2023
99,U.S.,39-4011,Embalmers,detailed,3380.0,56690.0,54090.0,35360.0,45130.0,63100.0,79650.0,2023
99,U.S.,39-4012,Crematory Operators,detailed,3220.0,44290.0,41670.0,31200.0,34980.0,50120.0,60600.0,2023
99,U.S.,39-4021,Funeral Attendants,detailed,32620.0,35200.0,33850.0,24120.0,28820.0,38110.0,46580.0,2023
99,U.S.,39-4031,"Morticians, Undertakers, and Funeral Arrangers",detailed,24200.0,58020.0,51030.0,30660.0,39320.0,71300.0,91870.0,2023
99,U.S.,39-5011,Barbers,detailed,15990.0,41570.0,36150.0,26770.0,30130.0,49220.0,61090.0,2023
99,U.S.,39-5012,"Hairdressers, Hairstylists, and Cosmetologists",detailed,294840.0,41780.0,34970.0,23520.0,28850.0,47420.0,63310.0,2023
99,U.S.,39-5091,"Makeup Artists, Theatrical and Performance",detailed,4130.0,68590.0,47390.0,21540.0,22720.0,101330.0,141060.0,2023
99,U.S.,39-5092,Manicurists and Pedicurists,detailed,144810.0,36480.0,34250.0,27260.0,31180.0,36920.0,48080.0,2023
99,U.S.,39-5093,Shampooers,detailed,7360.0,29260.0,29530.0,22190.0,26620.0,32600.0,35850.0,2023
99,U.S.,39-5094,Skincare Specialists,detailed,65270.0,51100.0,43200.0,27600.0,33310.0,58730.0,81320.0,2023
99,U.S.,39-6011,Baggage Porters and Bellhops,detailed,28780.0,36100.0,34840.0,24710.0,30180.0,39290.0,47610.0,2023
99,U.S.,39-6012,Concierges,detailed,41020.0,40230.0,37150.0,29510.0,33300.0,45440.0,57270.0,2023
99,U.S.,39-7010,Tour and Travel Guides,detailed,46760.0,40280.0,36060.0,25930.0,30530.0,44520.0,58620.0,2023
99,U.S.,39-9011,Childcare Workers,detailed,497450.0,32070.0,30370.0,22450.0,27040.0,36200.0,43270.0,2023
99,U.S.,39-9031,Exercise Trainers and Group Fitness Instructors,detailed,279450.0,51270.0,46480.0,26840.0,33700.0,61610.0,80740.0,2023
99,U.S.,39-9032,Recreation Workers,detailed,281750.0,36270.0,34410.0,24040.0,29120.0,39840.0,49690.0,2023
99,U.S.,39-9041,Residential Advisors,detailed,88700.0,40200.0,37950.0,27520.0,32510.0,46310.0,55640.0,2023
99,U.S.,39-9099,"Personal Care and Service Workers, All Other",detailed,60390.0,37190.0,36980.0,24210.0,31570.0,37690.0,48000.0,2023
99,U.S.,41-1011,First-Line Supervisors of Retail Sales Workers,detailed,1087890.0,52030.0,46730.0,30350.0,37090.0,59720.0,76350.0,2023
99,U.S.,41-1012,First-Line Supervisors of Non-Retail Sales Workers,detailed,227150.0,99020.0,84570.0,48640.0,63510.0,119530.0,164420.0,2023
99,U.S.,41-2011,Cashiers,detailed,3298660.0,30710.0,29720.0,22580.0,26870.0,34500.0,37190.0,2023
99,U.S.,41-2012,Gambling Change Persons and Booth Cashiers,detailed,20560.0,36030.0,33230.0,22630.0,27570.0,39340.0,53540.0,2023
99,U.S.,41-2021,Counter and Rental Clerks,detailed,390300.0,41630.0,37400.0,27330.0,32240.0,46790.0,59600.0,2023
99,U.S.,41-2022,Parts Salespersons,detailed,260770.0,41080.0,36860.0,26700.0,29830.0,47470.0,60480.0,2023
99,U.S.,41-2031,Retail Salespersons,detailed,3684740.0,36690.0,33680.0,23740.0,28600.0,37390.0,48110.0,2023
99,U.S.,41-3011,Advertising Sales Agents,detailed,108100.0,75820.0,61270.0,31200.0,43740.0,90930.0,133150.0,2023
99,U.S.,41-3021,Insurance Sales Agents,detailed,457510.0,79700.0,59080.0,34940.0,43440.0,83420.0,134420.0,2023
99,U.S.,41-3031,"Securities, Commodities, and Financial Services Sales Agents",detailed,479630.0,109710.0,76900.0,45420.0,50080.0,127670.0,212180.0,2023
99,U.S.,41-3041,Travel Agents,detailed,58250.0,50040.0,47410.0,30580.0,37720.0,59290.0,69640.0,2023
99,U.S.,41-3091,"Sales Representatives of Services, Except Advertising, Insurance, Financial Services, and Travel",detailed,1142020.0,81080.0,64600.0,36430.0,47220.0,97920.0,143550.0,2023
99,U.S.,41-4011,"Sales Representatives, Wholesale and Manufacturing, Technical and Scientific Products",detailed,311780.0,113520.0,99710.0,48140.0,64700.0,143220.0,193470.0,2023
99,U.S.,41-4012,"Sales Representatives, Wholesale and Manufacturing, Except Technical and Scientific Products",detailed,1288920.0,80490.0,65630.0,37240.0,48520.0,96090.0,133010.0,2023
99,U.S.,41-9011,Demonstrators and Product Promoters,detailed,50790.0,41090.0,36970.0,29460.0,32330.0,45650.0,58180.0,2023
99,U.S.,41-9012,Models,detailed,3090.0,68700.0,47430.0,31680.0,34390.0,64480.0,140310.0,2023
99,U.S.,41-9021,Real Estate Brokers,detailed,51350.0,86130.0,63060.0,36490.0,47200.0,98060.0,160980.0,2023
99,U.S.,41-9022,Real Estate Sales Agents,detailed,197720.0,69610.0,54300.0,31410.0,38050.0,81460.0,119590.0,2023
99,U.S.,41-9031,Sales Engineers,detailed,59340.0,130550.0,116950.0,67760.0,87030.0,160720.0,202660.0,2023
99,U.S.,41-9041,Telemarketers,detailed,81580.0,36680.0,34480.0,24430.0,28810.0,40380.0,49700.0,2023
99,U.S.,41-9091,"Door-to-Door Sales Workers, News and Street Vendors, and Related Workers",detailed,6220.0,42200.0,34910.0,22140.0,29540.0,46140.0,62400.0,2023
99,U.S.,41-9099,"Sales and Related Workers, All Other",detailed,114280.0,54150.0,44610.0,27250.0,33580.0,63560.0,91940.0,2023
99,U.S.,43-1011,First-Line Supervisors of Office and Administrative Support Workers,detailed,1504570.0,68620.0,63450.0,41060.0,50160.0,79690.0,100270.0,2023
99,U.S.,43-2011,"Switchboard Operators, Including Answering Service",detailed,43830.0,40020.0,36750.0,28030.0,31600.0,43840.0,58810.0,2023
99,U.S.,43-2021,Telephone Operators,detailed,4600.0,42100.0,38080.0,29770.0,33820.0,48590.0,59230.0,2023
99,U.S.,43-2099,"Communications Equipment Operators, All Other",detailed,1380.0,53240.0,49310.0,36130.0,43620.0,61710.0,75960.0,2023
99,U.S.,43-3011,Bill and Account Collectors,detailed,190910.0,46020.0,44250.0,31960.0,37260.0,50680.0,62360.0,2023
99,U.S.,43-3021,Billing and Posting Clerks,detailed,430220.0,47120.0,45590.0,34360.0,38390.0,52170.0,62530.0,2023
99,U.S.,43-3031,"Bookkeeping, Accounting, and Auditing Clerks",detailed,1501910.0,49580.0,47440.0,32460.0,38790.0,58040.0,68860.0,2023
99,U.S.,43-3041,Gambling Cage Workers,detailed,12560.0,36750.0,36110.0,25790.0,29590.0,41180.0,48450.0,2023
99,U.S.,43-3051,Payroll and Timekeeping Clerks,detailed,157230.0,54690.0,52240.0,35960.0,43680.0,63330.0,75820.0,2023
99,U.S.,43-3061,Procurement Clerks,detailed,61580.0,47940.0,46670.0,34520.0,38940.0,54790.0,63140.0,2023
99,U.S.,43-3071,Tellers,detailed,340820.0,38850.0,37640.0,29720.0,34970.0,43900.0,46950.0,2023
99,U.S.,43-3099,"Financial Clerks, All Other",detailed,44520.0,52690.0,49940.0,36800.0,44340.0,58050.0,72120.0,2023
99,U.S.,43-4011,Brokerage Clerks,detailed,48060.0,63130.0,60150.0,45750.0,50830.0,72080.0,86300.0,2023
99,U.S.,43-4021,Correspondence Clerks,detailed,4650.0,46940.0,42120.0,31200.0,36250.0,57660.0,68650.0,2023
99,U.S.,43-4031,"Court, Municipal, and License Clerks",detailed,157960.0,48760.0,46110.0,32190.0,37850.0,57010.0,67330.0,2023
99,U.S.,43-4041,"Credit Authorizers, Checkers, and Clerks",detailed,14290.0,50380.0,48000.0,32950.0,39110.0,57130.0,65460.0,2023
99,U.S.,43-4051,Customer Service Representatives,detailed,2858710.0,43520.0,39680.0,29560.0,34780.0,48480.0,61250.0,2023
99,U.S.,43-4061,"Eligibility Interviewers, Government Programs",detailed,150190.0,51840.0,50270.0,36720.0,41290.0,61510.0,68180.0,2023
99,U.S.,43-4071,File Clerks,detailed,82290.0,40730.0,38130.0,27040.0,32350.0,47180.0,58140.0,2023
99,U.S.,43-4081,"Hotel, Motel, and Resort Desk Clerks",detailed,263800.0,32570.0,30790.0,23500.0,28100.0,36040.0,41820.0,2023
99,U.S.,43-4111,"Interviewers, Except Eligibility and Loan",detailed,160550.0,42750.0,40300.0,30110.0,35600.0,48350.0,58090.0,2023
99,U.S.,43-4121,"Library Assistants, Clerical",detailed,83680.0,35970.0,34020.0,23510.0,28670.0,41300.0,50200.0,2023
99,U.S.,43-4131,Loan Interviewers and Clerks,detailed,203940.0,48660.0,47380.0,35010.0,39270.0,57150.0,63070.0,2023
99,U.S.,43-4141,New Accounts Clerks,detailed,41180.0,44670.0,44630.0,35040.0,37970.0,48730.0,56420.0,2023
99,U.S.,43-4151,Order Clerks,detailed,91830.0,43530.0,41600.0,30730.0,35590.0,49660.0,59560.0,2023
99,U.S.,43-4161,"Human Resources Assistants, Except Payroll and Timekeeping",detailed,101440.0,48800.0,47710.0,34490.0,40070.0,56010.0,64250.0,2023
99,U.S.,43-4171,Receptionists and Information Clerks,detailed,1003820.0,36590.0,35840.0,26940.0,30450.0,40720.0,47360.0,2023
99,U.S.,43-4181,Reservation and Transportation Ticket Agents and Travel Clerks,detailed,119270.0,46820.0,40610.0,31900.0,36070.0,57030.0,71680.0,2023
99,U.S.,43-4199,"Information and Record Clerks, All Other",detailed,151760.0,47840.0,46210.0,31390.0,37610.0,55800.0,65730.0,2023
99,U.S.,43-5011,Cargo and Freight Agents,detailed,105220.0,52460.0,48330.0,36520.0,40410.0,60140.0,72820.0,2023
99,U.S.,43-5021,Couriers and Messengers,detailed,72010.0,38350.0,36710.0,28040.0,32870.0,42270.0,49310.0,2023
99,U.S.,43-5031,Public Safety Telecommunicators,detailed,97820.0,52140.0,48890.0,33490.0,39560.0,61460.0,75910.0,2023
99,U.S.,43-5032,"Dispatchers, Except Police, Fire, and Ambulance",detailed,206090.0,50830.0,46860.0,32110.0,37800.0,59500.0,75840.0,2023
99,U.S.,43-5041,"Meter Readers, Utilities",detailed,19900.0,53610.0,47720.0,31320.0,37660.0,65600.0,82150.0,2023
99,U.S.,43-5051,Postal Service Clerks,detailed,78130.0,59240.0,59570.0,41700.0,53440.0,71840.0,73150.0,2023
99,U.S.,43-5052,Postal Service Mail Carriers,detailed,331600.0,59340.0,56330.0,41480.0,46030.0,75300.0,75920.0,2023
99,U.S.,43-5053,"Postal Service Mail Sorters, Processors, and Processing Machine Operators",detailed,116540.0,56350.0,53440.0,41700.0,42810.0,70740.0,71840.0,2023
99,U.S.,43-5061,"Production, Planning, and Expediting Clerks",detailed,393980.0,57610.0,53900.0,36640.0,44330.0,67290.0,81410.0,2023
99,U.S.,43-5071,"Shipping, Receiving, and Inventory Clerks",detailed,844120.0,42730.0,39780.0,30620.0,35470.0,47600.0,58310.0,2023
99,U.S.,43-5111,"Weighers, Measurers, Checkers, and Samplers, Recordkeeping",detailed,51250.0,44240.0,43270.0,32440.0,36830.0,50080.0,57050.0,2023
99,U.S.,43-6011,Executive Secretaries and Executive Administrative Assistants,detailed,483570.0,73680.0,70310.0,45910.0,56960.0,84860.0,104000.0,2023
99,U.S.,43-6012,Legal Secretaries and Administrative Assistants,detailed,152790.0,56330.0,50680.0,34780.0,41450.0,66510.0,82890.0,2023
99,U.S.,43-6013,Medical Secretaries and Administrative Assistants,detailed,749500.0,43380.0,40640.0,31900.0,36540.0,47930.0,58340.0,2023
99,U.S.,43-6014,"Secretaries and Administrative Assistants, Except Legal, Medical, and Executive",detailed,1785430.0,45490.0,44280.0,30280.0,36330.0,52200.0,62340.0,2023
99,U.S.,43-9021,Data Entry Keyers,detailed,154230.0,40130.0,37790.0,28250.0,32660.0,46020.0,55330.0,2023
99,U.S.,43-9022,Word Processors and Typists,detailed,37200.0,47170.0,46450.0,33160.0,38460.0,53020.0,62280.0,2023
99,U.S.,43-9031,Desktop Publishers,detailed,5220.0,57680.0,51290.0,31880.0,38350.0,71420.0,97870.0,2023
99,U.S.,43-9041,Insurance Claims and Policy Processing Clerks,detailed,241650.0,49530.0,46900.0,35510.0,38810.0,57420.0,68370.0,2023
99,U.S.,43-9051,"Mail Clerks and Mail Machine Operators, Except Postal Service",detailed,66600.0,38370.0,36880.0,28390.0,32540.0,42860.0,49700.0,2023
99,U.S.,43-9061,"Office Clerks, General",detailed,2496370.0,43560.0,40480.0,28230.0,33660.0,49820.0,61690.0,2023
99,U.S.,43-9071,"Office Machine Operators, Except Computer",detailed,27960.0,39600.0,37450.0,28450.0,32040.0,44790.0,53560.0,2023
99,U.S.,43-9081,Proofreaders and Copy Markers,detailed,5490.0,51100.0,48790.0,31730.0,37940.0,59090.0,75510.0,2023
99,U.S.,43-9111,Statistical Assistants,detailed,7200.0,53900.0,50510.0,35460.0,43440.0,61960.0,76880.0,2023
99,U.S.,43-9199,"Office and Administrative Support Workers, All Other",detailed,172020.0,46620.0,43230.0,29100.0,34520.0,53740.0,67060.0,2023
99,U.S.,45-1011,"First-Line Supervisors of Farming, Fishing, and Forestry Workers",detailed,27150.0,60790.0,57320.0,37980.0,45510.0,73460.0,88360.0,2023
99,U.S.,45-2011,Agricultural Inspectors,detailed,12660.0,52170.0,48010.0,35360.0,39640.0,60690.0,75270.0,2023
99,U.S.,45-2021,Animal Breeders,detailed,1360.0,53520.0,47540.0,33710.0,39980.0,61330.0,77410.0,2023
99,U.S.,45-2041,"Graders and Sorters, Agricultural Products",detailed,23430.0,34880.0,34360.0,28400.0,32240.0,37020.0,42090.0,2023
99,U.S.,45-2091,Agricultural Equipment Operators,detailed,28910.0,41850.0,39690.0,30050.0,35190.0,46650.0,54550.0,2023
99,U.S.,45-2092,"Farmworkers and Laborers, Crop, Nursery, and Greenhouse",detailed,258730.0,36140.0,34470.0,30590.0,32980.0,37010.0,44010.0,2023
99,U.S.,45-2093,"Farmworkers, Farm, Ranch, and Aquacultural Animals",detailed,32590.0,37060.0,35120.0,25500.0,29600.0,42850.0,50300.0,2023
99,U.S.,45-2099,"Agricultural Workers, All Other",detailed,6040.0,45660.0,40620.0,26720.0,32840.0,54170.0,77420.0,2023
99,U.S.,45-4011,Forest and Conservation Workers,detailed,5750.0,36860.0,33940.0,28600.0,31200.0,40100.0,50450.0,2023
99,U.S.,45-4021,Fallers,detailed,4800.0,61190.0,53170.0,32920.0,44510.0,69780.0,90930.0,2023
99,U.S.,45-4022,Logging Equipment Operators,detailed,23720.0,49790.0,48240.0,30930.0,37900.0,60000.0,68750.0,2023
99,U.S.,45-4023,Log Graders and Scalers,detailed,3640.0,47120.0,45600.0,33060.0,37970.0,55100.0,62360.0,2023
99,U.S.,45-4029,"Logging Workers, All Other",detailed,2540.0,52950.0,52480.0,34520.0,40560.0,61930.0,70890.0,2023
99,U.S.,47-1011,First-Line Supervisors of Construction Trades and Extraction Workers,detailed,777420.0,81340.0,76760.0,49420.0,60870.0,97750.0,122260.0,2023
99,U.S.,47-2011,Boilermakers,detailed,11130.0,73840.0,71140.0,49510.0,61220.0,85270.0,102120.0,2023
99,U.S.,47-2021,Brickmasons and Blockmasons,detailed,56830.0,63430.0,59640.0,38360.0,48250.0,74900.0,94220.0,2023
99,U.S.,47-2022,Stonemasons,detailed,9790.0,56930.0,51830.0,36530.0,45940.0,64700.0,80850.0,2023
99,U.S.,47-2031,Carpenters,detailed,700290.0,60970.0,56350.0,37440.0,46130.0,72290.0,94580.0,2023
99,U.S.,47-2041,Carpet Installers,detailed,15560.0,52290.0,47520.0,31160.0,36930.0,61580.0,80650.0,2023
99,U.S.,47-2042,"Floor Layers, Except Carpet, Wood, and Hard Tiles",detailed,25150.0,56680.0,48840.0,35340.0,40840.0,66170.0,91840.0,2023
99,U.S.,47-2043,Floor Sanders and Finishers,detailed,5070.0,49910.0,47760.0,33080.0,38530.0,57520.0,69540.0,2023
99,U.S.,47-2044,Tile and Stone Setters,detailed,42420.0,53920.0,48910.0,33120.0,38330.0,62230.0,80030.0,2023
99,U.S.,47-2051,Cement Masons and Concrete Finishers,detailed,203560.0,57410.0,50720.0,37440.0,44690.0,63750.0,83580.0,2023
99,U.S.,47-2053,Terrazzo Workers and Finishers,detailed,1460.0,54220.0,48900.0,34990.0,39010.0,60320.0,78610.0,2023
99,U.S.,47-2061,Construction Laborers,detailed,1019090.0,49280.0,45300.0,31510.0,37070.0,56780.0,76010.0,2023
99,U.S.,47-2071,"Paving, Surfacing, and Tamping Equipment Operators",detailed,43080.0,55170.0,48980.0,36470.0,41600.0,62400.0,81730.0,2023
99,U.S.,47-2072,Pile Driver Operators,detailed,3010.0,70260.0,63550.0,40840.0,49370.0,91460.0,109030.0,2023
99,U.S.,47-2073,Operating Engineers and Other Construction Equipment Operators,detailed,450370.0,62180.0,56160.0,38410.0,46270.0,72970.0,95570.0,2023
99,U.S.,47-2081,Drywall and Ceiling Tile Installers,detailed,90860.0,61480.0,55700.0,36730.0,45860.0,71780.0,103310.0,2023
99,U.S.,47-2082,Tapers,detailed,15560.0,69300.0,63350.0,43870.0,52000.0,84610.0,103130.0,2023
99,U.S.,47-2111,Electricians,detailed,712580.0,67810.0,61590.0,38470.0,48100.0,80260.0,104180.0,2023
99,U.S.,47-2121,Glaziers,detailed,53390.0,58320.0,51100.0,36440.0,43840.0,64470.0,97030.0,2023
99,U.S.,47-2131,"Insulation Workers, Floor, Ceiling, and Wall",detailed,38510.0,52080.0,47540.0,33210.0,38330.0,60510.0,78000.0,2023
99,U.S.,47-2132,"Insulation Workers, Mechanical",detailed,22850.0,60530.0,53920.0,38910.0,46090.0,71200.0,90760.0,2023
99,U.S.,47-2141,"Painters, Construction and Maintenance",detailed,215910.0,52110.0,47700.0,35570.0,38970.0,59480.0,76030.0,2023
99,U.S.,47-2142,Paperhangers,detailed,1830.0,54020.0,48460.0,36400.0,40760.0,60820.0,79390.0,2023
99,U.S.,47-2151,Pipelayers,detailed,34840.0,52840.0,47330.0,35820.0,39660.0,60480.0,79150.0,2023
99,U.S.,47-2152,"Plumbers, Pipefitters, and Steamfitters",detailed,436160.0,67840.0,61550.0,38690.0,47810.0,80190.0,103140.0,2023
99,U.S.,47-2161,Plasterers and Stucco Masons,detailed,22310.0,59050.0,52640.0,36880.0,44810.0,68650.0,92780.0,2023
99,U.S.,47-2171,Reinforcing Iron and Rebar Workers,detailed,17400.0,60290.0,54850.0,38260.0,46460.0,65490.0,96370.0,2023
99,U.S.,47-2181,Roofers,detailed,135140.0,55840.0,50030.0,36240.0,44150.0,62330.0,79850.0,2023
99,U.S.,47-2211,Sheet Metal Workers,detailed,116190.0,64270.0,58780.0,37000.0,45840.0,78620.0,100850.0,2023
99,U.S.,47-2221,Structural Iron and Steel Workers,detailed,63780.0,68220.0,62760.0,40510.0,48860.0,80040.0,105010.0,2023
99,U.S.,47-2231,Solar Photovoltaic Installers,detailed,24510.0,53140.0,48800.0,37920.0,42740.0,60180.0,73560.0,2023
99,U.S.,47-3011,"Helpers--Brickmasons, Blockmasons, Stonemasons, and Tile and Marble Setters",detailed,16460.0,45590.0,42470.0,33270.0,37070.0,50430.0,61930.0,2023
99,U.S.,47-3012,Helpers--Carpenters,detailed,21770.0,40860.0,39380.0,29930.0,34450.0,46540.0,53780.0,2023
99,U.S.,47-3013,Helpers--Electricians,detailed,68670.0,41240.0,38340.0,29970.0,35040.0,46470.0,55900.0,2023
99,U.S.,47-3014,"Helpers--Painters, Paperhangers, Plasterers, and Stucco Masons",detailed,7700.0,38750.0,37010.0,29060.0,32180.0,43680.0,50750.0,2023
99,U.S.,47-3015,"Helpers--Pipelayers, Plumbers, Pipefitters, and Steamfitters",detailed,45300.0,39460.0,37650.0,29780.0,34320.0,44140.0,50920.0,2023
99,U.S.,47-3016,Helpers--Roofers,detailed,4540.0,42280.0,38620.0,30040.0,35010.0,45400.0,55250.0,2023
99,U.S.,47-3019,"Helpers, Construction Trades, All Other",detailed,27250.0,43090.0,40220.0,30670.0,35910.0,48050.0,57660.0,2023
99,U.S.,47-4011,Construction and Building Inspectors,detailed,133640.0,72880.0,67700.0,43740.0,53400.0,86530.0,106200.0,2023
99,U.S.,47-4021,Elevator and Escalator Installers and Repairers,detailed,23990.0,100060.0,102420.0,51960.0,75570.0,127310.0,138910.0,2023
99,U.S.,47-4031,Fence Erectors,detailed,21470.0,46650.0,44410.0,32120.0,37220.0,50950.0,64170.0,2023
99,U.S.,47-4041,Hazardous Materials Removal Workers,detailed,49960.0,53430.0,47280.0,35550.0,39200.0,60870.0,81610.0,2023
99,U.S.,47-4051,Highway Maintenance Workers,detailed,150860.0,49070.0,47360.0,32280.0,38810.0,57260.0,66450.0,2023
99,U.S.,47-4061,Rail-Track Laying and Maintenance Equipment Operators,detailed,18770.0,67330.0,67000.0,46350.0,59350.0,80480.0,82340.0,2023
99,U.S.,47-4071,Septic Tank Servicers and Sewer Pipe Cleaners,detailed,27900.0,49590.0,46910.0,33890.0,38590.0,57270.0,68700.0,2023
99,U.S.,47-4090,Miscellaneous Construction and Related Workers,detailed,28930.0,51670.0,47090.0,34840.0,38800.0,58690.0,77500.0,2023
99,U.S.,47-5011,"Derrick Operators, Oil and Gas",detailed,11510.0,58330.0,58210.0,42230.0,47420.0,66800.0,75750.0,2023
99,U.S.,47-5012,"Rotary Drill Operators, Oil and Gas",detailed,12180.0,67320.0,61770.0,40290.0,50060.0,79560.0,89810.0,2023
99,U.S.,47-5013,"Service Unit Operators, Oil and Gas",detailed,46150.0,59390.0,55750.0,38090.0,45570.0,67790.0,87350.0,2023
99,U.S.,47-5022,"Excavating and Loading Machine and Dragline Operators, Surface Mining",detailed,32630.0,55500.0,50050.0,38080.0,44460.0,61760.0,77240.0,2023
99,U.S.,47-5023,"Earth Drillers, Except Oil and Gas",detailed,18010.0,60250.0,56660.0,40560.0,47840.0,67700.0,82280.0,2023
99,U.S.,47-5032,"Explosives Workers, Ordnance Handling Experts, and Blasters",detailed,4610.0,65600.0,61590.0,42670.0,49710.0,79580.0,89400.0,2023
99,U.S.,47-5041,Continuous Mining Machine Operators,detailed,15700.0,62110.0,61420.0,40120.0,49450.0,75730.0,80840.0,2023
99,U.S.,47-5043,"Roof Bolters, Mining",detailed,1960.0,68540.0,66660.0,53970.0,59520.0,75540.0,78030.0,2023
99,U.S.,47-5044,"Loading and Moving Machine Operators, Underground Mining",detailed,5160.0,63620.0,64070.0,45250.0,56740.0,72590.0,75400.0,2023
99,U.S.,47-5049,"Underground Mining Machine Operators, All Other",detailed,2560.0,65290.0,68910.0,40140.0,54560.0,77390.0,79240.0,2023
99,U.S.,47-5051,"Rock Splitters, Quarry",detailed,3610.0,47830.0,46530.0,32050.0,37440.0,56940.0,64020.0,2023
99,U.S.,47-5071,"Roustabouts, Oil and Gas",detailed,43830.0,47730.0,46340.0,35150.0,38410.0,53590.0,61350.0,2023
99,U.S.,47-5081,Helpers--Extraction Workers,detailed,7360.0,46990.0,45520.0,34970.0,38280.0,55100.0,63320.0,2023
99,U.S.,47-5099,"Extraction Workers, All Other",detailed,7120.0,53050.0,49580.0,34180.0,38830.0,62610.0,76570.0,2023
99,U.S.,49-1011,"First-Line Supervisors of Mechanics, Installers, and Repairers",detailed,589880.0,79020.0,75820.0,46070.0,58900.0,96310.0,118980.0,2023
99,U.S.,49-2011,"Computer, Automated Teller, and Office Machine Repairers",detailed,77580.0,48290.0,45760.0,33430.0,37210.0,58240.0,65820.0,2023
99,U.S.,49-2021,"Radio, Cellular, and Tower Equipment Installers and Repairers",detailed,11810.0,64360.0,61310.0,38880.0,48380.0,79800.0,95680.0,2023
99,U.S.,49-2022,"Telecommunications Equipment Installers and Repairers, Except Line Installers",detailed,159670.0,64010.0,61270.0,38360.0,47870.0,78230.0,91740.0,2023
99,U.S.,49-2091,Avionics Technicians,detailed,21280.0,77080.0,77420.0,46570.0,61880.0,91910.0,107370.0,2023
99,U.S.,49-2092,"Electric Motor, Power Tool, and Related Repairers",detailed,16010.0,52550.0,49230.0,34590.0,40440.0,61160.0,74520.0,2023
99,U.S.,49-2093,"Electrical and Electronics Installers and Repairers, Transportation Equipment",detailed,7920.0,76380.0,79160.0,46720.0,64060.0,86500.0,99570.0,2023
99,U.S.,49-2094,"Electrical and Electronics Repairers, Commercial and Industrial Equipment",detailed,58320.0,69810.0,66680.0,41600.0,53350.0,81330.0,100510.0,2023
99,U.S.,49-2095,"Electrical and Electronics Repairers, Powerhouse, Substation, and Relay",detailed,24790.0,92840.0,96600.0,58890.0,78340.0,107830.0,122840.0,2023
99,U.S.,49-2096,"Electronic Equipment Installers and Repairers, Motor Vehicles",detailed,8900.0,47570.0,45570.0,32380.0,37790.0,54690.0,64880.0,2023
99,U.S.,49-2097,Audiovisual Equipment Installers and Repairers,detailed,24720.0,52720.0,48380.0,33260.0,39940.0,62340.0,78780.0,2023
99,U.S.,49-2098,Security and Fire Alarm Systems Installers,detailed,83540.0,57400.0,56430.0,36790.0,45580.0,65570.0,79650.0,2023
99,U.S.,49-3011,Aircraft Mechanics and Service Technicians,detailed,137630.0,76260.0,75020.0,45760.0,59190.0,88350.0,114750.0,2023
99,U.S.,49-3021,Automotive Body and Related Repairers,detailed,151910.0,55220.0,48740.0,35250.0,41430.0,62060.0,80380.0,2023
99,U.S.,49-3022,Automotive Glass Installers and Repairers,detailed,16890.0,46010.0,45320.0,31370.0,37180.0,51970.0,62000.0,2023
99,U.S.,49-3023,Automotive Service Technicians and Mechanics,detailed,676570.0,51940.0,47770.0,30600.0,36910.0,62310.0,77630.0,2023
99,U.S.,49-3031,Bus and Truck Mechanics and Diesel Engine Specialists,detailed,285030.0,59920.0,58970.0,39020.0,47730.0,70470.0,82430.0,2023
99,U.S.,49-3041,Farm Equipment Mechanics and Service Technicians,detailed,36830.0,52120.0,49210.0,34870.0,41290.0,61310.0,72450.0,2023
99,U.S.,49-3042,"Mobile Heavy Equipment Mechanics, Except Engines",detailed,177280.0,64340.0,61900.0,42990.0,50420.0,75260.0,85720.0,2023
99,U.S.,49-3043,Rail Car Repairers,detailed,19480.0,65690.0,65030.0,44140.0,49900.0,78240.0,88280.0,2023
99,U.S.,49-3051,Motorboat Mechanics and Service Technicians,detailed,23230.0,52620.0,49990.0,35010.0,41540.0,61210.0,73600.0,2023
99,U.S.,49-3052,Motorcycle Mechanics,detailed,14330.0,47960.0,46270.0,30200.0,36980.0,58110.0,67730.0,2023
99,U.S.,49-3053,Outdoor Power Equipment and Other Small Engine Mechanics,detailed,36080.0,45180.0,44140.0,30840.0,36430.0,51120.0,60900.0,2023
99,U.S.,49-3091,Bicycle Repairers,detailed,13980.0,39360.0,38320.0,28670.0,34140.0,45130.0,48910.0,2023
99,U.S.,49-3092,Recreational Vehicle Service Technicians,detailed,17360.0,50690.0,47950.0,33660.0,38690.0,60200.0,72500.0,2023
99,U.S.,49-3093,Tire Repairers and Changers,detailed,101520.0,37280.0,35790.0,28820.0,31140.0,39910.0,47680.0,2023
99,U.S.,49-9011,Mechanical Door Repairers,detailed,27800.0,51640.0,48650.0,36240.0,42330.0,59700.0,69750.0,2023
99,U.S.,49-9012,"Control and Valve Installers and Repairers, Except Mechanical Door",detailed,47780.0,72360.0,70100.0,38820.0,49520.0,94670.0,105250.0,2023
99,U.S.,49-9021,"Heating, Air Conditioning, and Refrigeration Mechanics and Installers",detailed,397450.0,59620.0,57300.0,37270.0,46550.0,71120.0,84250.0,2023
99,U.S.,49-9031,Home Appliance Repairers,detailed,29950.0,50640.0,47170.0,31100.0,37660.0,59240.0,72660.0,2023
99,U.S.,49-9041,Industrial Machinery Mechanics,detailed,412650.0,63690.0,61420.0,42390.0,49780.0,75030.0,85970.0,2023
99,U.S.,49-9043,"Maintenance Workers, Machinery",detailed,58040.0,58500.0,57350.0,37440.0,46280.0,67320.0,80770.0,2023
99,U.S.,49-9044,Millwrights,detailed,37930.0,64310.0,62980.0,43160.0,51530.0,76380.0,82700.0,2023
99,U.S.,49-9045,"Refractory Materials Repairers, Except Brickmasons",detailed,540.0,49900.0,48410.0,31130.0,35730.0,62670.0,69990.0,2023
99,U.S.,49-9051,Electrical Power-Line Installers and Repairers,detailed,120170.0,85900.0,85420.0,48220.0,63120.0,104230.0,119920.0,2023
99,U.S.,49-9052,Telecommunications Line Installers and Repairers,detailed,98950.0,69040.0,64640.0,40180.0,48540.0,91500.0,101120.0,2023
99,U.S.,49-9061,Camera and Photographic Equipment Repairers,detailed,2540.0,58870.0,46850.0,34710.0,42840.0,63940.0,120090.0,2023
99,U.S.,49-9062,Medical Equipment Repairers,detailed,64400.0,64140.0,60670.0,36810.0,45180.0,78160.0,97780.0,2023
99,U.S.,49-9063,Musical Instrument Repairers and Tuners,detailed,6170.0,46250.0,42800.0,29330.0,34980.0,52590.0,63970.0,2023
99,U.S.,49-9064,Watch and Clock Repairers,detailed,1880.0,56140.0,58140.0,28390.0,43660.0,68340.0,79150.0,2023
99,U.S.,49-9069,"Precision Instrument and Equipment Repairers, All Other",detailed,10330.0,65710.0,62040.0,41250.0,48380.0,79430.0,95620.0,2023
99,U.S.,49-9071,"Maintenance and Repair Workers, General",detailed,1503150.0,49650.0,46700.0,30860.0,37160.0,59640.0,73490.0,2023
99,U.S.,49-9081,Wind Turbine Service Technicians,detailed,9800.0,65380.0,61770.0,47360.0,52770.0,74940.0,90300.0,2023
99,U.S.,49-9091,"Coin, Vending, and Amusement Machine Servicers and Repairers",detailed,36100.0,45840.0,44980.0,28840.0,35420.0,53550.0,63300.0,2023
99,U.S.,49-9092,Commercial Divers,detailed,2790.0,75570.0,61300.0,39430.0,46440.0,89750.0,136990.0,2023
99,U.S.,49-9094,Locksmiths and Safe Repairers,detailed,14790.0,52130.0,48380.0,31620.0,37950.0,62070.0,76460.0,2023
99,U.S.,49-9095,Manufactured Building and Mobile Home Installers,detailed,2910.0,39820.0,38980.0,26560.0,33860.0,45650.0,54080.0,2023
99,U.S.,49-9096,Riggers,detailed,23870.0,62020.0,56220.0,37420.0,45220.0,75350.0,97080.0,2023
99,U.S.,49-9097,Signal and Track Switch Repairers,detailed,9200.0,81810.0,82710.0,61910.0,76760.0,91050.0,95460.0,2023
99,U.S.,49-9098,"Helpers--Installation, Maintenance, and Repair Workers",detailed,101890.0,38720.0,36710.0,27080.0,31310.0,44230.0,52590.0,2023
99,U.S.,49-9099,"Installation, Maintenance, and Repair Workers, All Other",detailed,175860.0,50480.0,46500.0,32400.0,37770.0,59250.0,74780.0,2023
99,U.S.,51-1011,First-Line Supervisors of Production and Operating Workers,detailed,671160.0,71730.0,65930.0,43540.0,52000.0,82680.0,103780.0,2023
99,U.S.,51-2011,"Aircraft Structure, Surfaces, Rigging, and Systems Assemblers",detailed,29810.0,62860.0,61240.0,39550.0,49080.0,78030.0,93180.0,2023
99,U.S.,51-2021,"Coil Winders, Tapers, and Finishers",detailed,11900.0,46020.0,44890.0,32890.0,37480.0,52040.0,61220.0,2023
99,U.S.,51-2028,"Electrical, Electronic, and Electromechanical Assemblers, Except Coil Winders, Tapers, and Finishers",detailed,267440.0,43740.0,40490.0,31290.0,36190.0,48230.0,59310.0,2023
99,U.S.,51-2031,Engine and Other Machine Assemblers,detailed,47960.0,53470.0,50270.0,36250.0,40480.0,67210.0,72160.0,2023
99,U.S.,51-2041,Structural Metal Fabricators and Fitters,detailed,57810.0,50640.0,48480.0,36180.0,41180.0,57520.0,66500.0,2023
99,U.S.,51-2051,Fiberglass Laminators and Fabricators,detailed,20380.0,43920.0,40200.0,31400.0,36720.0,48430.0,58140.0,2023
99,U.S.,51-2061,Timing Device Assemblers and Adjusters,detailed,400.0,52840.0,48840.0,37800.0,42190.0,59090.0,69240.0,2023
99,U.S.,51-2090,Miscellaneous Assemblers and Fabricators,detailed,1489280.0,42400.0,38920.0,30030.0,34980.0,47310.0,59840.0,2023
99,U.S.,51-3011,Bakers,detailed,220230.0,35550.0,34950.0,24960.0,29570.0,38760.0,46980.0,2023
99,U.S.,51-3021,Butchers and Meat Cutters,detailed,136330.0,39680.0,37650.0,27500.0,32240.0,46020.0,54600.0,2023
99,U.S.,51-3022,"Meat, Poultry, and Fish Cutters and Trimmers",detailed,138300.0,36840.0,36300.0,28700.0,31820.0,40670.0,46150.0,2023
99,U.S.,51-3023,Slaughterers and Meat Packers,detailed,71310.0,38710.0,38160.0,30450.0,34560.0,44280.0,47120.0,2023
99,U.S.,51-3091,"Food and Tobacco Roasting, Baking, and Drying Machine Operators and Tenders",detailed,19570.0,42410.0,39850.0,29650.0,34740.0,48480.0,59020.0,2023
99,U.S.,51-3092,Food Batchmakers,detailed,169190.0,40890.0,38460.0,29480.0,33610.0,47170.0,55640.0,2023
99,U.S.,51-3093,Food Cooking Machine Operators and Tenders,detailed,29730.0,39770.0,38550.0,28720.0,33430.0,45870.0,50910.0,2023
99,U.S.,51-3099,"Food Processing Workers, All Other",detailed,63970.0,37630.0,36890.0,28870.0,33930.0,40630.0,46100.0,2023
99,U.S.,51-4021,"Extruding and Drawing Machine Setters, Operators, and Tenders, Metal and Plastic",detailed,63370.0,45440.0,44390.0,32050.0,37320.0,50800.0,59930.0,2023
99,U.S.,51-4022,"Forging Machine Setters, Operators, and Tenders, Metal and Plastic",detailed,9170.0,47350.0,46990.0,31860.0,38390.0,54220.0,64070.0,2023
99,U.S.,51-4023,"Rolling Machine Setters, Operators, and Tenders, Metal and Plastic",detailed,24750.0,49290.0,47040.0,35690.0,40240.0,55220.0,65830.0,2023
99,U.S.,51-4031,"Cutting, Punching, and Press Machine Setters, Operators, and Tenders, Metal and Plastic",detailed,179230.0,44260.0,42400.0,32640.0,36620.0,49030.0,59810.0,2023
99,U.S.,51-4032,"Drilling and Boring Machine Tool Setters, Operators, and Tenders, Metal and Plastic",detailed,5740.0,47490.0,44620.0,34550.0,38840.0,53410.0,62820.0,2023
99,U.S.,51-4033,"Grinding, Lapping, Polishing, and Buffing Machine Tool Setters, Operators, and Tenders, Metal and Plastic",detailed,75260.0,44450.0,42610.0,32960.0,37020.0,48800.0,59990.0,2023
99,U.S.,51-4034,"Lathe and Turning Machine Tool Setters, Operators, and Tenders, Metal and Plastic",detailed,19560.0,48850.0,47110.0,35760.0,39460.0,55860.0,64470.0,2023
99,U.S.,51-4035,"Milling and Planing Machine Setters, Operators, and Tenders, Metal and Plastic",detailed,13990.0,50020.0,47200.0,35140.0,38390.0,59280.0,69920.0,2023
99,U.S.,51-4041,Machinists,detailed,290720.0,54600.0,50840.0,36690.0,43680.0,62860.0,75820.0,2023
99,U.S.,51-4051,Metal-Refining Furnace Operators and Tenders,detailed,20870.0,54340.0,50250.0,37180.0,44080.0,63820.0,82530.0,2023
99,U.S.,51-4052,"Pourers and Casters, Metal",detailed,5460.0,50110.0,48690.0,36220.0,40140.0,57780.0,68280.0,2023
99,U.S.,51-4061,"Model Makers, Metal and Plastic",detailed,2840.0,64920.0,64190.0,42470.0,49270.0,76960.0,88420.0,2023
99,U.S.,51-4062,"Patternmakers, Metal and Plastic",detailed,2150.0,54550.0,49670.0,36280.0,44090.0,64830.0,77230.0,2023
99,U.S.,51-4071,Foundry Mold and Coremakers,detailed,11780.0,45130.0,44300.0,33070.0,37390.0,50380.0,61300.0,2023
99,U.S.,51-4072,"Molding, Coremaking, and Casting Machine Setters, Operators, and Tenders, Metal and Plastic",detailed,158980.0,42060.0,38870.0,30280.0,34900.0,47320.0,57970.0,2023
99,U.S.,51-4081,"Multiple Machine Tool Setters, Operators, and Tenders, Metal and Plastic",detailed,127790.0,43990.0,41600.0,31240.0,36330.0,49660.0,59700.0,2023
99,U.S.,51-4111,Tool and Die Makers,detailed,58150.0,62020.0,61490.0,40560.0,49070.0,74030.0,81720.0,2023
99,U.S.,51-4121,"Welders, Cutters, Solderers, and Brazers",detailed,421730.0,52640.0,48940.0,36830.0,42760.0,59900.0,72970.0,2023
99,U.S.,51-4122,"Welding, Soldering, and Brazing Machine Setters, Operators, and Tenders",detailed,33020.0,47120.0,45350.0,35270.0,38600.0,52430.0,63260.0,2023
99,U.S.,51-4191,"Heat Treating Equipment Setters, Operators, and Tenders, Metal and Plastic",detailed,14950.0,46540.0,44240.0,34850.0,38330.0,51570.0,61410.0,2023
99,U.S.,51-4192,"Layout Workers, Metal and Plastic",detailed,6660.0,60110.0,62270.0,41480.0,48180.0,66580.0,79370.0,2023
99,U.S.,51-4193,"Plating Machine Setters, Operators, and Tenders, Metal and Plastic",detailed,31970.0,42550.0,39740.0,30730.0,35480.0,47530.0,57550.0,2023
99,U.S.,51-4194,"Tool Grinders, Filers, and Sharpeners",detailed,6660.0,48520.0,46410.0,32020.0,38030.0,56950.0,68150.0,2023
99,U.S.,51-4199,"Metal Workers and Plastic Workers, All Other",detailed,20370.0,44780.0,41200.0,32580.0,36910.0,48910.0,61080.0,2023
99,U.S.,51-5111,Prepress Technicians and Workers,detailed,23590.0,46540.0,45070.0,31330.0,36390.0,54330.0,63440.0,2023
99,U.S.,51-5112,Printing Press Operators,detailed,151450.0,44450.0,41860.0,29790.0,35560.0,50160.0,61500.0,2023
99,U.S.,51-5113,Print Binding and Finishing Workers,detailed,38880.0,40860.0,38100.0,29220.0,34520.0,46740.0,56090.0,2023
99,U.S.,51-6011,Laundry and Dry-Cleaning Workers,detailed,185000.0,31880.0,31050.0,23670.0,27690.0,35460.0,38920.0,2023
99,U.S.,51-6021,"Pressers, Textile, Garment, and Related Materials",detailed,28700.0,32340.0,32240.0,23650.0,28460.0,36050.0,39360.0,2023
99,U.S.,51-6031,Sewing Machine Operators,detailed,116130.0,35000.0,34440.0,25360.0,29690.0,38340.0,45360.0,2023
99,U.S.,51-6041,Shoe and Leather Workers and Repairers,detailed,7230.0,37030.0,36020.0,25620.0,29600.0,41990.0,48440.0,2023
99,U.S.,51-6042,Shoe Machine Operators and Tenders,detailed,4630.0,36570.0,36970.0,27950.0,30420.0,42650.0,45380.0,2023
99,U.S.,51-6051,"Sewers, Hand",detailed,3390.0,33860.0,32240.0,26000.0,29020.0,37170.0,43880.0,2023
99,U.S.,51-6052,"Tailors, Dressmakers, and Custom Sewers",detailed,14950.0,40190.0,36650.0,27560.0,31820.0,44510.0,55810.0,2023
99,U.S.,51-6061,Textile Bleaching and Dyeing Machine Operators and Tenders,detailed,6650.0,37570.0,35340.0,27580.0,30410.0,40520.0,46260.0,2023
99,U.S.,51-6062,"Textile Cutting Machine Setters, Operators, and Tenders",detailed,9760.0,37040.0,36620.0,27540.0,31490.0,41100.0,46790.0,2023
99,U.S.,51-6063,"Textile Knitting and Weaving Machine Setters, Operators, and Tenders",detailed,15980.0,37880.0,37130.0,28700.0,31950.0,41860.0,46940.0,2023
99,U.S.,51-6064,"Textile Winding, Twisting, and Drawing Out Machine Setters, Operators, and Tenders",detailed,23550.0,37100.0,35530.0,29530.0,32950.0,39780.0,46840.0,2023
99,U.S.,51-6091,"Extruding and Forming Machine Setters, Operators, and Tenders, Synthetic and Glass Fibers",detailed,14520.0,45270.0,44030.0,33510.0,37980.0,49990.0,60380.0,2023
99,U.S.,51-6092,Fabric and Apparel Patternmakers,detailed,2670.0,66750.0,62510.0,31780.0,40760.0,82340.0,106870.0,2023
99,U.S.,51-6093,Upholsterers,detailed,25740.0,44820.0,42730.0,30450.0,36090.0,49740.0,61800.0,2023
99,U.S.,51-6099,"Textile, Apparel, and Furnishings Workers, All Other",detailed,15080.0,37430.0,35130.0,28030.0,30150.0,40710.0,49810.0,2023
99,U.S.,51-7011,Cabinetmakers and Bench Carpenters,detailed,88460.0,44620.0,43260.0,30850.0,36550.0,49470.0,60800.0,2023
99,U.S.,51-7021,Furniture Finishers,detailed,14380.0,42490.0,39790.0,29660.0,34980.0,47640.0,57120.0,2023
99,U.S.,51-7031,"Model Makers, Wood",detailed,590.0,52510.0,45040.0,33880.0,37440.0,63740.0,84090.0,2023
99,U.S.,51-7032,"Patternmakers, Wood",detailed,260.0,52330.0,48630.0,38700.0,43730.0,55030.0,75460.0,2023
99,U.S.,51-7041,"Sawing Machine Setters, Operators, and Tenders, Wood",detailed,43570.0,40120.0,38000.0,28790.0,33470.0,45970.0,51780.0,2023
99,U.S.,51-7042,"Woodworking Machine Setters, Operators, and Tenders, Except Sawing",detailed,61250.0,40360.0,38260.0,29620.0,34500.0,46100.0,52280.0,2023
99,U.S.,51-7099,"Woodworkers, All Other",detailed,7830.0,39520.0,37760.0,28250.0,32540.0,44840.0,54660.0,2023
99,U.S.,51-8011,Nuclear Power Reactor Operators,detailed,5760.0,121240.0,120350.0,92270.0,103880.0,134100.0,151980.0,2023
99,U.S.,51-8012,Power Distributors and Dispatchers,detailed,9040.0,105460.0,104750.0,68360.0,87440.0,122830.0,138950.0,2023
99,U.S.,51-8013,Power Plant Operators,detailed,31490.0,91880.0,97010.0,54080.0,72860.0,106780.0,123120.0,2023
99,U.S.,51-8021,Stationary Engineers and Boiler Operators,detailed,33840.0,73170.0,67640.0,41360.0,51970.0,89160.0,113660.0,2023
99,U.S.,51-8031,Water and Wastewater Treatment Plant and System Operators,detailed,120710.0,58050.0,54890.0,36680.0,44720.0,67790.0,83090.0,2023
99,U.S.,51-8091,Chemical Plant and System Operators,detailed,17980.0,79450.0,80030.0,47650.0,59830.0,99960.0,108470.0,2023
99,U.S.,51-8092,Gas Plant Operators,detailed,15930.0,83020.0,82560.0,53330.0,66250.0,99180.0,108340.0,2023
99,U.S.,51-8093,"Petroleum Pump System Operators, Refinery Operators, and Gaugers",detailed,33360.0,88120.0,94580.0,57970.0,76130.0,102410.0,110220.0,2023
99,U.S.,51-8099,"Plant and System Operators, All Other",detailed,15370.0,59890.0,56940.0,36120.0,45390.0,71500.0,85950.0,2023
99,U.S.,51-9011,Chemical Equipment Operators and Tenders,detailed,120260.0,57350.0,51720.0,36200.0,43580.0,66810.0,84310.0,2023
99,U.S.,51-9012,"Separating, Filtering, Clarifying, Precipitating, and Still Machine Setters, Operators, and Tenders",detailed,53170.0,51960.0,48120.0,34100.0,39010.0,59560.0,72950.0,2023
99,U.S.,51-9021,"Crushing, Grinding, and Polishing Machine Setters, Operators, and Tenders",detailed,26210.0,46390.0,44510.0,32650.0,36920.0,53850.0,63180.0,2023
99,U.S.,51-9022,"Grinding and Polishing Workers, Hand",detailed,12290.0,41490.0,38940.0,30140.0,34600.0,47050.0,57990.0,2023
99,U.S.,51-9023,"Mixing and Blending Machine Setters, Operators, and Tenders",detailed,105740.0,47950.0,46100.0,34090.0,38610.0,55470.0,63700.0,2023
99,U.S.,51-9031,"Cutters and Trimmers, Hand",detailed,7220.0,39260.0,37040.0,28770.0,32090.0,43400.0,54350.0,2023
99,U.S.,51-9032,"Cutting and Slicing Machine Setters, Operators, and Tenders",detailed,52720.0,44700.0,44310.0,32760.0,37430.0,50570.0,58240.0,2023
99,U.S.,51-9041,"Extruding, Forming, Pressing, and Compacting Machine Setters, Operators, and Tenders",detailed,57080.0,44610.0,42670.0,32100.0,36810.0,49730.0,61350.0,2023
99,U.S.,51-9051,"Furnace, Kiln, Oven, Drier, and Kettle Operators and Tenders",detailed,14820.0,47540.0,45640.0,34430.0,38200.0,54660.0,63340.0,2023
99,U.S.,51-9061,"Inspectors, Testers, Sorters, Samplers, and Weighers",detailed,584630.0,49260.0,45850.0,31950.0,37190.0,58030.0,72210.0,2023
99,U.S.,51-9071,Jewelers and Precious Stone and Metal Workers,detailed,24060.0,52000.0,47450.0,30790.0,36510.0,62070.0,78500.0,2023
99,U.S.,51-9081,Dental Laboratory Technicians,detailed,34190.0,52390.0,47690.0,33940.0,38250.0,60880.0,77460.0,2023
99,U.S.,51-9082,Medical Appliance Technicians,detailed,12550.0,48860.0,44960.0,35160.0,38220.0,52880.0,70060.0,2023
99,U.S.,51-9083,Ophthalmic Laboratory Technicians,detailed,18240.0,41280.0,37720.0,30030.0,34630.0,45540.0,55580.0,2023
99,U.S.,51-9111,Packaging and Filling Machine Operators and Tenders,detailed,371600.0,41200.0,38330.0,30050.0,34440.0,46540.0,56070.0,2023
99,U.S.,51-9123,"Painting, Coating, and Decorating Workers",detailed,10700.0,44050.0,40230.0,30660.0,34980.0,48980.0,59160.0,2023
99,U.S.,51-9124,"Coating, Painting, and Spraying Machine Setters, Operators, and Tenders",detailed,155880.0,48480.0,45560.0,33300.0,37790.0,54440.0,66390.0,2023
99,U.S.,51-9141,Semiconductor Processing Technicians,detailed,26450.0,48970.0,45850.0,31610.0,38510.0,56660.0,67870.0,2023
99,U.S.,51-9151,Photographic Process Workers and Processing Machine Operators,detailed,5770.0,41900.0,35620.0,29390.0,31950.0,44650.0,65480.0,2023
99,U.S.,51-9161,Computer Numerically Controlled Tool Operators,detailed,187670.0,51030.0,48550.0,36380.0,40390.0,59630.0,66970.0,2023
99,U.S.,51-9162,Computer Numerically Controlled Tool Programmers,detailed,28030.0,67650.0,63440.0,45980.0,53750.0,78200.0,94880.0,2023
99,U.S.,51-9191,Adhesive Bonding Machine Operators and Tenders,detailed,12510.0,44400.0,43540.0,31200.0,35660.0,50350.0,58840.0,2023
99,U.S.,51-9192,"Cleaning, Washing, and Metal Pickling Equipment Operators and Tenders",detailed,15210.0,41500.0,39340.0,31370.0,35370.0,46530.0,54180.0,2023
99,U.S.,51-9193,Cooling and Freezing Equipment Operators and Tenders,detailed,6500.0,44840.0,42420.0,31370.0,36760.0,51530.0,62120.0,2023
99,U.S.,51-9194,Etchers and Engravers,detailed,8140.0,42780.0,40040.0,29120.0,33280.0,47920.0,61360.0,2023
99,U.S.,51-9195,"Molders, Shapers, and Casters, Except Metal and Plastic",detailed,38480.0,44710.0,43310.0,32540.0,37150.0,49330.0,59740.0,2023
99,U.S.,51-9196,"Paper Goods Machine Setters, Operators, and Tenders",detailed,96460.0,48910.0,47250.0,35590.0,39040.0,56690.0,64290.0,2023
99,U.S.,51-9197,Tire Builders,detailed,20660.0,53930.0,54080.0,37940.0,46280.0,62330.0,66700.0,2023
99,U.S.,51-9198,Helpers--Production Workers,detailed,181810.0,38160.0,36700.0,28630.0,32400.0,42600.0,49910.0,2023
99,U.S.,51-9199,"Production Workers, All Other",detailed,243500.0,41400.0,37430.0,29220.0,33070.0,46520.0,59090.0,2023
99,U.S.,53-1041,Aircraft Cargo Handling Supervisors,detailed,9020.0,64950.0,58920.0,45770.0,50390.0,76270.0,91400.0,2023
99,U.S.,53-1047,"First-Line Supervisors of Transportation and Material Moving Workers, Except Aircraft Cargo Handling Supervisors",detailed,594330.0,63840.0,60510.0,39440.0,47560.0,75940.0,92140.0,2023
99,U.S.,53-2011,"Airline Pilots, Copilots, and Flight Engineers",detailed,93670.0,250050.0,219140.0,101710.0,142770.0,,,2023
99,U.S.,53-2012,Commercial Pilots,detailed,52750.0,138010.0,113080.0,56260.0,79440.0,168700.0,,2023
99,U.S.,53-2021,Air Traffic Controllers,detailed,22310.0,136790.0,137380.0,76190.0,96870.0,176720.0,200990.0,2023
99,U.S.,53-2022,Airfield Operations Specialists,detailed,18320.0,62140.0,51140.0,33870.0,39700.0,74410.0,106860.0,2023
99,U.S.,53-2031,Flight Attendants,detailed,126020.0,70980.0,68370.0,39580.0,49690.0,86610.0,104100.0,2023
99,U.S.,53-3011,"Ambulance Drivers and Attendants, Except Emergency Medical Technicians",detailed,11520.0,34420.0,32580.0,23410.0,27850.0,36900.0,45930.0,2023
99,U.S.,53-3031,Driver/Sales Workers,detailed,463120.0,38230.0,35420.0,20800.0,25900.0,46640.0,61080.0,2023
99,U.S.,53-3032,Heavy and Tractor-Trailer Truck Drivers,detailed,2044400.0,55990.0,54320.0,37440.0,45920.0,63010.0,76780.0,2023
99,U.S.,53-3033,Light Truck Drivers,detailed,1003960.0,46090.0,42470.0,28070.0,35110.0,51110.0,75090.0,2023
99,U.S.,53-3051,"Bus Drivers, School",detailed,371530.0,45210.0,45660.0,27380.0,36290.0,52900.0,61320.0,2023
99,U.S.,53-3052,"Bus Drivers, Transit and Intercity",detailed,184990.0,59860.0,60170.0,37630.0,46210.0,76700.0,82660.0,2023
99,U.S.,53-3053,Shuttle Drivers and Chauffeurs,detailed,204930.0,36920.0,35240.0,25750.0,29790.0,41600.0,49920.0,2023
99,U.S.,53-3054,Taxi Drivers,detailed,17770.0,35120.0,34680.0,27040.0,29920.0,37280.0,40630.0,2023
99,U.S.,53-3099,"Motor Vehicle Operators, All Other",detailed,51140.0,39970.0,35690.0,24550.0,28890.0,46440.0,63410.0,2023
99,U.S.,53-4011,Locomotive Engineers,detailed,32390.0,75870.0,74770.0,59450.0,73240.0,80340.0,92670.0,2023
99,U.S.,53-4013,"Rail Yard Engineers, Dinkey Operators, and Hostlers",detailed,2430.0,57580.0,57070.0,38800.0,49080.0,63050.0,76470.0,2023
99,U.S.,53-4022,"Railroad Brake, Signal, and Switch Operators and Locomotive Firers",detailed,13610.0,62840.0,63540.0,44350.0,57220.0,67540.0,78120.0,2023
99,U.S.,53-4031,Railroad Conductors and Yardmasters,detailed,46490.0,72220.0,71130.0,54610.0,62180.0,78490.0,99210.0,2023
99,U.S.,53-4041,Subway and Streetcar Operators,detailed,14860.0,77370.0,84270.0,54690.0,73570.0,84310.0,87110.0,2023
99,U.S.,53-4099,"Rail Transportation Workers, All Other",detailed,1830.0,50730.0,44660.0,35420.0,39330.0,54320.0,85490.0,2023
99,U.S.,53-5011,Sailors and Marine Oilers,detailed,29960.0,53470.0,48400.0,32240.0,37960.0,62700.0,79180.0,2023
99,U.S.,53-5021,"Captains, Mates, and Pilots of Water Vessels",detailed,34520.0,97820.0,88730.0,44600.0,60550.0,123640.0,161510.0,2023
99,U.S.,53-5022,Motorboat Operators,detailed,2710.0,51810.0,46420.0,28890.0,35860.0,64490.0,80960.0,2023
99,U.S.,53-5031,Ship Engineers,detailed,8860.0,100550.0,94270.0,57140.0,68880.0,122390.0,141910.0,2023
99,U.S.,53-6011,Bridge and Lock Tenders,detailed,3460.0,50070.0,49120.0,28990.0,33340.0,64250.0,69880.0,2023
99,U.S.,53-6021,Parking Attendants,detailed,118130.0,32700.0,32840.0,22890.0,28470.0,36420.0,40500.0,2023
99,U.S.,53-6031,Automotive and Watercraft Service Attendants,detailed,92530.0,34530.0,33820.0,27430.0,29640.0,37170.0,43830.0,2023
99,U.S.,53-6032,Aircraft Service Attendants,detailed,24940.0,42110.0,39110.0,32040.0,35980.0,46010.0,53820.0,2023
99,U.S.,53-6041,Traffic Technicians,detailed,7530.0,56680.0,52240.0,36290.0,42770.0,67370.0,78840.0,2023
99,U.S.,53-6051,Transportation Inspectors,detailed,27670.0,83920.0,87290.0,39790.0,60110.0,97630.0,129020.0,2023
99,U.S.,53-6061,Passenger Attendants,detailed,20190.0,36780.0,35620.0,27040.0,32020.0,39470.0,47680.0,2023
99,U.S.,53-6099,"Transportation Workers, All Other",detailed,10940.0,43530.0,40300.0,27340.0,31700.0,52000.0,63680.0,2023
99,U.S.,53-7011,Conveyor Operators and Tenders,detailed,24660.0,42900.0,39260.0,32770.0,35290.0,47000.0,59910.0,2023
99,U.S.,53-7021,Crane and Tower Operators,detailed,42260.0,68040.0,64690.0,39200.0,48380.0,78720.0,98820.0,2023
99,U.S.,53-7031,Dredge Operators,detailed,940.0,53700.0,50440.0,37870.0,43670.0,60670.0,72570.0,2023
99,U.S.,53-7041,Hoist and Winch Operators,detailed,2230.0,65810.0,55950.0,33760.0,40490.0,93630.0,111470.0,2023
99,U.S.,53-7051,Industrial Truck and Tractor Operators,detailed,778920.0,45720.0,44470.0,35260.0,38270.0,50010.0,59860.0,2023
99,U.S.,53-7061,Cleaners of Vehicles and Equipment,detailed,365290.0,35250.0,34150.0,24560.0,28880.0,38500.0,46450.0,2023
99,U.S.,53-7062,"Laborers and Freight, Stock, and Material Movers, Hand",detailed,3008300.0,39760.0,37660.0,29480.0,34040.0,44950.0,50280.0,2023
99,U.S.,53-7063,Machine Feeders and Offbearers,detailed,44500.0,41000.0,39250.0,29880.0,34610.0,46590.0,53320.0,2023
99,U.S.,53-7064,"Packers and Packagers, Hand",detailed,645210.0,35450.0,34830.0,25880.0,30220.0,39580.0,45100.0,2023
99,U.S.,53-7065,Stockers and Order Fillers,detailed,2872680.0,37990.0,36390.0,29150.0,32160.0,41370.0,48890.0,2023
99,U.S.,53-7071,Gas Compressor and Gas Pumping Station Operators,detailed,4400.0,63810.0,61870.0,36480.0,47470.0,75370.0,93450.0,2023
99,U.S.,53-7072,"Pump Operators, Except Wellhead Pumpers",detailed,11570.0,58650.0,54690.0,36290.0,43720.0,72680.0,85430.0,2023
99,U.S.,53-7073,Wellhead Pumpers,detailed,18230.0,69930.0,71830.0,38490.0,55700.0,81080.0,96600.0,2023
99,U.S.,53-7081,Refuse and Recyclable Material Collectors,detailed,135430.0,47810.0,45760.0,30050.0,36100.0,58360.0,67970.0,2023
99,U.S.,53-7121,"Tank Car, Truck, and Ship Loaders",detailed,11400.0,60530.0,58620.0,38850.0,46500.0,72710.0,88810.0,2023
99,U.S.,53-7199,"Material Moving Workers, All Other",detailed,23970.0,45840.0,40310.0,32240.0,34830.0,48460.0,63430.0,2023
99,U.S.,11-1011,Chief Executives,detailed,211850.0,262930.0,206420.0,73710.0,126080.0,,,2024
99,U.S.,11-1021,General and Operations Managers,detailed,3584420.0,133120.0,102950.0,47420.0,67160.0,164130.0,,2024
99,U.S.,11-1031,Legislators,detailed,26510.0,67390.0,44810.0,20380.0,29120.0,80350.0,137820.0,2024
99,U.S.,11-2011,Advertising and Promotions Managers,detailed,21100.0,149270.0,126960.0,63000.0,85990.0,178570.0,,2024
99,U.S.,11-2021,Marketing Managers,detailed,384980.0,171520.0,161030.0,81900.0,111210.0,211080.0,,2024
99,U.S.,11-2022,Sales Managers,detailed,603710.0,160930.0,138060.0,66910.0,95910.0,201490.0,,2024
99,U.S.,11-2032,Public Relations Managers,detailed,76060.0,163520.0,138520.0,78880.0,102300.0,198000.0,,2024
99,U.S.,11-2033,Fundraising Managers,detailed,36920.0,137290.0,123480.0,73700.0,92880.0,166420.0,216660.0,2024
99,U.S.,11-3012,Administrative Services Managers,detailed,254140.0,126030.0,108390.0,64740.0,83660.0,147150.0,200010.0,2024
99,U.S.,11-3013,Facilities Managers,detailed,141090.0,114520.0,104690.0,62550.0,80150.0,135650.0,173080.0,2024
99,U.S.,11-3021,Computer and Information Systems Managers,detailed,645970.0,187990.0,171200.0,104450.0,134350.0,216220.0,,2024
99,U.S.,11-3031,Financial Managers,detailed,818620.0,180470.0,161700.0,86490.0,118360.0,214210.0,,2024
99,U.S.,11-3051,Industrial Production Managers,detailed,234380.0,129180.0,121440.0,74900.0,94620.0,156330.0,197310.0,2024
99,U.S.,11-3061,Purchasing Managers,detailed,81240.0,150630.0,139510.0,85500.0,107430.0,175460.0,219140.0,2024
99,U.S.,11-3071,"Transportation, Storage, and Distribution Managers",detailed,213000.0,116010.0,102010.0,61200.0,78360.0,136050.0,180590.0,2024
99,U.S.,11-3111,Compensation and Benefits Managers,detailed,20070.0,156230.0,140360.0,81660.0,105210.0,190890.0,,2024
99,U.S.,11-3121,Human Resources Managers,detailed,215520.0,160480.0,140030.0,83790.0,105590.0,189960.0,,2024
99,U.S.,11-3131,Training and Development Managers,detailed,44960.0,140590.0,127090.0,75810.0,96110.0,169310.0,219990.0,2024
99,U.S.,11-9013,"Farmers, Ranchers, and Other Agricultural Managers",detailed,5910.0,97240.0,87980.0,51700.0,67970.0,115200.0,156530.0,2024
99,U.S.,11-9021,Construction Managers,detailed,348330.0,119660.0,106980.0,65160.0,83480.0,139330.0,176990.0,2024
99,U.S.,11-9031,"Education and Childcare Administrators, Preschool and Daycare",detailed,71620.0,62640.0,56270.0,37060.0,45310.0,72690.0,96400.0,2024
99,U.S.,11-9032,"Education Administrators, Kindergarten through Secondary",detailed,319630.0,113360.0,104070.0,72400.0,83840.0,132550.0,165820.0,2024
99,U.S.,11-9033,"Education Administrators, Postsecondary",detailed,176420.0,124450.0,103960.0,63820.0,79880.0,140940.0,212420.0,2024
99,U.S.,11-9039,"Education Administrators, All Other",detailed,53330.0,99460.0,89040.0,49490.0,65180.0,121720.0,158050.0,2024
99,U.S.,11-9041,Architectural and Engineering Managers,detailed,210340.0,175710.0,167740.0,111450.0,134930.0,207210.0,,2024
99,U.S.,11-9051,Food Service Managers,detailed,244230.0,72370.0,65310.0,42380.0,53090.0,82300.0,105420.0,2024
99,U.S.,11-9071,Gambling Managers,detailed,4620.0,102480.0,85580.0,51670.0,70190.0,120490.0,165220.0,2024
99,U.S.,11-9072,"Entertainment and Recreation Managers, Except Gambling",detailed,36700.0,87060.0,77180.0,45320.0,58380.0,101750.0,134680.0,2024
99,U.S.,11-9081,Lodging Managers,detailed,41350.0,77460.0,68130.0,39490.0,50040.0,90670.0,126990.0,2024
99,U.S.,11-9111,Medical and Health Services Managers,detailed,565840.0,137730.0,117960.0,69680.0,88560.0,162420.0,219080.0,2024
99,U.S.,11-9121,Natural Sciences Managers,detailed,100870.0,173500.0,161180.0,79830.0,114110.0,214820.0,,2024
99,U.S.,11-9131,Postmasters and Mail Superintendents,detailed,13810.0,93760.0,92730.0,81430.0,87150.0,99590.0,109140.0,2024
99,U.S.,11-9141,"Property, Real Estate, and Community Association Managers",detailed,296640.0,82720.0,66700.0,39360.0,49530.0,95760.0,141040.0,2024
99,U.S.,11-9151,Social and Community Service Managers,detailed,195490.0,86100.0,78240.0,50020.0,62420.0,100600.0,129820.0,2024
99,U.S.,11-9161,Emergency Management Directors,detailed,12570.0,97700.0,86130.0,51260.0,64470.0,119690.0,160420.0,2024
99,U.S.,11-9171,Funeral Home Managers,detailed,13120.0,85650.0,76830.0,45820.0,59780.0,99330.0,132470.0,2024
99,U.S.,11-9179,"Personal Service Managers, All Other",detailed,10490.0,70620.0,61340.0,36880.0,47670.0,82890.0,111130.0,2024
99,U.S.,11-9199,"Managers, All Other",detailed,630980.0,149890.0,136550.0,68860.0,100010.0,179190.0,227590.0,2024
99,U.S.,13-1011,"Agents and Business Managers of Artists, Performers, and Athletes",detailed,14220.0,165600.0,96310.0,48530.0,63100.0,168850.0,,2024
99,U.S.,13-1020,Buyers and Purchasing Agents,detailed,486900.0,81720.0,75650.0,46460.0,58670.0,99190.0,127520.0,2024
99,U.S.,13-1031,"Claims Adjusters, Examiners, and Investigators",detailed,305020.0,78770.0,76790.0,47810.0,60100.0,95990.0,112150.0,2024
99,U.S.,13-1032,"Insurance Appraisers, Auto Damage",detailed,7790.0,77050.0,76650.0,56690.0,64280.0,86430.0,101800.0,2024
99,U.S.,13-1041,Compliance Officers,detailed,397770.0,84980.0,78420.0,46230.0,59130.0,104800.0,130030.0,2024
99,U.S.,13-1051,Cost Estimators,detailed,219530.0,83160.0,77070.0,46330.0,59830.0,99630.0,128640.0,2024
99,U.S.,13-1071,Human Resources Specialists,detailed,917460.0,79730.0,72910.0,45440.0,55870.0,97270.0,126540.0,2024
99,U.S.,13-1074,Farm Labor Contractors,detailed,410.0,51910.0,48690.0,29800.0,32860.0,58250.0,86860.0,2024
99,U.S.,13-1075,Labor Relations Specialists,detailed,64590.0,97130.0,93500.0,49880.0,67670.0,123090.0,153440.0,2024
99,U.S.,13-1081,Logisticians,detailed,235640.0,87600.0,80880.0,49260.0,62920.0,104330.0,132110.0,2024
99,U.S.,13-1082,Project Management Specialists,detailed,1006160.0,108100.0,100750.0,59830.0,76950.0,131660.0,165790.0,2024
99,U.S.,13-1111,Management Analysts,detailed,893900.0,114710.0,101190.0,59720.0,76770.0,133140.0,174140.0,2024
99,U.S.,13-1121,"Meeting, Convention, and Event Planners",detailed,134670.0,65090.0,59440.0,35990.0,45610.0,77150.0,101310.0,2024
99,U.S.,13-1131,Fundraisers,detailed,105930.0,73130.0,66490.0,43200.0,52590.0,85280.0,106960.0,2024
99,U.S.,13-1141,"Compensation, Benefits, and Job Analysis Specialists",detailed,102370.0,82920.0,77020.0,48300.0,59700.0,99210.0,128830.0,2024
99,U.S.,13-1151,Training and Development Specialists,detailed,436610.0,73760.0,65850.0,37510.0,48900.0,91550.0,120190.0,2024
99,U.S.,13-1161,Market Research Analysts and Marketing Specialists,detailed,861140.0,86480.0,76950.0,42070.0,56220.0,104870.0,144610.0,2024
99,U.S.,13-1199,"Business Operations Specialists, All Other",detailed,1128200.0,92380.0,81270.0,46230.0,60820.0,110030.0,147830.0,2024
99,U.S.,13-2011,Accountants and Auditors,detailed,1448290.0,93520.0,81680.0,52780.0,64660.0,106450.0,141420.0,2024
99,U.S.,13-2020,Property Appraisers and Assessors,detailed,59070.0,77160.0,65420.0,38480.0,49310.0,90810.0,122760.0,2024
99,U.S.,13-2031,Budget Analysts,detailed,47170.0,93920.0,87930.0,60510.0,72240.0,110380.0,134640.0,2024
99,U.S.,13-2041,Credit Analysts,detailed,67370.0,98040.0,80970.0,52930.0,63850.0,113850.0,168840.0,2024
99,U.S.,13-2051,Financial and Investment Analysts,detailed,340580.0,116490.0,101350.0,62410.0,78300.0,132050.0,180550.0,2024
99,U.S.,13-2052,Personal Financial Advisors,detailed,270480.0,160210.0,102140.0,49990.0,70620.0,172540.0,,2024
99,U.S.,13-2053,Insurance Underwriters,detailed,107820.0,90830.0,79880.0,51640.0,63070.0,104820.0,138020.0,2024
99,U.S.,13-2054,Financial Risk Specialists,detailed,56320.0,119930.0,106000.0,62270.0,80280.0,145020.0,182310.0,2024
99,U.S.,13-2061,Financial Examiners,detailed,62830.0,103650.0,90400.0,53420.0,66800.0,127210.0,171540.0,2024
99,U.S.,13-2071,Credit Counselors,detailed,28110.0,55890.0,50480.0,38980.0,45420.0,61760.0,77920.0,2024
99,U.S.,13-2072,Loan Officers,detailed,290530.0,86020.0,74180.0,38490.0,50460.0,101920.0,145780.0,2024
99,U.S.,13-2081,"Tax Examiners and Collectors, and Revenue Agents",detailed,53530.0,67570.0,59740.0,40020.0,46820.0,79330.0,110300.0,2024
99,U.S.,13-2082,Tax Preparers,detailed,73570.0,58860.0,50560.0,30500.0,37750.0,75590.0,96240.0,2024
99,U.S.,13-2099,"Financial Specialists, All Other",detailed,127450.0,93890.0,80190.0,46420.0,60140.0,109120.0,151780.0,2024
99,U.S.,15-1211,Computer Systems Analysts,detailed,497800.0,111960.0,103790.0,63160.0,80900.0,132360.0,166030.0,2024
99,U.S.,15-1212,Information Security Analysts,detailed,179430.0,127730.0,124910.0,69660.0,92160.0,159600.0,186420.0,2024
99,U.S.,15-1221,Computer and Information Research Scientists,detailed,38480.0,152310.0,140910.0,80670.0,102710.0,181210.0,232120.0,2024
99,U.S.,15-1231,Computer Network Support Specialists,detailed,146450.0,79610.0,73340.0,46010.0,56720.0,95710.0,124470.0,2024
99,U.S.,15-1232,Computer User Support Specialists,detailed,697210.0,64990.0,60340.0,38780.0,47580.0,77010.0,98010.0,2024
99,U.S.,15-1241,Computer Network Architects,detailed,177010.0,135890.0,130390.0,79520.0,102120.0,164440.0,198030.0,2024
99,U.S.,15-1242,Database Administrators,detailed,73180.0,107440.0,104620.0,56820.0,76100.0,132850.0,160890.0,2024
99,U.S.,15-1243,Database Architects,detailed,64770.0,142620.0,135980.0,81630.0,107900.0,169480.0,209990.0,2024
99,U.S.,15-1244,Network and Computer Systems Administrators,detailed,318570.0,101190.0,96800.0,60320.0,75860.0,123390.0,150320.0,2024
99,U.S.,15-1251,Computer Programmers,detailed,109870.0,103640.0,98670.0,52190.0,71860.0,128960.0,162090.0,2024
99,U.S.,15-1252,Software Developers,detailed,1654440.0,144570.0,133080.0,79850.0,103050.0,169000.0,211450.0,2024
99,U.S.,15-1253,Software Quality Assurance Analysts and Testers,detailed,199800.0,110260.0,102610.0,60690.0,79520.0,131870.0,166960.0,2024
99,U.S.,15-1254,Web Developers,detailed,78860.0,98790.0,90930.0,48560.0,63140.0,124300.0,162870.0,2024
99,U.S.,15-1255,Web and Digital Interface Designers,detailed,111400.0,111450.0,98090.0,47840.0,64990.0,141860.0,192180.0,2024
99,U.S.,15-1299,"Computer Occupations, All Other",detailed,439380.0,116700.0,108970.0,52650.0,76360.0,147530.0,176800.0,2024
99,U.S.,15-2011,Actuaries,detailed,28340.0,134990.0,125770.0,75240.0,90970.0,164860.0,206430.0,2024
99,U.S.,15-2021,Mathematicians,detailed,2220.0,122520.0,121680.0,63430.0,85720.0,153340.0,187660.0,2024
99,U.S.,15-2031,Operations Research Analysts,detailed,107760.0,99120.0,91290.0,53910.0,66910.0,124120.0,159280.0,2024
99,U.S.,15-2041,Statisticians,detailed,29800.0,112330.0,103300.0,60390.0,79210.0,137610.0,170700.0,2024
99,U.S.,15-2051,Data Scientists,detailed,233440.0,124590.0,112590.0,63650.0,82630.0,155810.0,194410.0,2024
99,U.S.,15-2099,"Mathematical Science Occupations, All Other",detailed,4660.0,84700.0,71490.0,40330.0,52440.0,101920.0,154140.0,2024
99,U.S.,17-1011,"Architects, Except Landscape and Naval",detailed,111140.0,103390.0,96690.0,60510.0,76110.0,123300.0,159800.0,2024
99,U.S.,17-1012,Landscape Architects,detailed,19580.0,88000.0,79660.0,51990.0,62650.0,101580.0,132250.0,2024
99,U.S.,17-1021,Cartographers and Photogrammetrists,detailed,12790.0,82860.0,78380.0,50500.0,62860.0,99650.0,121440.0,2024
99,U.S.,17-1022,Surveyors,detailed,53080.0,76730.0,72740.0,43680.0,53590.0,94550.0,116330.0,2024
99,U.S.,17-2011,Aerospace Engineers,detailed,68440.0,141180.0,134830.0,85350.0,104740.0,174480.0,205850.0,2024
99,U.S.,17-2021,Agricultural Engineers,detailed,1680.0,84240.0,84630.0,43020.0,49930.0,103940.0,132700.0,2024
99,U.S.,17-2031,Bioengineers and Biomedical Engineers,detailed,21860.0,115020.0,106950.0,71860.0,86630.0,133570.0,165060.0,2024
99,U.S.,17-2041,Chemical Engineers,detailed,20330.0,128430.0,121860.0,78520.0,96040.0,152290.0,182150.0,2024
99,U.S.,17-2051,Civil Engineers,detailed,355410.0,107050.0,99590.0,65920.0,78790.0,128290.0,160990.0,2024
99,U.S.,17-2061,Computer Hardware Engineers,detailed,75710.0,156770.0,155020.0,85430.0,115500.0,185380.0,223820.0,2024
99,U.S.,17-2071,Electrical Engineers,detailed,188790.0,120980.0,111910.0,74670.0,87590.0,141630.0,175460.0,2024
99,U.S.,17-2072,"Electronics Engineers, Except Computer",detailed,93940.0,132500.0,127590.0,79390.0,98920.0,164000.0,199060.0,2024
99,U.S.,17-2081,Environmental Engineers,detailed,37950.0,110570.0,104170.0,64950.0,80510.0,130830.0,161910.0,2024
99,U.S.,17-2111,"Health and Safety Engineers, Except Mining Safety Engineers and Inspectors",detailed,23220.0,113770.0,109660.0,62050.0,85400.0,136150.0,166670.0,2024
99,U.S.,17-2112,Industrial Engineers,detailed,350230.0,107900.0,101140.0,70000.0,81910.0,127480.0,157140.0,2024
99,U.S.,17-2121,Marine Engineers and Naval Architects,detailed,8440.0,116680.0,105670.0,79700.0,88480.0,133780.0,167660.0,2024
99,U.S.,17-2131,Materials Engineers,detailed,22770.0,116380.0,108310.0,68040.0,85820.0,138370.0,172000.0,2024
99,U.S.,17-2141,Mechanical Engineers,detailed,286760.0,110080.0,102320.0,68740.0,81800.0,130290.0,161240.0,2024
99,U.S.,17-2151,"Mining and Geological Engineers, Including Mining Safety Engineers",detailed,6770.0,108940.0,101020.0,62500.0,81040.0,129860.0,163740.0,2024
99,U.S.,17-2161,Nuclear Engineers,detailed,14740.0,134980.0,127520.0,88290.0,103010.0,157600.0,187430.0,2024
99,U.S.,17-2171,Petroleum Engineers,detailed,18970.0,153560.0,141280.0,78840.0,107330.0,191100.0,228790.0,2024
99,U.S.,17-2199,"Engineers, All Other",detailed,150750.0,121720.0,117750.0,62840.0,85750.0,152670.0,183510.0,2024
99,U.S.,17-3011,Architectural and Civil Drafters,detailed,109550.0,68860.0,64280.0,44040.0,52880.0,79510.0,98190.0,2024
99,U.S.,17-3012,Electrical and Electronics Drafters,detailed,20020.0,77960.0,73720.0,48680.0,58800.0,91780.0,110180.0,2024
99,U.S.,17-3013,Mechanical Drafters,detailed,39900.0,74040.0,68510.0,46500.0,56470.0,85580.0,107600.0,2024
99,U.S.,17-3019,"Drafters, All Other",detailed,16010.0,66530.0,62010.0,42170.0,50970.0,77750.0,96620.0,2024
99,U.S.,17-3021,Aerospace Engineering and Operations Technologists and Technicians,detailed,9060.0,86330.0,79830.0,53730.0,64570.0,102220.0,120440.0,2024
99,U.S.,17-3022,Civil Engineering Technologists and Technicians,detailed,62130.0,68450.0,64200.0,43550.0,51730.0,79550.0,97840.0,2024
99,U.S.,17-3023,Electrical and Electronic Engineering Technologists and Technicians,detailed,92710.0,78580.0,77180.0,48250.0,60610.0,94810.0,111790.0,2024
99,U.S.,17-3024,Electro-Mechanical and Mechatronics Technologists and Technicians,detailed,14680.0,75710.0,70760.0,47770.0,58570.0,87320.0,109580.0,2024
99,U.S.,17-3025,Environmental Engineering Technologists and Technicians,detailed,12500.0,63070.0,58890.0,39670.0,48250.0,75290.0,92280.0,2024
99,U.S.,17-3026,Industrial Engineering Technologists and Technicians,detailed,73410.0,69780.0,64790.0,46370.0,53230.0,79040.0,97670.0,2024
99,U.S.,17-3027,Mechanical Engineering Technologists and Technicians,detailed,37450.0,72450.0,68730.0,46940.0,57330.0,82980.0,100890.0,2024
99,U.S.,17-3028,Calibration Technologists and Technicians,detailed,15320.0,71080.0,65040.0,44730.0,52250.0,83600.0,105440.0,2024
99,U.S.,17-3029,"Engineering Technologists and Technicians, Except Drafters, All Other",detailed,64410.0,79740.0,77390.0,47010.0,59700.0,97760.0,114630.0,2024
99,U.S.,17-3031,Surveying and Mapping Technicians,detailed,56720.0,56890.0,51940.0,36910.0,44180.0,65240.0,80870.0,2024
99,U.S.,19-1011,Animal Scientists,detailed,2470.0,104970.0,79120.0,48440.0,59610.0,128450.0,235750.0,2024
99,U.S.,19-1012,Food Scientists and Technologists,detailed,14370.0,92190.0,85310.0,49580.0,65240.0,111700.0,141860.0,2024
99,U.S.,19-1013,Soil and Plant Scientists,detailed,16600.0,83040.0,71410.0,45320.0,57950.0,98110.0,131440.0,2024
99,U.S.,19-1021,Biochemists and Biophysicists,detailed,34520.0,115570.0,103650.0,64890.0,78730.0,134460.0,168900.0,2024
99,U.S.,19-1022,Microbiologists,detailed,19760.0,95200.0,87330.0,51220.0,63920.0,120750.0,150650.0,2024
99,U.S.,19-1023,Zoologists and Wildlife Biologists,detailed,16920.0,77920.0,72860.0,48240.0,58360.0,90590.0,113350.0,2024
99,U.S.,19-1029,"Biological Scientists, All Other",detailed,59710.0,100440.0,93330.0,54500.0,67950.0,121350.0,159780.0,2024
99,U.S.,19-1031,Conservation Scientists,detailed,25590.0,74310.0,67950.0,45260.0,53190.0,87980.0,107720.0,2024
99,U.S.,19-1032,Foresters,detailed,9650.0,74670.0,70660.0,49240.0,58810.0,85450.0,103220.0,2024
99,U.S.,19-1041,Epidemiologists,detailed,11460.0,94160.0,83980.0,56950.0,68040.0,106040.0,134860.0,2024
99,U.S.,19-1042,"Medical Scientists, Except Epidemiologists",detailed,156300.0,112690.0,100590.0,61860.0,77260.0,133870.0,168210.0,2024
99,U.S.,19-1099,"Life Scientists, All Other",detailed,7320.0,101940.0,87800.0,52360.0,66340.0,123720.0,168860.0,2024
99,U.S.,19-2011,Astronomers,detailed,1560.0,134430.0,132170.0,70730.0,94990.0,177690.0,191880.0,2024
99,U.S.,19-2012,Physicists,detailed,21340.0,166000.0,166290.0,80020.0,117450.0,210260.0,,2024
99,U.S.,19-2021,Atmospheric and Space Scientists,detailed,8780.0,103980.0,97450.0,49990.0,69440.0,128940.0,160710.0,2024
99,U.S.,19-2031,Chemists,detailed,83250.0,95940.0,84150.0,53210.0,63930.0,120210.0,154430.0,2024
99,U.S.,19-2032,Materials Scientists,detailed,8330.0,111410.0,104160.0,61460.0,79980.0,134140.0,168500.0,2024
99,U.S.,19-2041,"Environmental Scientists and Specialists, Including Health",detailed,84930.0,88640.0,80060.0,50130.0,62090.0,103730.0,134830.0,2024
99,U.S.,19-2042,"Geoscientists, Except Hydrologists and Geographers",detailed,22510.0,111310.0,99240.0,58790.0,72440.0,134350.0,178880.0,2024
99,U.S.,19-2043,Hydrologists,detailed,5720.0,98130.0,92060.0,60010.0,73330.0,114940.0,139420.0,2024
99,U.S.,19-2099,"Physical Scientists, All Other",detailed,22580.0,123070.0,117960.0,61990.0,82450.0,154900.0,191880.0,2024
99,U.S.,19-3011,Economists,detailed,15880.0,130910.0,115440.0,62340.0,82260.0,166030.0,212710.0,2024
99,U.S.,19-3022,Survey Researchers,detailed,7720.0,73470.0,63380.0,36950.0,46110.0,85370.0,118730.0,2024
99,U.S.,19-3032,Industrial-Organizational Psychologists,detailed,1050.0,134400.0,109840.0,51880.0,80790.0,198170.0,224590.0,2024
99,U.S.,19-3033,Clinical and Counseling Psychologists,detailed,72190.0,106850.0,95830.0,50470.0,67470.0,131510.0,170150.0,2024
99,U.S.,19-3034,School Psychologists,detailed,63830.0,93610.0,86930.0,60880.0,73240.0,108210.0,132320.0,2024
99,U.S.,19-3039,"Psychologists, All Other",detailed,17790.0,111340.0,117580.0,51410.0,73820.0,145200.0,163570.0,2024
99,U.S.,19-3041,Sociologists,detailed,2950.0,111670.0,101690.0,60710.0,78150.0,134780.0,168590.0,2024
99,U.S.,19-3051,Urban and Regional Planners,detailed,43040.0,89730.0,83720.0,55590.0,66210.0,104450.0,128550.0,2024
99,U.S.,19-3091,Anthropologists and Archeologists,detailed,8070.0,71070.0,64910.0,44510.0,51240.0,83080.0,104510.0,2024
99,U.S.,19-3092,Geographers,detailed,1380.0,98160.0,97200.0,62390.0,75590.0,117190.0,133680.0,2024
99,U.S.,19-3093,Historians,detailed,3140.0,78470.0,74050.0,38630.0,55190.0,96330.0,128500.0,2024
99,U.S.,19-3094,Political Scientists,detailed,5950.0,137600.0,139380.0,74750.0,103030.0,172050.0,191880.0,2024
99,U.S.,19-3099,"Social Scientists and Related Workers, All Other",detailed,36970.0,106440.0,100340.0,62570.0,79210.0,127880.0,160810.0,2024
99,U.S.,19-4012,Agricultural Technicians,detailed,14340.0,49680.0,46790.0,32860.0,38480.0,59370.0,69010.0,2024
99,U.S.,19-4013,Food Science Technicians,detailed,14200.0,54400.0,49430.0,37760.0,43990.0,60940.0,75100.0,2024
99,U.S.,19-4021,Biological Technicians,detailed,76190.0,58020.0,52000.0,38060.0,45380.0,66410.0,81990.0,2024
99,U.S.,19-4031,Chemical Technicians,detailed,55640.0,61300.0,57790.0,39030.0,46680.0,72940.0,90990.0,2024
99,U.S.,19-4042,"Environmental Science and Protection Technicians, Including Health",detailed,39390.0,56770.0,49490.0,36130.0,38050.0,64170.0,85630.0,2024
99,U.S.,19-4043,"Geological Technicians, Except Hydrologic Technicians",detailed,9710.0,58220.0,48390.0,32830.0,39200.0,64470.0,92210.0,2024
99,U.S.,19-4044,Hydrologic Technicians,detailed,2940.0,64410.0,58570.0,40330.0,47450.0,79790.0,94310.0,2024
99,U.S.,19-4051,Nuclear Technicians,detailed,5990.0,100730.0,104240.0,64370.0,83330.0,113710.0,126890.0,2024
99,U.S.,19-4061,Social Science Research Assistants,detailed,32940.0,63560.0,58040.0,36410.0,46190.0,73060.0,100620.0,2024
99,U.S.,19-4071,Forest and Conservation Technicians,detailed,31080.0,56660.0,54310.0,36190.0,42560.0,66020.0,80790.0,2024
99,U.S.,19-4092,Forensic Science Technicians,detailed,19450.0,75260.0,67440.0,45560.0,53310.0,88710.0,110710.0,2024
99,U.S.,19-4099,"Life, Physical, and Social Science Technicians, All Other",detailed,71400.0,64640.0,60130.0,37310.0,46270.0,77990.0,101870.0,2024
99,U.S.,19-5011,Occupational Health and Safety Specialists,detailed,128430.0,88660.0,83910.0,50610.0,64410.0,105390.0,130460.0,2024
99,U.S.,19-5012,Occupational Health and Safety Technicians,detailed,31450.0,63800.0,58440.0,40550.0,49510.0,74810.0,94670.0,2024
99,U.S.,21-1012,"Educational, Guidance, and Career Counselors and Advisors",detailed,342350.0,71520.0,65140.0,43580.0,51690.0,83490.0,105870.0,2024
99,U.S.,21-1013,Marriage and Family Therapists,detailed,65870.0,72720.0,63780.0,42610.0,48600.0,85020.0,111610.0,2024
99,U.S.,21-1015,Rehabilitation Counselors,detailed,88930.0,51260.0,46110.0,34480.0,38700.0,59040.0,77200.0,2024
99,U.S.,21-1018,"Substance Abuse, Behavioral Disorder, and Mental Health Counselors",detailed,440380.0,65100.0,59190.0,39090.0,47170.0,76230.0,98210.0,2024
99,U.S.,21-1019,"Counselors, All Other",detailed,33340.0,58070.0,49830.0,36160.0,42760.0,66510.0,91420.0,2024
99,U.S.,21-1021,"Child, Family, and School Social Workers",detailed,382960.0,62920.0,58570.0,40580.0,47480.0,74060.0,94030.0,2024
99,U.S.,21-1022,Healthcare Social Workers,detailed,185940.0,72030.0,68090.0,45030.0,55360.0,83410.0,100870.0,2024
99,U.S.,21-1023,Mental Health and Substance Abuse Social Workers,detailed,125910.0,68290.0,60060.0,39620.0,46550.0,78980.0,104130.0,2024
99,U.S.,21-1029,"Social Workers, All Other",detailed,64940.0,74680.0,69480.0,44530.0,52010.0,95390.0,112740.0,2024
99,U.S.,21-1091,Health Education Specialists,detailed,65150.0,71700.0,63000.0,42210.0,49880.0,84460.0,112900.0,2024
99,U.S.,21-1092,Probation Officers and Correctional Treatment Specialists,detailed,86820.0,71530.0,64520.0,45390.0,52580.0,84030.0,106290.0,2024
99,U.S.,21-1093,Social and Human Service Assistants,detailed,424220.0,47090.0,45120.0,33280.0,37770.0,53040.0,63850.0,2024
99,U.S.,21-1094,Community Health Workers,detailed,60730.0,55970.0,51030.0,37930.0,44370.0,63150.0,78560.0,2024
99,U.S.,21-1099,"Community and Social Service Specialists, All Other",detailed,110390.0,58360.0,54940.0,36470.0,45420.0,67590.0,83210.0,2024
99,U.S.,21-2011,Clergy,detailed,58080.0,67160.0,60820.0,37140.0,47220.0,76340.0,99720.0,2024
99,U.S.,21-2021,"Directors, Religious Activities and Education",detailed,21460.0,65040.0,54840.0,33990.0,42210.0,74990.0,106530.0,2024
99,U.S.,21-2099,"Religious Workers, All Other",detailed,12170.0,49830.0,45120.0,29120.0,34700.0,60310.0,75920.0,2024
99,U.S.,23-1011,Lawyers,detailed,747750.0,182760.0,151160.0,72780.0,99760.0,215420.0,,2024
99,U.S.,23-1012,Judicial Law Clerks,detailed,13220.0,69850.0,60400.0,42000.0,49840.0,78060.0,113150.0,2024
99,U.S.,23-1021,"Administrative Law Judges, Adjudicators, and Hearing Officers",detailed,16230.0,122620.0,115230.0,56970.0,76920.0,161290.0,203990.0,2024
99,U.S.,23-1022,"Arbitrators, Mediators, and Conciliators",detailed,7860.0,91170.0,67710.0,46200.0,60030.0,101010.0,133480.0,2024
99,U.S.,23-1023,"Judges, Magistrate Judges, and Magistrates",detailed,25580.0,143110.0,156210.0,46520.0,86060.0,189890.0,216540.0,2024
99,U.S.,23-2011,Paralegals and Legal Assistants,detailed,367220.0,66510.0,61010.0,39710.0,48190.0,78280.0,98990.0,2024
99,U.S.,23-2093,"Title Examiners, Abstractors, and Searchers",detailed,48170.0,59600.0,54980.0,36710.0,45020.0,70290.0,87240.0,2024
99,U.S.,23-2099,"Legal Support Workers, All Other",detailed,47380.0,86220.0,68760.0,41510.0,50960.0,103460.0,176950.0,2024
99,U.S.,25-1011,"Business Teachers, Postsecondary",detailed,81780.0,113840.0,97270.0,46460.0,63040.0,140360.0,210530.0,2024
99,U.S.,25-1021,"Computer Science Teachers, Postsecondary",detailed,36240.0,105830.0,96690.0,48910.0,65200.0,132200.0,172380.0,2024
99,U.S.,25-1022,"Mathematical Science Teachers, Postsecondary",detailed,48820.0,92880.0,79350.0,48150.0,60880.0,106270.0,161020.0,2024
99,U.S.,25-1031,"Architecture Teachers, Postsecondary",detailed,9120.0,110360.0,101480.0,59590.0,78090.0,129310.0,166720.0,2024
99,U.S.,25-1032,"Engineering Teachers, Postsecondary",detailed,39910.0,119340.0,106120.0,59790.0,80060.0,136400.0,200650.0,2024
99,U.S.,25-1041,"Agricultural Sciences Teachers, Postsecondary",detailed,8700.0,97790.0,86350.0,49080.0,63980.0,123290.0,160870.0,2024
99,U.S.,25-1042,"Biological Science Teachers, Postsecondary",detailed,53250.0,101340.0,83460.0,50760.0,64010.0,125310.0,169560.0,2024
99,U.S.,25-1043,"Forestry and Conservation Science Teachers, Postsecondary",detailed,1310.0,103780.0,100830.0,58670.0,81380.0,125080.0,154630.0,2024
99,U.S.,25-1051,"Atmospheric, Earth, Marine, and Space Sciences Teachers, Postsecondary",detailed,11480.0,112950.0,101390.0,53310.0,66620.0,135500.0,199260.0,2024
99,U.S.,25-1052,"Chemistry Teachers, Postsecondary",detailed,20390.0,103030.0,86220.0,52870.0,64980.0,125920.0,171600.0,2024
99,U.S.,25-1053,"Environmental Science Teachers, Postsecondary",detailed,7130.0,100360.0,87710.0,50670.0,64360.0,124680.0,164290.0,2024
99,U.S.,25-1054,"Physics Teachers, Postsecondary",detailed,13590.0,105460.0,97360.0,54880.0,66730.0,130150.0,169740.0,2024
99,U.S.,25-1061,"Anthropology and Archeology Teachers, Postsecondary",detailed,5260.0,102530.0,95770.0,51380.0,67410.0,122870.0,169090.0,2024
99,U.S.,25-1062,"Area, Ethnic, and Cultural Studies Teachers, Postsecondary",detailed,11430.0,97350.0,84290.0,51130.0,64320.0,107810.0,164650.0,2024
99,U.S.,25-1063,"Economics Teachers, Postsecondary",detailed,12420.0,133140.0,119980.0,57550.0,80850.0,166600.0,217160.0,2024
99,U.S.,25-1064,"Geography Teachers, Postsecondary",detailed,3290.0,99020.0,86730.0,49990.0,66400.0,120220.0,164350.0,2024
99,U.S.,25-1065,"Political Science Teachers, Postsecondary",detailed,17170.0,105160.0,94680.0,50490.0,65330.0,127480.0,173380.0,2024
99,U.S.,25-1066,"Psychology Teachers, Postsecondary",detailed,41610.0,93530.0,80330.0,47870.0,62290.0,106640.0,158900.0,2024
99,U.S.,25-1067,"Sociology Teachers, Postsecondary",detailed,12380.0,97270.0,82540.0,49330.0,64130.0,113000.0,167240.0,2024
99,U.S.,25-1069,"Social Sciences Teachers, Postsecondary, All Other",detailed,17540.0,92950.0,75040.0,45280.0,59550.0,105390.0,176350.0,2024
99,U.S.,25-1071,"Health Specialties Teachers, Postsecondary",detailed,229720.0,137900.0,105620.0,51760.0,74400.0,176090.0,,2024
99,U.S.,25-1072,"Nursing Instructors and Teachers, Postsecondary",detailed,74250.0,87090.0,79940.0,47950.0,62210.0,102020.0,130040.0,2024
99,U.S.,25-1081,"Education Teachers, Postsecondary",detailed,59090.0,78500.0,72090.0,38650.0,50630.0,96260.0,126450.0,2024
99,U.S.,25-1082,"Library Science Teachers, Postsecondary",detailed,4100.0,84320.0,78630.0,53590.0,62130.0,97020.0,126200.0,2024
99,U.S.,25-1111,"Criminal Justice and Law Enforcement Teachers, Postsecondary",detailed,13560.0,84820.0,71470.0,45640.0,56100.0,99730.0,143130.0,2024
99,U.S.,25-1112,"Law Teachers, Postsecondary",detailed,22800.0,139950.0,126650.0,58330.0,84540.0,173580.0,,2024
99,U.S.,25-1113,"Social Work Teachers, Postsecondary",detailed,13350.0,81880.0,76210.0,45370.0,57080.0,98570.0,129280.0,2024
99,U.S.,25-1121,"Art, Drama, and Music Teachers, Postsecondary",detailed,97890.0,102240.0,80190.0,47040.0,60730.0,121600.0,194530.0,2024
99,U.S.,25-1122,"Communications Teachers, Postsecondary",detailed,29260.0,90340.0,77800.0,47100.0,60060.0,103230.0,160210.0,2024
99,U.S.,25-1123,"English Language and Literature Teachers, Postsecondary",detailed,59590.0,90400.0,78270.0,47540.0,59780.0,103730.0,154800.0,2024
99,U.S.,25-1124,"Foreign Language and Literature Teachers, Postsecondary",detailed,21170.0,87670.0,77010.0,47090.0,59790.0,101680.0,134960.0,2024
99,U.S.,25-1125,"History Teachers, Postsecondary",detailed,19860.0,93710.0,81500.0,47730.0,62370.0,106770.0,158140.0,2024
99,U.S.,25-1126,"Philosophy and Religion Teachers, Postsecondary",detailed,20840.0,88210.0,78050.0,47550.0,60980.0,101680.0,134910.0,2024
99,U.S.,25-1192,"Family and Consumer Sciences Teachers, Postsecondary",detailed,2630.0,84450.0,77280.0,47580.0,56870.0,99530.0,133180.0,2024
99,U.S.,25-1193,"Recreation and Fitness Studies Teachers, Postsecondary",detailed,12680.0,87980.0,75890.0,44150.0,57290.0,101420.0,158240.0,2024
99,U.S.,25-1194,"Career/Technical Education Teachers, Postsecondary",detailed,111150.0,68710.0,61490.0,38680.0,48030.0,80070.0,106580.0,2024
99,U.S.,25-1199,"Postsecondary Teachers, All Other",detailed,151530.0,94470.0,78490.0,39720.0,55500.0,122510.0,172850.0,2024
99,U.S.,25-2011,"Preschool Teachers, Except Special Education",detailed,445080.0,41450.0,37120.0,28300.0,31250.0,46550.0,60070.0,2024
99,U.S.,25-2012,"Kindergarten Teachers, Except Special Education",detailed,114410.0,67020.0,61430.0,45750.0,50290.0,77720.0,99360.0,2024
99,U.S.,25-2021,"Elementary School Teachers, Except Special Education",detailed,1393310.0,69790.0,62340.0,46440.0,50680.0,79410.0,102010.0,2024
99,U.S.,25-2022,"Middle School Teachers, Except Special and Career/Technical Education",detailed,620370.0,70040.0,62970.0,47050.0,53540.0,79380.0,100980.0,2024
99,U.S.,25-2023,"Career/Technical Education Teachers, Middle School",detailed,14200.0,68690.0,63620.0,47090.0,55920.0,78270.0,98430.0,2024
99,U.S.,25-2031,"Secondary School Teachers, Except Special and Career/Technical Education",detailed,1072540.0,73700.0,64580.0,47330.0,57800.0,83010.0,104670.0,2024
99,U.S.,25-2032,"Career/Technical Education Teachers, Secondary School",detailed,104450.0,70550.0,63910.0,48840.0,58840.0,78650.0,98720.0,2024
99,U.S.,25-2051,"Special Education Teachers, Preschool",detailed,28200.0,72610.0,62190.0,38740.0,49370.0,81330.0,132530.0,2024
99,U.S.,25-2052,"Special Education Teachers, Kindergarten and Elementary School",detailed,231570.0,70150.0,63000.0,47590.0,57050.0,79320.0,100620.0,2024
99,U.S.,25-2057,"Special Education Teachers, Middle School",detailed,95330.0,72310.0,64880.0,48070.0,58590.0,81940.0,102730.0,2024
99,U.S.,25-2058,"Special Education Teachers, Secondary School",detailed,162780.0,74610.0,69590.0,47930.0,58180.0,87140.0,106050.0,2024
99,U.S.,25-2059,"Special Education Teachers, All Other",detailed,39350.0,74180.0,67430.0,43220.0,53470.0,87890.0,109360.0,2024
99,U.S.,25-3011,"Adult Basic Education, Adult Secondary Education, and English as a Second Language Instructors",detailed,36260.0,64660.0,59950.0,39750.0,47950.0,76580.0,95750.0,2024
99,U.S.,25-3021,Self-Enrichment Teachers,detailed,308520.0,53330.0,45590.0,28980.0,35410.0,62180.0,90780.0,2024
99,U.S.,25-3031,"Substitute Teachers, Short-Term",detailed,481300.0,44930.0,38470.0,26240.0,31310.0,51930.0,63460.0,2024
99,U.S.,25-3041,Tutors,detailed,174660.0,47780.0,40090.0,28430.0,33410.0,55380.0,78810.0,2024
99,U.S.,25-3099,"Teachers and Instructors, All Other",detailed,125010.0,71610.0,64690.0,33280.0,46700.0,93180.0,116690.0,2024
99,U.S.,25-4011,Archivists,detailed,7050.0,67620.0,61570.0,39330.0,47890.0,79850.0,104780.0,2024
99,U.S.,25-4012,Curators,detailed,12280.0,70060.0,61770.0,37110.0,47270.0,81350.0,105520.0,2024
99,U.S.,25-4013,Museum Technicians and Conservators,detailed,13070.0,53630.0,47460.0,30720.0,37460.0,62990.0,82790.0,2024
99,U.S.,25-4022,Librarians and Media Collections Specialists,detailed,131830.0,69180.0,64320.0,38920.0,50920.0,80640.0,100880.0,2024
99,U.S.,25-4031,Library Technicians,detailed,73770.0,43050.0,39970.0,27890.0,33510.0,49740.0,60960.0,2024
99,U.S.,25-9021,Farm and Home Management Educators,detailed,10260.0,60470.0,58120.0,36780.0,46010.0,69110.0,85230.0,2024
99,U.S.,25-9031,Instructional Coordinators,detailed,210850.0,77600.0,74720.0,46560.0,59120.0,94780.0,115410.0,2024
99,U.S.,25-9044,"Teaching Assistants, Postsecondary",detailed,155010.0,47560.0,44930.0,28020.0,32640.0,60410.0,73560.0,2024
99,U.S.,25-9045,"Teaching Assistants, Except Postsecondary",detailed,1375300.0,35960.0,35240.0,23710.0,29120.0,40400.0,48140.0,2024
99,U.S.,25-9099,"Educational Instruction and Library Workers, All Other",detailed,114640.0,55700.0,48400.0,24160.0,33280.0,68800.0,95310.0,2024
99,U.S.,27-1011,Art Directors,detailed,50370.0,128100.0,111040.0,61060.0,80130.0,160460.0,211410.0,2024
99,U.S.,27-1012,Craft Artists,detailed,4370.0,45340.0,38480.0,22620.0,31350.0,52070.0,65850.0,2024
99,U.S.,27-1013,"Fine Artists, Including Painters, Sculptors, and Illustrators",detailed,10000.0,76450.0,60560.0,26420.0,39740.0,89630.0,140660.0,2024
99,U.S.,27-1014,Special Effects Artists and Animators,detailed,21280.0,110110.0,99800.0,57220.0,73030.0,135600.0,174630.0,2024
99,U.S.,27-1019,"Artists and Related Workers, All Other",detailed,7370.0,79490.0,72760.0,33720.0,44760.0,112420.0,133180.0,2024
99,U.S.,27-1021,Commercial and Industrial Designers,detailed,30250.0,88000.0,79450.0,49390.0,62040.0,103170.0,134840.0,2024
99,U.S.,27-1022,Fashion Designers,detailed,20910.0,122430.0,80690.0,35970.0,53730.0,107990.0,169620.0,2024
99,U.S.,27-1023,Floral Designers,detailed,40160.0,37700.0,36120.0,27260.0,30200.0,43420.0,48690.0,2024
99,U.S.,27-1024,Graphic Designers,detailed,214260.0,68610.0,61300.0,37600.0,47200.0,79000.0,103030.0,2024
99,U.S.,27-1025,Interior Designers,detailed,69580.0,71430.0,63490.0,38480.0,49770.0,80830.0,106090.0,2024
99,U.S.,27-1026,Merchandise Displayers and Window Trimmers,detailed,192480.0,40540.0,37350.0,30050.0,33580.0,44750.0,53800.0,2024
99,U.S.,27-1027,Set and Exhibit Designers,detailed,10850.0,78450.0,66280.0,35990.0,48920.0,100020.0,129420.0,2024
99,U.S.,27-1029,"Designers, All Other",detailed,9680.0,78000.0,66220.0,36530.0,46850.0,95330.0,131950.0,2024
99,U.S.,27-2011,Actors,detailed,38800.0,,,,,,,2024
99,U.S.,27-2012,Producers and Directors,detailed,145270.0,114280.0,83480.0,43060.0,59810.0,131160.0,198530.0,2024
99,U.S.,27-2021,Athletes and Sports Competitors,detailed,14370.0,259750.0,62360.0,24960.0,36750.0,130770.0,,2024
99,U.S.,27-2022,Coaches and Scouts,detailed,250940.0,58910.0,45920.0,27490.0,33960.0,61930.0,93980.0,2024
99,U.S.,27-2023,"Umpires, Referees, and Other Sports Officials",detailed,15080.0,52800.0,38820.0,25070.0,30920.0,53560.0,93180.0,2024
99,U.S.,27-2031,Dancers,detailed,9060.0,,,,,,,2024
99,U.S.,27-2032,Choreographers,detailed,3430.0,62020.0,55600.0,33080.0,39600.0,71190.0,94090.0,2024
99,U.S.,27-2041,Music Directors and Composers,detailed,12330.0,84230.0,63670.0,34990.0,47330.0,96590.0,157010.0,2024
99,U.S.,27-2042,Musicians and Singers,detailed,38350.0,,,,,,,2024
99,U.S.,27-2091,"Disc Jockeys, Except Radio",detailed,8170.0,,,,,,,2024
99,U.S.,27-2099,"Entertainers and Performers, Sports and Related Workers, All Other",detailed,15040.0,,,,,,,2024
99,U.S.,27-3011,Broadcast Announcers and Radio Disc Jockeys,detailed,23880.0,80110.0,45680.0,26000.0,33280.0,72080.0,131780.0,2024
99,U.S.,27-3023,"News Analysts, Reporters, and Journalists",detailed,41550.0,106030.0,60280.0,34590.0,40420.0,97460.0,162430.0,2024
99,U.S.,27-3031,Public Relations Specialists,detailed,280590.0,80310.0,69780.0,40750.0,51970.0,95940.0,129480.0,2024
99,U.S.,27-3041,Editors,detailed,95480.0,85700.0,75260.0,36200.0,50210.0,101210.0,140840.0,2024
99,U.S.,27-3042,Technical Writers,detailed,55530.0,92330.0,91670.0,54400.0,68640.0,102740.0,130430.0,2024
99,U.S.,27-3043,Writers and Authors,detailed,47800.0,85780.0,72270.0,41080.0,52890.0,98320.0,133680.0,2024
99,U.S.,27-3091,Interpreters and Translators,detailed,53360.0,64950.0,59440.0,35630.0,45020.0,80020.0,99830.0,2024
99,U.S.,27-3092,Court Reporters and Simultaneous Captioners,detailed,12630.0,74630.0,67310.0,39100.0,50210.0,92710.0,127020.0,2024
99,U.S.,27-3099,"Media and Communication Workers, All Other",detailed,23590.0,84870.0,71770.0,38530.0,52690.0,99520.0,148070.0,2024
99,U.S.,27-4011,Audio and Video Technicians,detailed,70080.0,61370.0,54830.0,35290.0,43860.0,73590.0,98190.0,2024
99,U.S.,27-4012,Broadcast Technicians,detailed,21080.0,64220.0,53920.0,29190.0,36900.0,80390.0,115400.0,2024
99,U.S.,27-4014,Sound Engineering Technicians,detailed,13050.0,79280.0,66430.0,36600.0,47680.0,99950.0,134980.0,2024
99,U.S.,27-4015,Lighting Technicians,detailed,10130.0,70000.0,60560.0,36340.0,47100.0,83340.0,117690.0,2024
99,U.S.,27-4021,Photographers,detailed,51230.0,55650.0,42520.0,29610.0,34790.0,62370.0,94760.0,2024
99,U.S.,27-4031,"Camera Operators, Television, Video, and Film",detailed,24460.0,79870.0,68810.0,36240.0,48060.0,102400.0,131420.0,2024
99,U.S.,27-4032,Film and Video Editors,detailed,28860.0,83530.0,70980.0,39170.0,50230.0,101570.0,145900.0,2024
99,U.S.,27-4099,"Media and Communication Equipment Workers, All Other",detailed,13020.0,78350.0,67190.0,35670.0,48490.0,102650.0,133650.0,2024
99,U.S.,29-1011,Chiropractors,detailed,37630.0,91830.0,79000.0,44780.0,59320.0,104000.0,149990.0,2024
99,U.S.,29-1021,"Dentists, General",detailed,113490.0,196100.0,172790.0,83860.0,126090.0,220380.0,,2024
99,U.S.,29-1022,Oral and Maxillofacial Surgeons,detailed,5330.0,360240.0,,82960.0,236780.0,,,2024
99,U.S.,29-1023,Orthodontists,detailed,5150.0,254620.0,,98560.0,137320.0,,,2024
99,U.S.,29-1024,Prosthodontists,detailed,760.0,258660.0,,97370.0,232000.0,,,2024
99,U.S.,29-1029,"Dentists, All Other Specialists",detailed,5900.0,246530.0,225770.0,75360.0,172780.0,,,2024
99,U.S.,29-1031,Dietitians and Nutritionists,detailed,76570.0,74770.0,73850.0,48830.0,61260.0,85200.0,101760.0,2024
99,U.S.,29-1041,Optometrists,detailed,41890.0,140940.0,134830.0,70060.0,103310.0,163710.0,203210.0,2024
99,U.S.,29-1051,Pharmacists,detailed,328870.0,137210.0,137480.0,86930.0,127250.0,158620.0,172040.0,2024
99,U.S.,29-1071,Physician Assistants,detailed,155540.0,136900.0,133260.0,95240.0,113770.0,160160.0,182200.0,2024
99,U.S.,29-1081,Podiatrists,detailed,9520.0,163960.0,152800.0,57500.0,91130.0,217960.0,,2024
99,U.S.,29-1122,Occupational Therapists,detailed,152280.0,98240.0,98340.0,67090.0,80490.0,110460.0,129830.0,2024
99,U.S.,29-1123,Physical Therapists,detailed,248630.0,102400.0,101020.0,74420.0,83470.0,117190.0,132500.0,2024
99,U.S.,29-1124,Radiation Therapists,detailed,18700.0,110820.0,101990.0,77860.0,86520.0,120360.0,141550.0,2024
99,U.S.,29-1125,Recreational Therapists,detailed,15060.0,65350.0,60280.0,39520.0,48230.0,77680.0,96600.0,2024
99,U.S.,29-1126,Respiratory Therapists,detailed,136420.0,84260.0,80450.0,61900.0,68410.0,95530.0,108820.0,2024
99,U.S.,29-1127,Speech-Language Pathologists,detailed,178790.0,95840.0,95410.0,60480.0,75310.0,112510.0,132850.0,2024
99,U.S.,29-1128,Exercise Physiologists,detailed,8110.0,59620.0,58160.0,40930.0,48650.0,65430.0,79830.0,2024
99,U.S.,29-1129,"Therapists, All Other",detailed,19320.0,73800.0,65010.0,38840.0,49510.0,85010.0,120050.0,2024
99,U.S.,29-1131,Veterinarians,detailed,80630.0,140270.0,125510.0,70350.0,98420.0,161610.0,212890.0,2024
99,U.S.,29-1141,Registered Nurses,detailed,3282010.0,98430.0,93600.0,66030.0,78610.0,107960.0,135320.0,2024
99,U.S.,29-1151,Nurse Anesthetists,detailed,50350.0,231700.0,223210.0,137230.0,187110.0,,,2024
99,U.S.,29-1161,Nurse Midwives,detailed,8280.0,128110.0,128790.0,74670.0,104260.0,146520.0,177040.0,2024
99,U.S.,29-1171,Nurse Practitioners,detailed,307390.0,132000.0,129210.0,97960.0,109940.0,149570.0,169950.0,2024
99,U.S.,29-1181,Audiologists,detailed,14730.0,95320.0,92120.0,61930.0,76440.0,109330.0,129830.0,2024
99,U.S.,29-1211,Anesthesiologists,detailed,41890.0,336640.0,,124450.0,186680.0,,,2024
99,U.S.,29-1212,Cardiologists,detailed,18020.0,432490.0,,119970.0,230100.0,,,2024
99,U.S.,29-1213,Dermatologists,detailed,10080.0,347810.0,,118540.0,172510.0,,,2024
99,U.S.,29-1214,Emergency Medicine Physicians,detailed,33680.0,320700.0,,114680.0,181070.0,,,2024
99,U.S.,29-1215,Family Medicine Physicians,detailed,107950.0,256830.0,238380.0,81330.0,167580.0,,,2024
99,U.S.,29-1216,General Internal Medicine Physicians,detailed,66640.0,262710.0,236350.0,70100.0,135240.0,,,2024
99,U.S.,29-1217,Neurologists,detailed,7700.0,286310.0,,83500.0,140970.0,,,2024
99,U.S.,29-1218,Obstetricians and Gynecologists,detailed,19900.0,281130.0,,94750.0,188130.0,,,2024
99,U.S.,29-1221,"Pediatricians, General",detailed,42960.0,222340.0,210130.0,96240.0,159510.0,,,2024
99,U.S.,29-1222,"Physicians, Pathologists",detailed,11800.0,266020.0,,83930.0,165940.0,,,2024
99,U.S.,29-1223,Psychiatrists,detailed,24800.0,269120.0,,77360.0,141290.0,,,2024
99,U.S.,29-1224,Radiologists,detailed,26290.0,359820.0,,82810.0,204330.0,,,2024
99,U.S.,29-1229,"Physicians, All Other",detailed,315360.0,253470.0,,66860.0,95080.0,,,2024
99,U.S.,29-1241,"Ophthalmologists, Except Pediatric",detailed,12110.0,301500.0,,104240.0,181490.0,,,2024
99,U.S.,29-1242,"Orthopedic Surgeons, Except Pediatric",detailed,14160.0,365060.0,,83390.0,209730.0,,,2024
99,U.S.,29-1243,Pediatric Surgeons,detailed,1050.0,450810.0,,189720.0,,,,2024
99,U.S.,29-1249,"Surgeons, All Other",detailed,24080.0,371280.0,,77290.0,139070.0,,,2024
99,U.S.,29-1291,Acupuncturists,detailed,8440.0,89750.0,78140.0,41840.0,54090.0,107120.0,158540.0,2024
99,U.S.,29-1292,Dental Hygienists,detailed,219070.0,93890.0,94260.0,66470.0,80060.0,102920.0,120060.0,2024
99,U.S.,29-1299,"Healthcare Diagnosing or Treating Practitioners, All Other",detailed,30870.0,128680.0,113730.0,65210.0,83350.0,161350.0,194000.0,2024
99,U.S.,29-2010,Clinical Laboratory Technologists and Technicians,detailed,343040.0,65320.0,61890.0,38020.0,46580.0,80010.0,97990.0,2024
99,U.S.,29-2031,Cardiovascular Technologists and Technicians,detailed,61180.0,72890.0,67260.0,37890.0,46470.0,91430.0,108900.0,2024
99,U.S.,29-2032,Diagnostic Medical Sonographers,detailed,86460.0,92550.0,89340.0,64760.0,78080.0,103630.0,123170.0,2024
99,U.S.,29-2033,Nuclear Medicine Technologists,detailed,16960.0,99690.0,97020.0,75570.0,83020.0,108190.0,128090.0,2024
99,U.S.,29-2034,Radiologic Technologists and Technicians,detailed,223460.0,79760.0,77660.0,52360.0,62910.0,93610.0,106990.0,2024
99,U.S.,29-2035,Magnetic Resonance Imaging Technologists,detailed,41530.0,91020.0,88180.0,64910.0,78150.0,102440.0,121420.0,2024
99,U.S.,29-2036,Medical Dosimetrists,detailed,3970.0,141420.0,138110.0,103760.0,125600.0,157840.0,176360.0,2024
99,U.S.,29-2042,Emergency Medical Technicians,detailed,177980.0,44790.0,41340.0,31410.0,36730.0,48160.0,60780.0,2024
99,U.S.,29-2043,Paramedics,detailed,99530.0,60610.0,58410.0,40130.0,47920.0,68420.0,82420.0,2024
99,U.S.,29-2051,Dietetic Technicians,detailed,29950.0,39560.0,37040.0,28280.0,32460.0,44290.0,53440.0,2024
99,U.S.,29-2052,Pharmacy Technicians,detailed,487920.0,44800.0,43460.0,35100.0,36920.0,48580.0,59450.0,2024
99,U.S.,29-2053,Psychiatric Technicians,detailed,136300.0,45000.0,42590.0,32980.0,37170.0,48910.0,60150.0,2024
99,U.S.,29-2055,Surgical Technologists,detailed,113890.0,65810.0,62830.0,43290.0,51740.0,77140.0,90700.0,2024
99,U.S.,29-2056,Veterinary Technologists and Technicians,detailed,131320.0,46280.0,45980.0,32120.0,37390.0,50960.0,60880.0,2024
99,U.S.,29-2057,Ophthalmic Medical Technicians,detailed,76520.0,45360.0,44080.0,34210.0,37100.0,49730.0,60810.0,2024
99,U.S.,29-2061,Licensed Practical and Licensed Vocational Nurses,detailed,632430.0,64150.0,62340.0,47960.0,55220.0,73160.0,80510.0,2024
99,U.S.,29-2072,Medical Records Specialists,detailed,187910.0,55970.0,50250.0,35780.0,41600.0,64070.0,80950.0,2024
99,U.S.,29-2081,"Opticians, Dispensing",detailed,79690.0,49970.0,46560.0,34470.0,37900.0,59680.0,73240.0,2024
99,U.S.,29-2091,Orthotists and Prosthetists,detailed,9930.0,81330.0,78310.0,46220.0,59990.0,98880.0,118730.0,2024
99,U.S.,29-2092,Hearing Aid Specialists,detailed,10580.0,63930.0,61560.0,36950.0,47150.0,78110.0,91000.0,2024
99,U.S.,29-2099,"Health Technologists and Technicians, All Other",detailed,174060.0,56370.0,48790.0,37290.0,40740.0,62280.0,81290.0,2024
99,U.S.,29-9021,Health Information Technologists and Medical Registrars,detailed,37620.0,73410.0,67310.0,39120.0,48400.0,92410.0,112130.0,2024
99,U.S.,29-9091,Athletic Trainers,detailed,28950.0,63960.0,60250.0,45380.0,51590.0,70880.0,84100.0,2024
99,U.S.,29-9092,Genetic Counselors,detailed,3510.0,102890.0,98910.0,78680.0,87060.0,113220.0,137780.0,2024
99,U.S.,29-9093,Surgical Assistants,detailed,22860.0,67190.0,60290.0,39540.0,49140.0,80860.0,102390.0,2024
99,U.S.,29-9099,"Healthcare Practitioners and Technical Workers, All Other",detailed,36970.0,73200.0,64030.0,37220.0,45250.0,91000.0,127340.0,2024
99,U.S.,31-1120,Home Health and Personal Care Aides,detailed,3988140.0,34990.0,34900.0,25600.0,30370.0,37980.0,44190.0,2024
99,U.S.,31-1131,Nursing Assistants,detailed,1388430.0,41270.0,39530.0,31390.0,36260.0,46070.0,50140.0,2024
99,U.S.,31-1132,Orderlies,detailed,53020.0,40070.0,37700.0,31610.0,34850.0,43160.0,49570.0,2024
99,U.S.,31-1133,Psychiatric Aides,detailed,34900.0,43610.0,41590.0,30920.0,35930.0,48770.0,58530.0,2024
99,U.S.,31-2011,Occupational Therapy Assistants,detailed,47910.0,68540.0,68340.0,49070.0,59950.0,77340.0,86930.0,2024
99,U.S.,31-2012,Occupational Therapy Aides,detailed,5000.0,41850.0,37370.0,27970.0,34840.0,44190.0,65580.0,2024
99,U.S.,31-2021,Physical Therapist Assistants,detailed,108010.0,67160.0,65510.0,46020.0,58240.0,77270.0,87630.0,2024
99,U.S.,31-2022,Physical Therapist Aides,detailed,44010.0,35510.0,34520.0,24960.0,29710.0,38240.0,46930.0,2024
99,U.S.,31-9011,Massage Therapists,detailed,96040.0,63430.0,57950.0,33280.0,44870.0,77170.0,97450.0,2024
99,U.S.,31-9091,Dental Assistants,detailed,375430.0,48860.0,47300.0,36190.0,39520.0,56910.0,61780.0,2024
99,U.S.,31-9092,Medical Assistants,detailed,793460.0,44720.0,44200.0,35020.0,37610.0,48160.0,57830.0,2024
99,U.S.,31-9093,Medical Equipment Preparers,detailed,72760.0,48990.0,46490.0,35400.0,38910.0,56160.0,67070.0,2024
99,U.S.,31-9094,Medical Transcriptionists,detailed,43070.0,39210.0,37550.0,26370.0,31200.0,45680.0,53890.0,2024
99,U.S.,31-9095,Pharmacy Aides,detailed,41100.0,40290.0,37000.0,29360.0,34450.0,42570.0,58660.0,2024
99,U.S.,31-9096,Veterinary Assistants and Laboratory Animal Caretakers,detailed,114190.0,38990.0,37320.0,29160.0,34320.0,44550.0,48150.0,2024
99,U.S.,31-9097,Phlebotomists,detailed,138880.0,44390.0,43660.0,34860.0,37540.0,48170.0,57750.0,2024
99,U.S.,31-9099,"Healthcare Support Workers, All Other",detailed,103650.0,48760.0,46050.0,32450.0,37570.0,57650.0,68180.0,2024
99,U.S.,33-1011,First-Line Supervisors of Correctional Officers,detailed,53390.0,82260.0,76310.0,50340.0,56890.0,102190.0,125170.0,2024
99,U.S.,33-1012,First-Line Supervisors of Police and Detectives,detailed,153130.0,110990.0,105980.0,62370.0,80940.0,133520.0,165050.0,2024
99,U.S.,33-1021,First-Line Supervisors of Firefighting and Prevention Workers,detailed,93680.0,97030.0,92430.0,53970.0,72240.0,115990.0,142300.0,2024
99,U.S.,33-1091,First-Line Supervisors of Security Workers,detailed,70310.0,62990.0,58610.0,37800.0,46070.0,74700.0,93930.0,2024
99,U.S.,33-1099,"First-Line Supervisors of Protective Service Workers, All Other",detailed,20460.0,73320.0,74960.0,40750.0,51860.0,90600.0,102360.0,2024
99,U.S.,33-2011,Firefighters,detailed,332240.0,63890.0,59530.0,34490.0,44180.0,77410.0,101330.0,2024
99,U.S.,33-2021,Fire Inspectors and Investigators,detailed,14050.0,87440.0,78060.0,47580.0,60700.0,105390.0,149870.0,2024
99,U.S.,33-2022,Forest Fire Inspectors and Prevention Specialists,detailed,2780.0,61820.0,52380.0,33590.0,41000.0,77780.0,100450.0,2024
99,U.S.,33-3011,Bailiffs,detailed,16910.0,62180.0,57050.0,32950.0,43420.0,77880.0,93950.0,2024
99,U.S.,33-3012,Correctional Officers and Jailers,detailed,365380.0,62760.0,57970.0,41750.0,47520.0,75330.0,93000.0,2024
99,U.S.,33-3021,Detectives and Criminal Investigators,detailed,110790.0,98770.0,93580.0,54160.0,68390.0,120080.0,159410.0,2024
99,U.S.,33-3031,Fish and Game Wardens,detailed,6420.0,67990.0,68180.0,35670.0,53260.0,82100.0,94470.0,2024
99,U.S.,33-3041,Parking Enforcement Workers,detailed,7770.0,51840.0,47150.0,35410.0,39930.0,61210.0,76030.0,2024
99,U.S.,33-3051,Police and Sheriff's Patrol Officers,detailed,666990.0,79320.0,76290.0,47640.0,58980.0,97190.0,115280.0,2024
99,U.S.,33-3052,Transit and Railroad Police,detailed,3000.0,91820.0,82320.0,58370.0,65920.0,114040.0,141870.0,2024
99,U.S.,33-9011,Animal Control Workers,detailed,11790.0,49240.0,45830.0,32880.0,38160.0,57110.0,69990.0,2024
99,U.S.,33-9021,Private Detectives and Investigators,detailed,38700.0,61680.0,52370.0,37250.0,41940.0,75310.0,98770.0,2024
99,U.S.,33-9031,Gambling Surveillance Officers and Gambling Investigators,detailed,10000.0,46710.0,43900.0,34020.0,37410.0,50610.0,62360.0,2024
99,U.S.,33-9032,Security Guards,detailed,1241770.0,42890.0,38370.0,29800.0,35100.0,46660.0,59580.0,2024
99,U.S.,33-9091,Crossing Guards and Flaggers,detailed,90180.0,42910.0,37700.0,29940.0,34280.0,46920.0,61440.0,2024
99,U.S.,33-9092,"Lifeguards, Ski Patrol, and Other Recreational Protective Service Workers",detailed,143590.0,34700.0,33720.0,24860.0,28840.0,37750.0,44600.0,2024
99,U.S.,33-9093,Transportation Security Screeners,detailed,46340.0,61840.0,63360.0,45010.0,52210.0,69990.0,75940.0,2024
99,U.S.,33-9094,School Bus Monitors,detailed,72140.0,35270.0,34980.0,27250.0,31200.0,38840.0,43240.0,2024
99,U.S.,33-9099,"Protective Service Workers, All Other",detailed,83110.0,48210.0,41600.0,30620.0,35540.0,54310.0,72670.0,2024
99,U.S.,35-1011,Chefs and Head Cooks,detailed,182320.0,64720.0,60990.0,36000.0,47710.0,76790.0,96030.0,2024
99,U.S.,35-1012,First-Line Supervisors of Food Preparation and Serving Workers,detailed,1187460.0,44900.0,42010.0,29340.0,35400.0,50920.0,63420.0,2024
99,U.S.,35-2011,"Cooks, Fast Food",detailed,668230.0,31140.0,30160.0,22370.0,26540.0,35710.0,38980.0,2024
99,U.S.,35-2012,"Cooks, Institution and Cafeteria",detailed,448260.0,37310.0,36450.0,26800.0,30530.0,42860.0,48320.0,2024
99,U.S.,35-2013,"Cooks, Private Household",detailed,900.0,51290.0,44530.0,38240.0,42800.0,47150.0,92480.0,2024
99,U.S.,35-2014,"Cooks, Restaurant",detailed,1452130.0,37730.0,36830.0,28010.0,31310.0,43610.0,47340.0,2024
99,U.S.,35-2015,"Cooks, Short Order",detailed,150420.0,35660.0,35620.0,23770.0,30160.0,39990.0,46010.0,2024
99,U.S.,35-2019,"Cooks, All Other",detailed,23590.0,38000.0,36210.0,26430.0,31200.0,42230.0,49600.0,2024
99,U.S.,35-2021,Food Preparation Workers,detailed,888770.0,33940.0,34220.0,23490.0,28740.0,37540.0,44260.0,2024
99,U.S.,35-3011,Bartenders,detailed,745610.0,39880.0,33530.0,19930.0,25790.0,46790.0,71920.0,2024
99,U.S.,35-3023,Fast Food and Counter Workers,detailed,3780930.0,31350.0,30480.0,22620.0,27150.0,35440.0,38800.0,2024
99,U.S.,35-3031,Waiters and Waitresses,detailed,2302690.0,38360.0,33760.0,18500.0,25690.0,45350.0,62510.0,2024
99,U.S.,35-3041,"Food Servers, Nonrestaurant",detailed,271780.0,35030.0,34460.0,26590.0,29800.0,37550.0,44770.0,2024
99,U.S.,35-9011,Dining Room and Cafeteria Attendants and Bartender Helpers,detailed,522010.0,34190.0,32670.0,22260.0,27830.0,36880.0,46380.0,2024
99,U.S.,35-9021,Dishwashers,detailed,471670.0,33220.0,33670.0,23960.0,28740.0,36750.0,41600.0,2024
99,U.S.,35-9031,"Hosts and Hostesses, Restaurant, Lounge, and Coffee Shop",detailed,427150.0,32030.0,30380.0,22010.0,26630.0,35840.0,42600.0,2024
99,U.S.,35-9099,"Food Preparation and Serving Related Workers, All Other",detailed,89580.0,35990.0,34830.0,24040.0,29890.0,38860.0,47360.0,2024
99,U.S.,37-1011,First-Line Supervisors of Housekeeping and Janitorial Workers,detailed,174660.0,51170.0,47520.0,34390.0,38600.0,60330.0,74190.0,2024
99,U.S.,37-1012,"First-Line Supervisors of Landscaping, Lawn Service, and Groundskeeping Workers",detailed,124130.0,59380.0,56170.0,39270.0,46350.0,70320.0,83080.0,2024
99,U.S.,37-2011,"Janitors and Cleaners, Except Maids and Housekeeping Cleaners",detailed,2199900.0,37460.0,35930.0,27570.0,30830.0,41650.0,49040.0,2024
99,U.S.,37-2012,Maids and Housekeeping Cleaners,detailed,854910.0,36180.0,34660.0,26800.0,29630.0,38510.0,47590.0,2024
99,U.S.,37-2019,"Building Cleaning Workers, All Other",detailed,16370.0,44150.0,42360.0,30640.0,35610.0,48400.0,61640.0,2024
99,U.S.,37-2021,Pest Control Workers,detailed,96110.0,45800.0,44730.0,32460.0,37060.0,49300.0,61410.0,2024
99,U.S.,37-3011,Landscaping and Groundskeeping Workers,detailed,943430.0,40880.0,38090.0,29990.0,35250.0,45870.0,53900.0,2024
99,U.S.,37-3012,"Pesticide Handlers, Sprayers, and Applicators, Vegetation",detailed,25200.0,45960.0,45200.0,34590.0,38040.0,50960.0,58910.0,2024
99,U.S.,37-3013,Tree Trimmers and Pruners,detailed,47870.0,54970.0,50430.0,37660.0,43690.0,63130.0,78900.0,2024
99,U.S.,37-3019,"Grounds Maintenance Workers, All Other",detailed,13580.0,47180.0,43410.0,30790.0,37810.0,52830.0,76090.0,2024
99,U.S.,39-1013,First-Line Supervisors of Gambling Services Workers,detailed,25530.0,62600.0,61590.0,38360.0,49190.0,74080.0,82370.0,2024
99,U.S.,39-1014,"First-Line Supervisors of Entertainment and Recreation Workers, Except Gambling Services",detailed,92830.0,51400.0,46900.0,32960.0,37960.0,60190.0,76430.0,2024
99,U.S.,39-1022,First-Line Supervisors of Personal Service Workers,detailed,107060.0,50920.0,47080.0,32150.0,37800.0,59330.0,73800.0,2024
99,U.S.,39-2011,Animal Trainers,detailed,20110.0,45780.0,38750.0,29120.0,32870.0,48900.0,70800.0,2024
99,U.S.,39-2021,Animal Caretakers,detailed,277300.0,34750.0,33470.0,24500.0,28870.0,37160.0,46480.0,2024
99,U.S.,39-3011,Gambling Dealers,detailed,82980.0,40420.0,33280.0,22340.0,24480.0,45430.0,73530.0,2024
99,U.S.,39-3012,Gambling and Sports Book Writers and Runners,detailed,7600.0,32570.0,30460.0,22200.0,24960.0,36310.0,45900.0,2024
99,U.S.,39-3019,"Gambling Service Workers, All Other",detailed,14920.0,37590.0,34530.0,22880.0,27570.0,38950.0,56740.0,2024
99,U.S.,39-3021,Motion Picture Projectionists,detailed,1950.0,50290.0,38180.0,24160.0,29250.0,75380.0,82040.0,2024
99,U.S.,39-3031,"Ushers, Lobby Attendants, and Ticket Takers",detailed,119210.0,31770.0,31150.0,22880.0,27140.0,35650.0,40210.0,2024
99,U.S.,39-3091,Amusement and Recreation Attendants,detailed,371590.0,31350.0,30490.0,21940.0,26430.0,35360.0,39940.0,2024
99,U.S.,39-3092,Costume Attendants,detailed,6290.0,65890.0,54810.0,33610.0,39240.0,83090.0,115240.0,2024
99,U.S.,39-3093,"Locker Room, Coatroom, and Dressing Room Attendants",detailed,14960.0,36490.0,34800.0,23530.0,29120.0,41530.0,50790.0,2024
99,U.S.,39-3099,"Entertainment Attendants and Related Workers, All Other",detailed,8060.0,36180.0,34550.0,22700.0,28180.0,40360.0,52860.0,2024
99,U.S.,39-4011,Embalmers,detailed,3420.0,57520.0,56280.0,35160.0,46160.0,64760.0,78740.0,2024
99,U.S.,39-4012,Crematory Operators,detailed,2950.0,44790.0,42880.0,31970.0,35890.0,49800.0,60260.0,2024
99,U.S.,39-4021,Funeral Attendants,detailed,30560.0,35900.0,34610.0,26820.0,29420.0,39230.0,46690.0,2024
99,U.S.,39-4031,"Morticians, Undertakers, and Funeral Arrangers",detailed,25700.0,56340.0,49800.0,31470.0,38470.0,67140.0,85940.0,2024
99,U.S.,39-5011,Barbers,detailed,18100.0,47800.0,38960.0,27770.0,32050.0,59180.0,78440.0,2024
99,U.S.,39-5012,"Hairdressers, Hairstylists, and Cosmetologists",detailed,295460.0,43460.0,35250.0,24580.0,29060.0,48300.0,70220.0,2024
99,U.S.,39-5091,"Makeup Artists, Theatrical and Performance",detailed,3320.0,75410.0,50280.0,22010.0,28850.0,132530.0,157090.0,2024
99,U.S.,39-5092,Manicurists and Pedicurists,detailed,147820.0,36910.0,34660.0,27910.0,31510.0,37660.0,47990.0,2024
99,U.S.,39-5093,Shampooers,detailed,8890.0,30830.0,31470.0,22880.0,27390.0,35610.0,35970.0,2024
99,U.S.,39-5094,Skincare Specialists,detailed,70240.0,48670.0,41560.0,27160.0,34130.0,55860.0,77330.0,2024
99,U.S.,39-6011,Baggage Porters and Bellhops,detailed,31220.0,36960.0,36020.0,25480.0,29830.0,40780.0,48490.0,2024
99,U.S.,39-6012,Concierges,detailed,44200.0,40770.0,37320.0,30770.0,33860.0,45700.0,58050.0,2024
99,U.S.,39-7010,Tour and Travel Guides,detailed,49010.0,43090.0,36660.0,26890.0,31250.0,45910.0,59930.0,2024
99,U.S.,39-9011,Childcare Workers,detailed,520180.0,33140.0,32050.0,22900.0,28000.0,36960.0,44560.0,2024
99,U.S.,39-9031,Exercise Trainers and Group Fitness Instructors,detailed,303620.0,51360.0,46180.0,27580.0,34090.0,60920.0,82050.0,2024
99,U.S.,39-9032,Recreation Workers,detailed,309640.0,37170.0,35380.0,25640.0,30460.0,41120.0,49460.0,2024
99,U.S.,39-9041,Residential Advisors,detailed,82810.0,41590.0,39180.0,28490.0,33890.0,47590.0,58350.0,2024
99,U.S.,39-9099,"Personal Care and Service Workers, All Other",detailed,62390.0,37990.0,37900.0,24980.0,32450.0,39190.0,49300.0,2024
99,U.S.,41-1011,First-Line Supervisors of Retail Sales Workers,detailed,1113160.0,52350.0,47320.0,31120.0,37580.0,60510.0,76560.0,2024
99,U.S.,41-1012,First-Line Supervisors of Non-Retail Sales Workers,detailed,219010.0,97870.0,84130.0,48880.0,62730.0,118190.0,162120.0,2024
99,U.S.,41-2011,Cashiers,detailed,3148030.0,31810.0,31190.0,23070.0,27780.0,35410.0,38220.0,2024
99,U.S.,41-2012,Gambling Change Persons and Booth Cashiers,detailed,21930.0,36820.0,34810.0,22810.0,28870.0,39350.0,49190.0,2024
99,U.S.,41-2021,Counter and Rental Clerks,detailed,398620.0,43700.0,38540.0,28580.0,34200.0,48290.0,62030.0,2024
99,U.S.,41-2022,Parts Salespersons,detailed,265060.0,42390.0,37440.0,27770.0,30630.0,48410.0,61750.0,2024
99,U.S.,41-2031,Retail Salespersons,detailed,3800250.0,37150.0,34580.0,25600.0,29140.0,37850.0,47930.0,2024
99,U.S.,41-3011,Advertising Sales Agents,detailed,97470.0,76350.0,61460.0,33480.0,44980.0,91430.0,133540.0,2024
99,U.S.,41-3021,Insurance Sales Agents,detailed,469480.0,81510.0,60370.0,36390.0,45520.0,91150.0,135660.0,2024
99,U.S.,41-3031,"Securities, Commodities, and Financial Services Sales Agents",detailed,472300.0,110400.0,78140.0,47080.0,51600.0,129480.0,215210.0,2024
99,U.S.,41-3041,Travel Agents,detailed,59150.0,52690.0,48450.0,33280.0,38760.0,60880.0,74160.0,2024
99,U.S.,41-3091,"Sales Representatives of Services, Except Advertising, Insurance, Financial Services, and Travel",detailed,1189330.0,81260.0,66260.0,36930.0,47120.0,98780.0,142040.0,2024
99,U.S.,41-4011,"Sales Representatives, Wholesale and Manufacturing, Technical and Scientific Products",detailed,293930.0,114520.0,100070.0,48840.0,65640.0,146150.0,194890.0,2024
99,U.S.,41-4012,"Sales Representatives, Wholesale and Manufacturing, Except Technical and Scientific Products",detailed,1266860.0,81470.0,66780.0,37860.0,49040.0,97570.0,134470.0,2024
99,U.S.,41-9011,Demonstrators and Product Promoters,detailed,64770.0,43730.0,37960.0,30910.0,33860.0,50100.0,60320.0,2024
99,U.S.,41-9012,Models,detailed,5350.0,81540.0,89990.0,38010.0,45760.0,89990.0,124380.0,2024
99,U.S.,41-9021,Real Estate Brokers,detailed,49590.0,91660.0,72280.0,36920.0,48200.0,114220.0,166730.0,2024
99,U.S.,41-9022,Real Estate Sales Agents,detailed,190600.0,70970.0,56320.0,31940.0,38940.0,85440.0,125140.0,2024
99,U.S.,41-9031,Sales Engineers,detailed,56690.0,130410.0,121520.0,70580.0,90690.0,159200.0,202670.0,2024
99,U.S.,41-9041,Telemarketers,detailed,66430.0,36340.0,34410.0,24620.0,29120.0,38640.0,48930.0,2024
99,U.S.,41-9091,"Door-to-Door Sales Workers, News and Street Vendors, and Related Workers",detailed,4590.0,39890.0,34530.0,23440.0,31200.0,42970.0,55970.0,2024
99,U.S.,41-9099,"Sales and Related Workers, All Other",detailed,99070.0,57030.0,46370.0,28060.0,35040.0,66240.0,95850.0,2024
99,U.S.,43-1011,First-Line Supervisors of Office and Administrative Support Workers,detailed,1495580.0,71560.0,66140.0,43920.0,53190.0,82340.0,102980.0,2024
99,U.S.,43-2011,"Switchboard Operators, Including Answering Service",detailed,35730.0,42130.0,38370.0,29820.0,34250.0,46330.0,60940.0,2024
99,U.S.,43-2021,Telephone Operators,detailed,3950.0,42880.0,39130.0,31440.0,35860.0,48530.0,57510.0,2024
99,U.S.,43-2099,"Communications Equipment Operators, All Other",detailed,1390.0,55890.0,49910.0,35980.0,44620.0,64310.0,89110.0,2024
99,U.S.,43-3011,Bill and Account Collectors,detailed,165020.0,48370.0,46040.0,33960.0,38290.0,54990.0,65830.0,2024
99,U.S.,43-3021,Billing and Posting Clerks,detailed,417500.0,49490.0,47170.0,35760.0,40260.0,56350.0,64990.0,2024
99,U.S.,43-3031,"Bookkeeping, Accounting, and Auditing Clerks",detailed,1455770.0,52020.0,49210.0,34600.0,41390.0,60220.0,72660.0,2024
99,U.S.,43-3041,Gambling Cage Workers,detailed,13490.0,38600.0,36990.0,27940.0,31870.0,43840.0,49350.0,2024
99,U.S.,43-3051,Payroll and Timekeeping Clerks,detailed,156950.0,56870.0,55290.0,36670.0,45440.0,65750.0,78830.0,2024
99,U.S.,43-3061,Procurement Clerks,detailed,59900.0,50430.0,48510.0,36810.0,41240.0,57680.0,65890.0,2024
99,U.S.,43-3071,Tellers,detailed,339340.0,40940.0,39340.0,31270.0,36420.0,45550.0,48270.0,2024
99,U.S.,43-3099,"Financial Clerks, All Other",detailed,37030.0,55330.0,52150.0,38770.0,46350.0,61190.0,75860.0,2024
99,U.S.,43-4011,Brokerage Clerks,detailed,40090.0,67680.0,62940.0,47730.0,53880.0,77400.0,91650.0,2024
99,U.S.,43-4021,Correspondence Clerks,detailed,6260.0,46610.0,46740.0,33530.0,38510.0,52480.0,62200.0,2024
99,U.S.,43-4031,"Court, Municipal, and License Clerks",detailed,170010.0,51200.0,47700.0,34860.0,39730.0,59590.0,72370.0,2024
99,U.S.,43-4041,"Credit Authorizers, Checkers, and Clerks",detailed,11960.0,51270.0,49130.0,34590.0,40850.0,59530.0,71730.0,2024
99,U.S.,43-4051,Customer Service Representatives,detailed,2725930.0,45380.0,42830.0,30690.0,35970.0,50140.0,62730.0,2024
99,U.S.,43-4061,"Eligibility Interviewers, Government Programs",detailed,156260.0,53970.0,51500.0,37690.0,43850.0,61680.0,72280.0,2024
99,U.S.,43-4071,File Clerks,detailed,78980.0,43700.0,41270.0,29620.0,35120.0,50020.0,61080.0,2024
99,U.S.,43-4081,"Hotel, Motel, and Resort Desk Clerks",detailed,261430.0,34740.0,34270.0,26600.0,29210.0,37430.0,44720.0,2024
99,U.S.,43-4111,"Interviewers, Except Eligibility and Loan",detailed,157310.0,45400.0,43830.0,31980.0,37380.0,50440.0,60960.0,2024
99,U.S.,43-4121,"Library Assistants, Clerical",detailed,80070.0,37910.0,36010.0,25090.0,30190.0,44200.0,52790.0,2024
99,U.S.,43-4131,Loan Interviewers and Clerks,detailed,173100.0,51050.0,48950.0,36360.0,42720.0,59520.0,65910.0,2024
99,U.S.,43-4141,New Accounts Clerks,detailed,38030.0,47610.0,46610.0,36980.0,40050.0,51510.0,60110.0,2024
99,U.S.,43-4151,Order Clerks,detailed,83420.0,46270.0,44660.0,33530.0,38110.0,51890.0,61680.0,2024
99,U.S.,43-4161,"Human Resources Assistants, Except Payroll and Timekeeping",detailed,92580.0,50950.0,49440.0,36090.0,42360.0,58560.0,67140.0,2024
99,U.S.,43-4171,Receptionists and Information Clerks,detailed,964530.0,38480.0,37230.0,28280.0,32660.0,44070.0,48870.0,2024
99,U.S.,43-4181,Reservation and Transportation Ticket Agents and Travel Clerks,detailed,127440.0,47720.0,41460.0,34550.0,37200.0,54930.0,75050.0,2024
99,U.S.,43-4199,"Information and Record Clerks, All Other",detailed,143910.0,50200.0,48360.0,34170.0,39610.0,58680.0,68850.0,2024
99,U.S.,43-5011,Cargo and Freight Agents,detailed,97800.0,55420.0,49900.0,37240.0,43490.0,62230.0,76350.0,2024
99,U.S.,43-5021,Couriers and Messengers,detailed,71920.0,40060.0,38340.0,29880.0,35130.0,44630.0,50590.0,2024
99,U.S.,43-5031,Public Safety Telecommunicators,detailed,101140.0,54800.0,50730.0,35640.0,42140.0,62840.0,78110.0,2024
99,U.S.,43-5032,"Dispatchers, Except Police, Fire, and Ambulance",detailed,211000.0,53150.0,48880.0,34600.0,40240.0,61520.0,76130.0,2024
99,U.S.,43-5041,"Meter Readers, Utilities",detailed,19620.0,55810.0,49180.0,33980.0,39620.0,68030.0,86480.0,2024
99,U.S.,43-5051,Postal Service Clerks,detailed,78060.0,61070.0,61630.0,42600.0,55410.0,74050.0,74050.0,2024
99,U.S.,43-5052,Postal Service Mail Carriers,detailed,336040.0,59880.0,57490.0,42390.0,46030.0,75300.0,76880.0,2024
99,U.S.,43-5053,"Postal Service Mail Sorters, Processors, and Processing Machine Operators",detailed,111930.0,58310.0,56530.0,42600.0,47380.0,72970.0,74050.0,2024
99,U.S.,43-5061,"Production, Planning, and Expediting Clerks",detailed,385000.0,60420.0,57770.0,38570.0,46600.0,71480.0,84810.0,2024
99,U.S.,43-5071,"Shipping, Receiving, and Inventory Clerks",detailed,857630.0,44890.0,43190.0,32900.0,37040.0,49390.0,60300.0,2024
99,U.S.,43-5111,"Weighers, Measurers, Checkers, and Samplers, Recordkeeping",detailed,49720.0,46660.0,45650.0,34580.0,38650.0,53060.0,60120.0,2024
99,U.S.,43-6011,Executive Secretaries and Executive Administrative Assistants,detailed,472770.0,77060.0,74260.0,48300.0,60000.0,90440.0,107710.0,2024
99,U.S.,43-6012,Legal Secretaries and Administrative Assistants,detailed,154540.0,60320.0,54140.0,35530.0,42720.0,72090.0,87660.0,2024
99,U.S.,43-6013,Medical Secretaries and Administrative Assistants,detailed,830760.0,45580.0,44640.0,35050.0,37880.0,49720.0,60050.0,2024
99,U.S.,43-6014,"Secretaries and Administrative Assistants, Except Legal, Medical, and Executive",detailed,1737820.0,47640.0,46290.0,31600.0,37770.0,55650.0,64150.0,2024
99,U.S.,43-9021,Data Entry Keyers,detailed,135280.0,42070.0,39850.0,30100.0,34900.0,47260.0,56930.0,2024
99,U.S.,43-9022,Word Processors and Typists,detailed,36030.0,49730.0,47850.0,35300.0,39740.0,56000.0,64370.0,2024
99,U.S.,43-9031,Desktop Publishers,detailed,4000.0,60250.0,53620.0,34650.0,42680.0,71990.0,92880.0,2024
99,U.S.,43-9041,Insurance Claims and Policy Processing Clerks,detailed,229070.0,51980.0,48450.0,36900.0,41600.0,59500.0,73100.0,2024
99,U.S.,43-9051,"Mail Clerks and Mail Machine Operators, Except Postal Service",detailed,62730.0,40200.0,38150.0,29460.0,34440.0,44940.0,52150.0,2024
99,U.S.,43-9061,"Office Clerks, General",detailed,2510550.0,45470.0,43630.0,29120.0,35350.0,52560.0,63840.0,2024
99,U.S.,43-9071,"Office Machine Operators, Except Computer",detailed,24740.0,41620.0,39020.0,29850.0,34420.0,46680.0,56340.0,2024
99,U.S.,43-9081,Proofreaders and Copy Markers,detailed,5160.0,52730.0,49210.0,33530.0,38590.0,62380.0,78040.0,2024
99,U.S.,43-9111,Statistical Assistants,detailed,5900.0,55470.0,51440.0,38050.0,45970.0,63620.0,79410.0,2024
99,U.S.,43-9199,"Office and Administrative Support Workers, All Other",detailed,195890.0,48700.0,46040.0,30480.0,35390.0,57500.0,71840.0,2024
99,U.S.,45-1011,"First-Line Supervisors of Farming, Fishing, and Forestry Workers",detailed,29530.0,63360.0,59330.0,39610.0,47660.0,76640.0,90840.0,2024
99,U.S.,45-2011,Agricultural Inspectors,detailed,12090.0,55650.0,50990.0,37440.0,42740.0,64960.0,80240.0,2024
99,U.S.,45-2021,Animal Breeders,detailed,1730.0,56150.0,52000.0,37130.0,43310.0,59630.0,89970.0,2024
99,U.S.,45-2041,"Graders and Sorters, Agricultural Products",detailed,26870.0,36080.0,35430.0,30490.0,33550.0,38010.0,43280.0,2024
99,U.S.,45-2091,Agricultural Equipment Operators,detailed,30940.0,43920.0,42580.0,31240.0,36640.0,48690.0,57790.0,2024
99,U.S.,45-2092,"Farmworkers and Laborers, Crop, Nursery, and Greenhouse",detailed,261690.0,37850.0,35690.0,32260.0,34280.0,38950.0,46370.0,2024
99,U.S.,45-2093,"Farmworkers, Farm, Ranch, and Aquacultural Animals",detailed,35420.0,38580.0,36150.0,27110.0,31220.0,44280.0,51840.0,2024
99,U.S.,45-2099,"Agricultural Workers, All Other",detailed,4980.0,45780.0,40390.0,27860.0,33870.0,52730.0,76730.0,2024
99,U.S.,45-4011,Forest and Conservation Workers,detailed,5630.0,42830.0,43680.0,33050.0,36400.0,45200.0,54190.0,2024
99,U.S.,45-4021,Fallers,detailed,4110.0,59120.0,53900.0,35620.0,43670.0,65040.0,84510.0,2024
99,U.S.,45-4022,Logging Equipment Operators,detailed,22520.0,52020.0,49210.0,35050.0,43750.0,60640.0,72280.0,2024
99,U.S.,45-4023,Log Graders and Scalers,detailed,3310.0,48130.0,46710.0,35050.0,38390.0,56200.0,63370.0,2024
99,U.S.,45-4029,"Logging Workers, All Other",detailed,2160.0,53820.0,52000.0,37260.0,42010.0,62000.0,72070.0,2024
99,U.S.,47-1011,First-Line Supervisors of Construction Trades and Extraction Workers,detailed,806080.0,84500.0,78690.0,51290.0,62400.0,100200.0,126690.0,2024
99,U.S.,47-2011,Boilermakers,detailed,10170.0,76900.0,73340.0,48390.0,62230.0,93520.0,107600.0,2024
99,U.S.,47-2021,Brickmasons and Blockmasons,detailed,53520.0,65390.0,60800.0,41330.0,49430.0,77290.0,95560.0,2024
99,U.S.,47-2022,Stonemasons,detailed,8750.0,57220.0,51990.0,37420.0,44820.0,64120.0,83200.0,2024
99,U.S.,47-2031,Carpenters,detailed,697740.0,64040.0,59310.0,38760.0,47550.0,75620.0,98370.0,2024
99,U.S.,47-2041,Carpet Installers,detailed,14980.0,55860.0,49850.0,32830.0,39140.0,65530.0,83200.0,2024
99,U.S.,47-2042,"Floor Layers, Except Carpet, Wood, and Hard Tiles",detailed,24850.0,60550.0,54340.0,37190.0,44760.0,72390.0,97180.0,2024
99,U.S.,47-2043,Floor Sanders and Finishers,detailed,4140.0,50880.0,49150.0,35790.0,41320.0,58230.0,66510.0,2024
99,U.S.,47-2044,Tile and Stone Setters,detailed,38740.0,57590.0,52240.0,36140.0,44540.0,64980.0,82960.0,2024
99,U.S.,47-2051,Cement Masons and Concrete Finishers,detailed,205230.0,59360.0,54660.0,38290.0,46020.0,65840.0,87620.0,2024
99,U.S.,47-2053,Terrazzo Workers and Finishers,detailed,1450.0,62330.0,57260.0,39360.0,46940.0,73490.0,104510.0,2024
99,U.S.,47-2061,Construction Laborers,detailed,1057660.0,51260.0,46730.0,34200.0,38100.0,58910.0,77530.0,2024
99,U.S.,47-2071,"Paving, Surfacing, and Tamping Equipment Operators",detailed,45680.0,58660.0,51650.0,38030.0,44740.0,66060.0,90110.0,2024
99,U.S.,47-2072,Pile Driver Operators,detailed,3040.0,79000.0,70510.0,46690.0,54750.0,103960.0,121990.0,2024
99,U.S.,47-2073,Operating Engineers and Other Construction Equipment Operators,detailed,469270.0,65180.0,58710.0,40080.0,47780.0,75750.0,100690.0,2024
99,U.S.,47-2081,Drywall and Ceiling Tile Installers,detailed,82900.0,62810.0,58140.0,37810.0,46880.0,72660.0,101380.0,2024
99,U.S.,47-2082,Tapers,detailed,12500.0,70390.0,64700.0,43450.0,50780.0,82990.0,106160.0,2024
99,U.S.,47-2111,Electricians,detailed,742580.0,69630.0,62350.0,39430.0,48820.0,81730.0,106030.0,2024
99,U.S.,47-2121,Glaziers,detailed,57000.0,60260.0,55440.0,37710.0,45530.0,68300.0,98780.0,2024
99,U.S.,47-2131,"Insulation Workers, Floor, Ceiling, and Wall",detailed,38610.0,53440.0,48680.0,35950.0,40270.0,60420.0,77160.0,2024
99,U.S.,47-2132,"Insulation Workers, Mechanical",detailed,25640.0,63540.0,57250.0,39450.0,47480.0,75300.0,94110.0,2024
99,U.S.,47-2141,"Painters, Construction and Maintenance",detailed,224180.0,53710.0,48660.0,36680.0,42510.0,60270.0,76550.0,2024
99,U.S.,47-2142,Paperhangers,detailed,1520.0,51900.0,48260.0,35020.0,40930.0,58470.0,69470.0,2024
99,U.S.,47-2151,Pipelayers,detailed,33580.0,54270.0,48710.0,36840.0,42320.0,60980.0,80710.0,2024
99,U.S.,47-2152,"Plumbers, Pipefitters, and Steamfitters",detailed,455940.0,69940.0,62970.0,40670.0,48860.0,81900.0,105150.0,2024
99,U.S.,47-2161,Plasterers and Stucco Masons,detailed,20880.0,61000.0,56020.0,38610.0,46990.0,72210.0,92930.0,2024
99,U.S.,47-2171,Reinforcing Iron and Rebar Workers,detailed,14140.0,62640.0,59280.0,39470.0,47300.0,74190.0,95530.0,2024
99,U.S.,47-2181,Roofers,detailed,136740.0,57090.0,50970.0,37060.0,45300.0,64010.0,80780.0,2024
99,U.S.,47-2211,Sheet Metal Workers,detailed,117470.0,66110.0,60850.0,38030.0,47290.0,79620.0,102680.0,2024
99,U.S.,47-2221,Structural Iron and Steel Workers,detailed,64720.0,69270.0,62700.0,42000.0,49090.0,82780.0,107520.0,2024
99,U.S.,47-2231,Solar Photovoltaic Installers,detailed,28280.0,57380.0,51860.0,39070.0,46040.0,63020.0,80150.0,2024
99,U.S.,47-3011,"Helpers--Brickmasons, Blockmasons, Stonemasons, and Tile and Marble Setters",detailed,15660.0,49730.0,46480.0,35570.0,38600.0,58080.0,68330.0,2024
99,U.S.,47-3012,Helpers--Carpenters,detailed,24610.0,42080.0,41600.0,31540.0,35870.0,46780.0,52380.0,2024
99,U.S.,47-3013,Helpers--Electricians,detailed,64440.0,42900.0,39890.0,31200.0,36400.0,47520.0,56770.0,2024
99,U.S.,47-3014,"Helpers--Painters, Paperhangers, Plasterers, and Stucco Masons",detailed,7220.0,40880.0,38140.0,31360.0,35230.0,45290.0,51720.0,2024
99,U.S.,47-3015,"Helpers--Pipelayers, Plumbers, Pipefitters, and Steamfitters",detailed,43640.0,41720.0,39270.0,31050.0,35750.0,46550.0,54860.0,2024
99,U.S.,47-3016,Helpers--Roofers,detailed,5170.0,42070.0,40590.0,27780.0,34800.0,47570.0,55310.0,2024
99,U.S.,47-3019,"Helpers, Construction Trades, All Other",detailed,25510.0,44040.0,40760.0,31200.0,36400.0,48500.0,59280.0,2024
99,U.S.,47-4011,Construction and Building Inspectors,detailed,137210.0,76430.0,72120.0,46560.0,57300.0,92330.0,112320.0,2024
99,U.S.,47-4021,Elevator and Escalator Installers and Repairers,detailed,23340.0,104860.0,106580.0,54720.0,76700.0,131740.0,149250.0,2024
99,U.S.,47-4031,Fence Erectors,detailed,22640.0,50550.0,46940.0,35090.0,39040.0,57070.0,74660.0,2024
99,U.S.,47-4041,Hazardous Materials Removal Workers,detailed,50570.0,55740.0,48490.0,37330.0,42710.0,62150.0,82480.0,2024
99,U.S.,47-4051,Highway Maintenance Workers,detailed,151750.0,51410.0,49070.0,35030.0,41540.0,59600.0,69210.0,2024
99,U.S.,47-4061,Rail-Track Laying and Maintenance Equipment Operators,detailed,16480.0,68270.0,67370.0,45720.0,51630.0,79330.0,84840.0,2024
99,U.S.,47-4071,Septic Tank Servicers and Sewer Pipe Cleaners,detailed,29050.0,52730.0,49140.0,36500.0,42700.0,60320.0,73670.0,2024
99,U.S.,47-4090,Miscellaneous Construction and Related Workers,detailed,33530.0,52910.0,48120.0,35160.0,39990.0,60960.0,77540.0,2024
99,U.S.,47-5011,"Derrick Operators, Oil and Gas",detailed,11040.0,62490.0,62740.0,42930.0,49440.0,72820.0,84620.0,2024
99,U.S.,47-5012,"Rotary Drill Operators, Oil and Gas",detailed,13090.0,70080.0,65010.0,42750.0,52600.0,81550.0,98510.0,2024
99,U.S.,47-5013,"Service Unit Operators, Oil and Gas",detailed,44120.0,61530.0,57980.0,40010.0,47330.0,70510.0,93820.0,2024
99,U.S.,47-5022,"Excavating and Loading Machine and Dragline Operators, Surface Mining",detailed,34210.0,57860.0,52550.0,39650.0,46290.0,63630.0,80970.0,2024
99,U.S.,47-5023,"Earth Drillers, Except Oil and Gas",detailed,17410.0,63260.0,59600.0,44450.0,49720.0,73530.0,87760.0,2024
99,U.S.,47-5032,"Explosives Workers, Ordnance Handling Experts, and Blasters",detailed,5680.0,66840.0,59110.0,45160.0,49860.0,80050.0,104210.0,2024
99,U.S.,47-5041,Continuous Mining Machine Operators,detailed,14340.0,63920.0,63380.0,41450.0,50850.0,76850.0,84420.0,2024
99,U.S.,47-5043,"Roof Bolters, Mining",detailed,2230.0,74760.0,76640.0,50880.0,67110.0,80230.0,87420.0,2024
99,U.S.,47-5044,"Loading and Moving Machine Operators, Underground Mining",detailed,6130.0,68470.0,68860.0,48310.0,59130.0,76820.0,82900.0,2024
99,U.S.,47-5049,"Underground Mining Machine Operators, All Other",detailed,3480.0,67830.0,67220.0,46930.0,50660.0,80440.0,82750.0,2024
99,U.S.,47-5051,"Rock Splitters, Quarry",detailed,3080.0,50540.0,47460.0,37240.0,39990.0,58290.0,68380.0,2024
99,U.S.,47-5071,"Roustabouts, Oil and Gas",detailed,45330.0,49060.0,47510.0,35650.0,38330.0,57170.0,64010.0,2024
99,U.S.,47-5081,Helpers--Extraction Workers,detailed,6720.0,50330.0,48400.0,35770.0,39980.0,57560.0,68240.0,2024
99,U.S.,47-5099,"Extraction Workers, All Other",detailed,6070.0,54780.0,50110.0,35720.0,39120.0,65350.0,80780.0,2024
99,U.S.,49-1011,"First-Line Supervisors of Mechanics, Installers, and Repairers",detailed,600680.0,82930.0,78300.0,48460.0,61240.0,99630.0,124280.0,2024
99,U.S.,49-2011,"Computer, Automated Teller, and Office Machine Repairers",detailed,73010.0,49820.0,46860.0,35120.0,38290.0,59420.0,69560.0,2024
99,U.S.,49-2021,"Radio, Cellular, and Tower Equipment Installers and Repairers",detailed,11400.0,69180.0,64190.0,42360.0,50610.0,84770.0,102550.0,2024
99,U.S.,49-2022,"Telecommunications Equipment Installers and Repairers, Except Line Installers",detailed,153890.0,66650.0,62630.0,42440.0,50580.0,80040.0,94970.0,2024
99,U.S.,49-2091,Avionics Technicians,detailed,20900.0,82350.0,81390.0,49770.0,65170.0,98990.0,113580.0,2024
99,U.S.,49-2092,"Electric Motor, Power Tool, and Related Repairers",detailed,16570.0,56820.0,53990.0,36310.0,44480.0,66180.0,79230.0,2024
99,U.S.,49-2093,"Electrical and Electronics Installers and Repairers, Transportation Equipment",detailed,7310.0,80980.0,82730.0,49490.0,65750.0,95730.0,106110.0,2024
99,U.S.,49-2094,"Electrical and Electronics Repairers, Commercial and Industrial Equipment",detailed,59990.0,72950.0,71300.0,44980.0,56750.0,85160.0,103060.0,2024
99,U.S.,49-2095,"Electrical and Electronics Repairers, Powerhouse, Substation, and Relay",detailed,23040.0,97460.0,100940.0,60820.0,79930.0,114740.0,127970.0,2024
99,U.S.,49-2096,"Electronic Equipment Installers and Repairers, Motor Vehicles",detailed,10140.0,50240.0,47940.0,31680.0,39970.0,58900.0,70480.0,2024
99,U.S.,49-2097,Audiovisual Equipment Installers and Repairers,detailed,22170.0,55740.0,50620.0,36310.0,43330.0,63250.0,82150.0,2024
99,U.S.,49-2098,Security and Fire Alarm Systems Installers,detailed,81510.0,60040.0,59300.0,38410.0,47330.0,71340.0,81980.0,2024
99,U.S.,49-3011,Aircraft Mechanics and Service Technicians,detailed,136390.0,80780.0,78680.0,47790.0,61920.0,95050.0,120080.0,2024
99,U.S.,49-3021,Automotive Body and Related Repairers,detailed,155220.0,58830.0,51680.0,36390.0,45000.0,64780.0,87040.0,2024
99,U.S.,49-3022,Automotive Glass Installers and Repairers,detailed,18940.0,49580.0,47260.0,35080.0,39990.0,58160.0,67480.0,2024
99,U.S.,49-3023,Automotive Service Technicians and Mechanics,detailed,688840.0,55260.0,49670.0,33660.0,38140.0,65660.0,80850.0,2024
99,U.S.,49-3031,Bus and Truck Mechanics and Diesel Engine Specialists,detailed,287230.0,62480.0,60640.0,41670.0,49240.0,73690.0,85980.0,2024
99,U.S.,49-3041,Farm Equipment Mechanics and Service Technicians,detailed,36880.0,55290.0,52080.0,36920.0,45660.0,63070.0,76860.0,2024
99,U.S.,49-3042,"Mobile Heavy Equipment Mechanics, Except Engines",detailed,180270.0,67580.0,63980.0,45450.0,53500.0,78090.0,92360.0,2024
99,U.S.,49-3043,Rail Car Repairers,detailed,18300.0,67610.0,65680.0,45670.0,51640.0,80150.0,92000.0,2024
99,U.S.,49-3051,Motorboat Mechanics and Service Technicians,detailed,24250.0,56450.0,54950.0,35950.0,45070.0,65120.0,78820.0,2024
99,U.S.,49-3052,Motorcycle Mechanics,detailed,14010.0,49650.0,47200.0,31770.0,38270.0,58880.0,70210.0,2024
99,U.S.,49-3053,Outdoor Power Equipment and Other Small Engine Mechanics,detailed,34240.0,48200.0,46560.0,33600.0,38260.0,56080.0,64540.0,2024
99,U.S.,49-3091,Bicycle Repairers,detailed,12590.0,41550.0,40360.0,30640.0,35880.0,47560.0,52130.0,2024
99,U.S.,49-3092,Recreational Vehicle Service Technicians,detailed,18710.0,55380.0,50540.0,35480.0,43370.0,63300.0,76650.0,2024
99,U.S.,49-3093,Tire Repairers and Changers,detailed,106620.0,39140.0,37120.0,29880.0,33990.0,43810.0,48900.0,2024
99,U.S.,49-9011,Mechanical Door Repairers,detailed,27970.0,54110.0,51050.0,37160.0,44720.0,61350.0,73160.0,2024
99,U.S.,49-9012,"Control and Valve Installers and Repairers, Except Mechanical Door",detailed,46920.0,75970.0,74690.0,43840.0,53060.0,97400.0,109050.0,2024
99,U.S.,49-9021,"Heating, Air Conditioning, and Refrigeration Mechanics and Installers",detailed,396870.0,62690.0,59810.0,39130.0,47850.0,74820.0,91020.0,2024
99,U.S.,49-9031,Home Appliance Repairers,detailed,31940.0,53580.0,49410.0,33280.0,40280.0,61750.0,77800.0,2024
99,U.S.,49-9041,Industrial Machinery Mechanics,detailed,421940.0,67160.0,63760.0,45090.0,52710.0,78070.0,92730.0,2024
99,U.S.,49-9043,"Maintenance Workers, Machinery",detailed,56540.0,61820.0,60500.0,40080.0,48600.0,72260.0,83560.0,2024
99,U.S.,49-9044,Millwrights,detailed,40660.0,68640.0,65170.0,45100.0,55420.0,80580.0,93740.0,2024
99,U.S.,49-9045,"Refractory Materials Repairers, Except Brickmasons",detailed,1100.0,61480.0,58540.0,37050.0,48380.0,73940.0,81440.0,2024
99,U.S.,49-9051,Electrical Power-Line Installers and Repairers,detailed,123680.0,90110.0,92560.0,50020.0,65740.0,107940.0,126610.0,2024
99,U.S.,49-9052,Telecommunications Line Installers and Repairers,detailed,98360.0,72440.0,70500.0,42940.0,50620.0,95520.0,104840.0,2024
99,U.S.,49-9061,Camera and Photographic Equipment Repairers,detailed,2010.0,53420.0,49300.0,36020.0,42590.0,62400.0,76550.0,2024
99,U.S.,49-9062,Medical Equipment Repairers,detailed,60830.0,66810.0,62630.0,39060.0,48100.0,79440.0,99290.0,2024
99,U.S.,49-9063,Musical Instrument Repairers and Tuners,detailed,5730.0,49020.0,45320.0,30130.0,35820.0,56960.0,73430.0,2024
99,U.S.,49-9064,Watch and Clock Repairers,detailed,1300.0,62450.0,60690.0,39920.0,46530.0,77340.0,92570.0,2024
99,U.S.,49-9069,"Precision Instrument and Equipment Repairers, All Other",detailed,9680.0,70420.0,67080.0,44530.0,52090.0,82030.0,100730.0,2024
99,U.S.,49-9071,"Maintenance and Repair Workers, General",detailed,1531700.0,52430.0,48620.0,33860.0,39050.0,61710.0,76110.0,2024
99,U.S.,49-9081,Wind Turbine Service Technicians,detailed,11220.0,67580.0,62580.0,49110.0,58910.0,75640.0,88090.0,2024
99,U.S.,49-9091,"Coin, Vending, and Amusement Machine Servicers and Repairers",detailed,28260.0,48530.0,47350.0,31420.0,38580.0,56290.0,64720.0,2024
99,U.S.,49-9092,Commercial Divers,detailed,3430.0,78110.0,61130.0,39130.0,49370.0,93840.0,152580.0,2024
99,U.S.,49-9094,Locksmiths and Safe Repairers,detailed,15550.0,55200.0,50490.0,34750.0,40650.0,64330.0,79340.0,2024
99,U.S.,49-9095,Manufactured Building and Mobile Home Installers,detailed,2610.0,42620.0,41080.0,30280.0,35290.0,48410.0,57190.0,2024
99,U.S.,49-9096,Riggers,detailed,24190.0,66600.0,62060.0,38930.0,47940.0,79340.0,100480.0,2024
99,U.S.,49-9097,Signal and Track Switch Repairers,detailed,8210.0,84940.0,83600.0,57410.0,75680.0,95620.0,104860.0,2024
99,U.S.,49-9098,"Helpers--Installation, Maintenance, and Repair Workers",detailed,97540.0,40750.0,38860.0,28770.0,33760.0,46600.0,54650.0,2024
99,U.S.,49-9099,"Installation, Maintenance, and Repair Workers, All Other",detailed,183690.0,53270.0,48640.0,35270.0,40700.0,61090.0,77150.0,2024
99,U.S.,51-1011,First-Line Supervisors of Production and Operating Workers,detailed,685140.0,74540.0,71190.0,45790.0,56330.0,86770.0,106960.0,2024
99,U.S.,51-2011,"Aircraft Structure, Surfaces, Rigging, and Systems Assemblers",detailed,32890.0,66510.0,61680.0,46040.0,53180.0,75240.0,94950.0,2024
99,U.S.,51-2021,"Coil Winders, Tapers, and Finishers",detailed,12170.0,48940.0,47260.0,35180.0,39380.0,57800.0,62790.0,2024
99,U.S.,51-2028,"Electrical, Electronic, and Electromechanical Assemblers, Except Coil Winders, Tapers, and Finishers",detailed,261140.0,45930.0,44040.0,34110.0,37450.0,49830.0,61080.0,2024
99,U.S.,51-2031,Engine and Other Machine Assemblers,detailed,38420.0,56040.0,52540.0,37950.0,42790.0,70050.0,74300.0,2024
99,U.S.,51-2041,Structural Metal Fabricators and Fitters,detailed,53380.0,52740.0,49900.0,37370.0,44290.0,59810.0,70510.0,2024
99,U.S.,51-2051,Fiberglass Laminators and Fabricators,detailed,18520.0,47320.0,45760.0,35950.0,39230.0,51530.0,61370.0,2024
99,U.S.,51-2061,Timing Device Assemblers and Adjusters,detailed,230.0,42410.0,40790.0,26240.0,27850.0,58440.0,65580.0,2024
99,U.S.,51-2090,Miscellaneous Assemblers and Fabricators,detailed,1457800.0,44860.0,42210.0,31650.0,36660.0,49410.0,62030.0,2024
99,U.S.,51-3011,Bakers,detailed,231890.0,37670.0,36650.0,27560.0,31470.0,42570.0,48260.0,2024
99,U.S.,51-3021,Butchers and Meat Cutters,detailed,140040.0,41300.0,38960.0,28850.0,34460.0,47200.0,57130.0,2024
99,U.S.,51-3022,"Meat, Poultry, and Fish Cutters and Trimmers",detailed,141090.0,38640.0,37700.0,29200.0,34050.0,43450.0,48680.0,2024
99,U.S.,51-3023,Slaughterers and Meat Packers,detailed,67500.0,40710.0,39790.0,31470.0,35940.0,45930.0,49460.0,2024
99,U.S.,51-3091,"Food and Tobacco Roasting, Baking, and Drying Machine Operators and Tenders",detailed,19500.0,44140.0,42730.0,32390.0,36610.0,48680.0,60070.0,2024
99,U.S.,51-3092,Food Batchmakers,detailed,171660.0,42830.0,40790.0,30850.0,35340.0,49010.0,57800.0,2024
99,U.S.,51-3093,Food Cooking Machine Operators and Tenders,detailed,27660.0,41930.0,40550.0,30540.0,35310.0,47420.0,54170.0,2024
99,U.S.,51-3099,"Food Processing Workers, All Other",detailed,57920.0,39260.0,38420.0,30290.0,35360.0,43020.0,47470.0,2024
99,U.S.,51-4021,"Extruding and Drawing Machine Setters, Operators, and Tenders, Metal and Plastic",detailed,65700.0,48170.0,46980.0,35390.0,39370.0,54360.0,62470.0,2024
99,U.S.,51-4022,"Forging Machine Setters, Operators, and Tenders, Metal and Plastic",detailed,8760.0,50900.0,49240.0,35150.0,41350.0,59270.0,69540.0,2024
99,U.S.,51-4023,"Rolling Machine Setters, Operators, and Tenders, Metal and Plastic",detailed,22350.0,50940.0,48630.0,37090.0,41600.0,57730.0,67500.0,2024
99,U.S.,51-4031,"Cutting, Punching, and Press Machine Setters, Operators, and Tenders, Metal and Plastic",detailed,174430.0,47060.0,45590.0,35000.0,38400.0,52150.0,62650.0,2024
99,U.S.,51-4032,"Drilling and Boring Machine Tool Setters, Operators, and Tenders, Metal and Plastic",detailed,5310.0,50330.0,46630.0,35360.0,41100.0,56820.0,65200.0,2024
99,U.S.,51-4033,"Grinding, Lapping, Polishing, and Buffing Machine Tool Setters, Operators, and Tenders, Metal and Plastic",detailed,70110.0,46600.0,45190.0,34980.0,38420.0,51380.0,61550.0,2024
99,U.S.,51-4034,"Lathe and Turning Machine Tool Setters, Operators, and Tenders, Metal and Plastic",detailed,18970.0,50190.0,48620.0,36200.0,41180.0,58100.0,65450.0,2024
99,U.S.,51-4035,"Milling and Planing Machine Setters, Operators, and Tenders, Metal and Plastic",detailed,13810.0,52940.0,48310.0,36810.0,41650.0,61290.0,75000.0,2024
99,U.S.,51-4041,Machinists,detailed,298790.0,57390.0,56150.0,38100.0,46250.0,64910.0,78760.0,2024
99,U.S.,51-4051,Metal-Refining Furnace Operators and Tenders,detailed,20330.0,57290.0,55770.0,38760.0,46550.0,65070.0,80280.0,2024
99,U.S.,51-4052,"Pourers and Casters, Metal",detailed,5830.0,51320.0,48940.0,37250.0,41410.0,59850.0,68030.0,2024
99,U.S.,51-4061,"Model Makers, Metal and Plastic",detailed,3230.0,65840.0,62700.0,38430.0,48860.0,79470.0,95780.0,2024
99,U.S.,51-4062,"Patternmakers, Metal and Plastic",detailed,1570.0,57930.0,54540.0,39150.0,47520.0,66590.0,79690.0,2024
99,U.S.,51-4071,Foundry Mold and Coremakers,detailed,12720.0,46910.0,45700.0,36220.0,39370.0,51360.0,61390.0,2024
99,U.S.,51-4072,"Molding, Coremaking, and Casting Machine Setters, Operators, and Tenders, Metal and Plastic",detailed,154820.0,44130.0,41230.0,31990.0,36290.0,49100.0,60110.0,2024
99,U.S.,51-4081,"Multiple Machine Tool Setters, Operators, and Tenders, Metal and Plastic",detailed,129850.0,48590.0,46060.0,34130.0,38320.0,56220.0,72850.0,2024
99,U.S.,51-4111,Tool and Die Makers,detailed,55130.0,65100.0,63180.0,44200.0,51200.0,77430.0,87660.0,2024
99,U.S.,51-4121,"Welders, Cutters, Solderers, and Brazers",detailed,424040.0,55100.0,51000.0,38130.0,45580.0,61610.0,75850.0,2024
99,U.S.,51-4122,"Welding, Soldering, and Brazing Machine Setters, Operators, and Tenders",detailed,36290.0,49270.0,47060.0,35780.0,39480.0,55870.0,66190.0,2024
99,U.S.,51-4191,"Heat Treating Equipment Setters, Operators, and Tenders, Metal and Plastic",detailed,14590.0,49030.0,47450.0,35260.0,39900.0,56330.0,64290.0,2024
99,U.S.,51-4192,"Layout Workers, Metal and Plastic",detailed,5610.0,65770.0,61870.0,40430.0,51810.0,76980.0,93230.0,2024
99,U.S.,51-4193,"Plating Machine Setters, Operators, and Tenders, Metal and Plastic",detailed,31510.0,43820.0,41600.0,31940.0,36620.0,48990.0,58320.0,2024
99,U.S.,51-4194,"Tool Grinders, Filers, and Sharpeners",detailed,5730.0,51790.0,48970.0,33770.0,39520.0,60210.0,74120.0,2024
99,U.S.,51-4199,"Metal Workers and Plastic Workers, All Other",detailed,20270.0,45850.0,42750.0,33850.0,36890.0,49930.0,62800.0,2024
99,U.S.,51-5111,Prepress Technicians and Workers,detailed,23070.0,49130.0,47300.0,34270.0,39000.0,57530.0,65530.0,2024
99,U.S.,51-5112,Printing Press Operators,detailed,145110.0,46620.0,45160.0,31450.0,36970.0,54340.0,63060.0,2024
99,U.S.,51-5113,Print Binding and Finishing Workers,detailed,36470.0,43040.0,39820.0,31110.0,36070.0,48240.0,57980.0,2024
99,U.S.,51-6011,Laundry and Dry-Cleaning Workers,detailed,195360.0,33990.0,33800.0,26270.0,29530.0,36760.0,42370.0,2024
99,U.S.,51-6021,"Pressers, Textile, Garment, and Related Materials",detailed,26830.0,33370.0,33880.0,24960.0,29060.0,36830.0,41410.0,2024
99,U.S.,51-6031,Sewing Machine Operators,detailed,109590.0,36680.0,36000.0,26860.0,31200.0,40810.0,47060.0,2024
99,U.S.,51-6041,Shoe and Leather Workers and Repairers,detailed,7640.0,36280.0,35950.0,25170.0,29400.0,41400.0,48090.0,2024
99,U.S.,51-6042,Shoe Machine Operators and Tenders,detailed,3270.0,37230.0,38160.0,24160.0,30450.0,43390.0,47860.0,2024
99,U.S.,51-6051,"Sewers, Hand",detailed,2240.0,34810.0,33760.0,25530.0,29210.0,38180.0,46320.0,2024
99,U.S.,51-6052,"Tailors, Dressmakers, and Custom Sewers",detailed,16290.0,44050.0,40860.0,27110.0,33480.0,49780.0,62490.0,2024
99,U.S.,51-6061,Textile Bleaching and Dyeing Machine Operators and Tenders,detailed,5820.0,39000.0,37320.0,28990.0,32350.0,43230.0,47660.0,2024
99,U.S.,51-6062,"Textile Cutting Machine Setters, Operators, and Tenders",detailed,8960.0,38500.0,37940.0,27230.0,32380.0,43710.0,49080.0,2024
99,U.S.,51-6063,"Textile Knitting and Weaving Machine Setters, Operators, and Tenders",detailed,14530.0,39470.0,38260.0,29640.0,34530.0,44180.0,48070.0,2024
99,U.S.,51-6064,"Textile Winding, Twisting, and Drawing Out Machine Setters, Operators, and Tenders",detailed,20600.0,38440.0,37660.0,30380.0,35270.0,40970.0,46940.0,2024
99,U.S.,51-6091,"Extruding and Forming Machine Setters, Operators, and Tenders, Synthetic and Glass Fibers",detailed,14900.0,47420.0,44980.0,35590.0,38990.0,54690.0,63650.0,2024
99,U.S.,51-6092,Fabric and Apparel Patternmakers,detailed,2860.0,71630.0,67670.0,34590.0,44110.0,91080.0,112540.0,2024
99,U.S.,51-6093,Upholsterers,detailed,20990.0,46960.0,46190.0,32190.0,37200.0,51740.0,63600.0,2024
99,U.S.,51-6099,"Textile, Apparel, and Furnishings Workers, All Other",detailed,14450.0,40410.0,37010.0,30290.0,32850.0,44810.0,53710.0,2024
99,U.S.,51-7011,Cabinetmakers and Bench Carpenters,detailed,79540.0,47460.0,46020.0,34700.0,38240.0,54010.0,63220.0,2024
99,U.S.,51-7021,Furniture Finishers,detailed,14230.0,44310.0,42530.0,31200.0,36770.0,49020.0,59820.0,2024
99,U.S.,51-7031,"Model Makers, Wood",detailed,360.0,59780.0,51850.0,24710.0,40420.0,80380.0,95850.0,2024
99,U.S.,51-7032,"Patternmakers, Wood",detailed,180.0,57920.0,52520.0,40730.0,45450.0,77410.0,83330.0,2024
99,U.S.,51-7041,"Sawing Machine Setters, Operators, and Tenders, Wood",detailed,43140.0,42390.0,39950.0,29670.0,35550.0,47770.0,56560.0,2024
99,U.S.,51-7042,"Woodworking Machine Setters, Operators, and Tenders, Except Sawing",detailed,63350.0,42290.0,40440.0,30920.0,36260.0,47650.0,54340.0,2024
99,U.S.,51-7099,"Woodworkers, All Other",detailed,6590.0,43730.0,41220.0,30470.0,35890.0,48820.0,60870.0,2024
99,U.S.,51-8011,Nuclear Power Reactor Operators,detailed,5720.0,122830.0,122610.0,99300.0,107170.0,131520.0,152690.0,2024
99,U.S.,51-8012,Power Distributors and Dispatchers,detailed,9180.0,109620.0,107240.0,70760.0,91670.0,128690.0,144900.0,2024
99,U.S.,51-8013,Power Plant Operators,detailed,30720.0,95990.0,99670.0,59930.0,77400.0,111980.0,128760.0,2024
99,U.S.,51-8021,Stationary Engineers and Boiler Operators,detailed,30780.0,79710.0,75190.0,47310.0,60110.0,96420.0,121200.0,2024
99,U.S.,51-8031,Water and Wastewater Treatment Plant and System Operators,detailed,126750.0,60620.0,58260.0,37870.0,47020.0,71280.0,86160.0,2024
99,U.S.,51-8091,Chemical Plant and System Operators,detailed,17840.0,76290.0,73540.0,48000.0,57080.0,98050.0,107790.0,2024
99,U.S.,51-8092,Gas Plant Operators,detailed,15910.0,85470.0,83400.0,59040.0,73150.0,100000.0,109350.0,2024
99,U.S.,51-8093,"Petroleum Pump System Operators, Refinery Operators, and Gaugers",detailed,34860.0,90970.0,97540.0,59790.0,77970.0,104660.0,112920.0,2024
99,U.S.,51-8099,"Plant and System Operators, All Other",detailed,15950.0,64490.0,61710.0,40250.0,47860.0,76910.0,92750.0,2024
99,U.S.,51-9011,Chemical Equipment Operators and Tenders,detailed,127410.0,59800.0,57090.0,37270.0,45660.0,71400.0,88460.0,2024
99,U.S.,51-9012,"Separating, Filtering, Clarifying, Precipitating, and Still Machine Setters, Operators, and Tenders",detailed,54200.0,53830.0,49500.0,35810.0,41830.0,61350.0,75860.0,2024
99,U.S.,51-9021,"Crushing, Grinding, and Polishing Machine Setters, Operators, and Tenders",detailed,28550.0,49400.0,46890.0,35380.0,38990.0,58440.0,65980.0,2024
99,U.S.,51-9022,"Grinding and Polishing Workers, Hand",detailed,11850.0,43550.0,41690.0,32120.0,36660.0,48410.0,57250.0,2024
99,U.S.,51-9023,"Mixing and Blending Machine Setters, Operators, and Tenders",detailed,100840.0,49990.0,47680.0,35000.0,39800.0,57940.0,67570.0,2024
99,U.S.,51-9031,"Cutters and Trimmers, Hand",detailed,7070.0,41960.0,38800.0,29910.0,33860.0,48790.0,57820.0,2024
99,U.S.,51-9032,"Cutting and Slicing Machine Setters, Operators, and Tenders",detailed,47540.0,46420.0,45700.0,34890.0,38540.0,52000.0,60430.0,2024
99,U.S.,51-9041,"Extruding, Forming, Pressing, and Compacting Machine Setters, Operators, and Tenders",detailed,57310.0,47040.0,45130.0,34790.0,38410.0,51970.0,64660.0,2024
99,U.S.,51-9051,"Furnace, Kiln, Oven, Drier, and Kettle Operators and Tenders",detailed,16160.0,49250.0,47010.0,35010.0,39250.0,57840.0,66190.0,2024
99,U.S.,51-9061,"Inspectors, Testers, Sorters, Samplers, and Weighers",detailed,591180.0,51670.0,47460.0,34590.0,38740.0,59970.0,75510.0,2024
99,U.S.,51-9071,Jewelers and Precious Stone and Metal Workers,detailed,23420.0,55030.0,49140.0,33890.0,38030.0,63210.0,81610.0,2024
99,U.S.,51-9081,Dental Laboratory Technicians,detailed,33920.0,54060.0,48310.0,36100.0,39250.0,62320.0,78680.0,2024
99,U.S.,51-9082,Medical Appliance Technicians,detailed,11490.0,51410.0,47060.0,36560.0,40300.0,58710.0,74570.0,2024
99,U.S.,51-9083,Ophthalmic Laboratory Technicians,detailed,18740.0,41760.0,38420.0,31250.0,35580.0,45410.0,55480.0,2024
99,U.S.,51-9111,Packaging and Filling Machine Operators and Tenders,detailed,383860.0,43630.0,40900.0,31890.0,36250.0,48440.0,58910.0,2024
99,U.S.,51-9123,"Painting, Coating, and Decorating Workers",detailed,8470.0,44130.0,40860.0,28490.0,34540.0,50700.0,62770.0,2024
99,U.S.,51-9124,"Coating, Painting, and Spraying Machine Setters, Operators, and Tenders",detailed,159500.0,51610.0,47590.0,35480.0,39470.0,58740.0,72800.0,2024
99,U.S.,51-9141,Semiconductor Processing Technicians,detailed,32150.0,59640.0,51180.0,35980.0,45320.0,74640.0,87190.0,2024
99,U.S.,51-9151,Photographic Process Workers and Processing Machine Operators,detailed,5550.0,46050.0,40100.0,30840.0,34460.0,51590.0,69290.0,2024
99,U.S.,51-9161,Computer Numerically Controlled Tool Operators,detailed,176950.0,52900.0,49970.0,37160.0,42710.0,60980.0,71160.0,2024
99,U.S.,51-9162,Computer Numerically Controlled Tool Programmers,detailed,28230.0,69880.0,65670.0,45760.0,55960.0,80300.0,97930.0,2024
99,U.S.,51-9191,Adhesive Bonding Machine Operators and Tenders,detailed,12170.0,45670.0,45210.0,31290.0,36420.0,52060.0,60420.0,2024
99,U.S.,51-9192,"Cleaning, Washing, and Metal Pickling Equipment Operators and Tenders",detailed,13890.0,43380.0,41460.0,32770.0,37140.0,48280.0,56590.0,2024
99,U.S.,51-9193,Cooling and Freezing Equipment Operators and Tenders,detailed,6590.0,44290.0,40160.0,33710.0,36150.0,49150.0,62760.0,2024
99,U.S.,51-9194,Etchers and Engravers,detailed,8390.0,43280.0,40450.0,29530.0,35650.0,48510.0,60430.0,2024
99,U.S.,51-9195,"Molders, Shapers, and Casters, Except Metal and Plastic",detailed,34750.0,46730.0,45690.0,34950.0,38500.0,51340.0,61050.0,2024
99,U.S.,51-9196,"Paper Goods Machine Setters, Operators, and Tenders",detailed,96950.0,51750.0,49390.0,36610.0,43520.0,59220.0,68640.0,2024
99,U.S.,51-9197,Tire Builders,detailed,20970.0,56230.0,55580.0,39990.0,48740.0,65410.0,70250.0,2024
99,U.S.,51-9198,Helpers--Production Workers,detailed,167490.0,40080.0,38220.0,30060.0,34390.0,44980.0,52120.0,2024
99,U.S.,51-9199,"Production Workers, All Other",detailed,277060.0,42940.0,38820.0,30370.0,35080.0,47550.0,59600.0,2024
99,U.S.,53-1041,Aircraft Cargo Handling Supervisors,detailed,10160.0,66190.0,63940.0,38010.0,49020.0,79600.0,96300.0,2024
99,U.S.,53-1047,"First-Line Supervisors of Transportation and Material Moving Workers, Except Aircraft Cargo Handling Supervisors",detailed,605510.0,65670.0,61890.0,41290.0,48750.0,77520.0,94830.0,2024
99,U.S.,53-2011,"Airline Pilots, Copilots, and Flight Engineers",detailed,99300.0,280570.0,226600.0,98560.0,154360.0,,,2024
99,U.S.,53-2012,Commercial Pilots,detailed,51830.0,142960.0,122670.0,59330.0,81660.0,175050.0,,2024
99,U.S.,53-2021,Air Traffic Controllers,detailed,22400.0,142740.0,144580.0,76090.0,101150.0,186510.0,210410.0,2024
99,U.S.,53-2022,Airfield Operations Specialists,detailed,16640.0,67120.0,56750.0,35200.0,41220.0,78320.0,111030.0,2024
99,U.S.,53-2031,Flight Attendants,detailed,130110.0,78950.0,67130.0,34030.0,52280.0,98160.0,138040.0,2024
99,U.S.,53-3011,"Ambulance Drivers and Attendants, Except Emergency Medical Technicians",detailed,12080.0,35550.0,34330.0,25460.0,29580.0,38000.0,46630.0,2024
99,U.S.,53-3031,Driver/Sales Workers,detailed,417420.0,39670.0,37130.0,21760.0,29120.0,47590.0,59730.0,2024
99,U.S.,53-3032,Heavy and Tractor-Trailer Truck Drivers,detailed,2070480.0,58400.0,57440.0,38640.0,47230.0,65520.0,78800.0,2024
99,U.S.,53-3033,Light Truck Drivers,detailed,994410.0,47950.0,44140.0,29580.0,36670.0,52460.0,79630.0,2024
99,U.S.,53-3051,"Bus Drivers, School",detailed,387920.0,46660.0,47040.0,27680.0,37490.0,56140.0,63810.0,2024
99,U.S.,53-3052,"Bus Drivers, Transit and Intercity",detailed,148980.0,58390.0,57440.0,38250.0,46050.0,69090.0,82640.0,2024
99,U.S.,53-3053,Shuttle Drivers and Chauffeurs,detailed,229630.0,39070.0,36670.0,27490.0,31460.0,44510.0,52910.0,2024
99,U.S.,53-3054,Taxi Drivers,detailed,17510.0,39310.0,36220.0,27280.0,31320.0,40630.0,61920.0,2024
99,U.S.,53-3099,"Motor Vehicle Operators, All Other",detailed,50330.0,40980.0,36260.0,25690.0,30250.0,47130.0,64940.0,2024
99,U.S.,53-4011,Locomotive Engineers,detailed,31990.0,81540.0,77400.0,60980.0,73410.0,84230.0,100690.0,2024
99,U.S.,53-4013,"Rail Yard Engineers, Dinkey Operators, and Hostlers",detailed,3300.0,60810.0,58030.0,44510.0,51770.0,65530.0,79070.0,2024
99,U.S.,53-4022,"Railroad Brake, Signal, and Switch Operators and Locomotive Firers",detailed,12460.0,63170.0,65480.0,43750.0,51730.0,70130.0,80840.0,2024
99,U.S.,53-4031,Railroad Conductors and Yardmasters,detailed,42710.0,75490.0,74080.0,53490.0,63480.0,82060.0,103350.0,2024
99,U.S.,53-4041,Subway and Streetcar Operators,detailed,9200.0,75620.0,84830.0,52260.0,59500.0,87940.0,87940.0,2024
99,U.S.,53-4099,"Rail Transportation Workers, All Other",detailed,1520.0,53500.0,49330.0,34690.0,40460.0,64710.0,82620.0,2024
99,U.S.,53-5011,Sailors and Marine Oilers,detailed,31360.0,55320.0,49610.0,33350.0,38450.0,65370.0,81890.0,2024
99,U.S.,53-5021,"Captains, Mates, and Pilots of Water Vessels",detailed,35390.0,97660.0,85540.0,46260.0,60800.0,124530.0,164230.0,2024
99,U.S.,53-5022,Motorboat Operators,detailed,2380.0,55370.0,51880.0,31970.0,39860.0,68490.0,82330.0,2024
99,U.S.,53-5031,Ship Engineers,detailed,8580.0,105600.0,101320.0,56620.0,71720.0,130380.0,162370.0,2024
99,U.S.,53-6011,Bridge and Lock Tenders,detailed,2720.0,56520.0,58490.0,32690.0,43700.0,69530.0,74400.0,2024
99,U.S.,53-6021,Parking Attendants,detailed,134650.0,34190.0,34600.0,24960.0,29590.0,37230.0,43840.0,2024
99,U.S.,53-6031,Automotive and Watercraft Service Attendants,detailed,98270.0,35800.0,34850.0,27870.0,30600.0,38430.0,45240.0,2024
99,U.S.,53-6032,Aircraft Service Attendants,detailed,27310.0,43630.0,41540.0,34320.0,37320.0,47390.0,55950.0,2024
99,U.S.,53-6041,Traffic Technicians,detailed,7580.0,61310.0,58480.0,38060.0,46690.0,74480.0,85810.0,2024
99,U.S.,53-6051,Transportation Inspectors,detailed,23320.0,86490.0,85750.0,40090.0,58650.0,105020.0,137120.0,2024
99,U.S.,53-6061,Passenger Attendants,detailed,25340.0,38480.0,37560.0,29120.0,32090.0,41180.0,49510.0,2024
99,U.S.,53-6099,"Transportation Workers, All Other",detailed,10960.0,45040.0,39630.0,27780.0,32630.0,53350.0,65810.0,2024
99,U.S.,53-7011,Conveyor Operators and Tenders,detailed,26060.0,44800.0,41230.0,34940.0,37500.0,48640.0,60390.0,2024
99,U.S.,53-7021,Crane and Tower Operators,detailed,42000.0,71560.0,66370.0,41670.0,50970.0,81630.0,102400.0,2024
99,U.S.,53-7031,Dredge Operators,detailed,1030.0,55820.0,48430.0,42060.0,46120.0,60300.0,75050.0,2024
99,U.S.,53-7041,Hoist and Winch Operators,detailed,2480.0,64070.0,52310.0,33910.0,39220.0,90200.0,116120.0,2024
99,U.S.,53-7051,Industrial Truck and Tractor Operators,detailed,805770.0,47830.0,46390.0,36500.0,39780.0,53680.0,61540.0,2024
99,U.S.,53-7061,Cleaners of Vehicles and Equipment,detailed,373960.0,36290.0,35270.0,26740.0,29790.0,39630.0,47150.0,2024
99,U.S.,53-7062,"Laborers and Freight, Stock, and Material Movers, Hand",detailed,2982530.0,41420.0,38940.0,30810.0,35410.0,46370.0,53180.0,2024
99,U.S.,53-7063,Machine Feeders and Offbearers,detailed,46690.0,42840.0,39700.0,31480.0,36020.0,48220.0,57010.0,2024
99,U.S.,53-7064,"Packers and Packagers, Hand",detailed,601440.0,36600.0,35580.0,27050.0,31470.0,40960.0,46260.0,2024
99,U.S.,53-7065,Stockers and Order Fillers,detailed,2779530.0,38910.0,37090.0,29850.0,33710.0,43140.0,49200.0,2024
99,U.S.,53-7071,Gas Compressor and Gas Pumping Station Operators,detailed,5110.0,71750.0,71510.0,43950.0,57520.0,88090.0,98350.0,2024
99,U.S.,53-7072,"Pump Operators, Except Wellhead Pumpers",detailed,12600.0,61950.0,60020.0,37850.0,47270.0,75160.0,89660.0,2024
99,U.S.,53-7073,Wellhead Pumpers,detailed,17350.0,70070.0,70010.0,39110.0,54450.0,80720.0,97470.0,2024
99,U.S.,53-7081,Refuse and Recyclable Material Collectors,detailed,139180.0,51210.0,48350.0,31810.0,38330.0,61010.0,75200.0,2024
99,U.S.,53-7121,"Tank Car, Truck, and Ship Loaders",detailed,10920.0,60010.0,58070.0,38260.0,47260.0,71230.0,88120.0,2024
99,U.S.,53-7199,"Material Moving Workers, All Other",detailed,25190.0,46650.0,41690.0,33280.0,35470.0,50850.0,64850.0,2024
